log_marginal,κ,λ,estimate
195.48925536450488,0.2,0.01,AIS
195.53491673659408,0.2,0.01,AIS
195.5985152213213,0.2,0.01,AIS
195.53155892939037,0.2,0.01,AIS
195.54415996185983,0.2,0.01,AIS
195.5949331605147,0.2,0.01,AIS
195.47976519199736,0.2,0.01,AIS
195.5631745338884,0.2,0.01,AIS
195.5468948122403,0.2,0.01,AIS
195.56651894738678,0.2,0.01,AIS
195.58384762595924,0.2,0.01,AIS
195.50279320242169,0.2,0.01,AIS
195.46822014245464,0.2,0.01,AIS
195.64470437820688,0.2,0.01,AIS
195.5611057060599,0.2,0.01,AIS
195.56576853684703,0.2,0.01,AIS
195.57231533600685,0.2,0.01,AIS
195.6251325084983,0.2,0.01,AIS
195.65175440535447,0.2,0.01,AIS
195.54101388832908,0.2,0.01,AIS
195.5778417452372,0.2,0.01,AIS
195.65782412914686,0.2,0.01,AIS
195.5560807855742,0.2,0.01,AIS
195.5767834171417,0.2,0.01,AIS
195.61648704370884,0.2,0.01,AIS
195.56098325377175,0.2,0.01,AIS
195.57695215419508,0.2,0.01,AIS
195.5232057412164,0.2,0.01,AIS
195.62966414457617,0.2,0.01,AIS
195.49405334699568,0.2,0.01,AIS
195.62222021382343,0.2,0.01,AIS
195.5955292084533,0.2,0.01,AIS
195.5458488696279,0.2,0.01,AIS
195.6198440786325,0.2,0.01,AIS
195.5473508462848,0.2,0.01,AIS
195.51842739705128,0.2,0.01,AIS
195.5100275606477,0.2,0.01,AIS
195.43309726443908,0.2,0.01,AIS
195.53359729351976,0.2,0.01,AIS
195.5454208308742,0.2,0.01,AIS
195.49477523842447,0.2,0.01,AIS
195.57477772938188,0.2,0.01,AIS
195.55579153854015,0.2,0.01,AIS
195.553166195052,0.2,0.01,AIS
195.56745212571468,0.2,0.01,AIS
195.54257740134344,0.2,0.01,AIS
195.5530919565323,0.2,0.01,AIS
195.5483543260655,0.2,0.01,AIS
195.61030340195558,0.2,0.01,AIS
195.58918674701735,0.2,0.01,AIS
195.58887144001878,0.2,0.01,AIS
195.5570934612349,0.2,0.01,AIS
195.5753635062566,0.2,0.01,AIS
195.55876961086253,0.2,0.01,AIS
195.5914717797344,0.2,0.01,AIS
195.68302408324777,0.2,0.01,AIS
195.51080712635718,0.2,0.01,AIS
195.6013562703965,0.2,0.01,AIS
195.5863840088106,0.2,0.01,AIS
195.52257251820035,0.2,0.01,AIS
195.54288077409836,0.2,0.01,AIS
195.54130725693906,0.2,0.01,AIS
195.69259021873899,0.2,0.01,AIS
195.5969425783191,0.2,0.01,AIS
195.56709719863775,0.2,0.01,AIS
195.57163390296313,0.2,0.01,AIS
195.5645419694562,0.2,0.01,AIS
195.59762933012806,0.2,0.01,AIS
195.54711269554036,0.2,0.01,AIS
195.61280823191802,0.2,0.01,AIS
195.5898964032517,0.2,0.01,AIS
195.54327736241584,0.2,0.01,AIS
195.58166995150586,0.2,0.01,AIS
195.6360045137896,0.2,0.01,AIS
195.480717417716,0.2,0.01,AIS
195.54708661109098,0.2,0.01,AIS
195.55952624060166,0.2,0.01,AIS
195.53478661306823,0.2,0.01,AIS
195.4896072736325,0.2,0.01,AIS
195.57962540692245,0.2,0.01,AIS
195.59760267790298,0.2,0.01,AIS
195.62275850650371,0.2,0.01,AIS
195.5757062280121,0.2,0.01,AIS
195.56142707650017,0.2,0.01,AIS
195.54003550666903,0.2,0.01,AIS
195.55031659147593,0.2,0.01,AIS
195.58207339390842,0.2,0.01,AIS
195.57096050906563,0.2,0.01,AIS
195.52986720730533,0.2,0.01,AIS
195.68160340613215,0.2,0.01,AIS
195.58741245396425,0.2,0.01,AIS
195.46643376838597,0.2,0.01,AIS
195.55864416779963,0.2,0.01,AIS
195.6243603139643,0.2,0.01,AIS
195.501647284246,0.2,0.01,AIS
195.57561105090807,0.2,0.01,AIS
195.6014011242115,0.2,0.01,AIS
195.56569261176236,0.2,0.01,AIS
195.60320747179318,0.2,0.01,AIS
195.666316114552,0.2,0.01,AIS
195.5633790699168,0.2,0.01,AIS
195.52605642964383,0.2,0.01,AIS
195.5506750494151,0.2,0.01,AIS
195.5877533675065,0.2,0.01,AIS
195.53311309999006,0.2,0.01,AIS
195.52348084075598,0.2,0.01,AIS
195.49674371357617,0.2,0.01,AIS
195.5527488447588,0.2,0.01,AIS
195.56255283694944,0.2,0.01,AIS
195.56026798925916,0.2,0.01,AIS
195.53933633238137,0.2,0.01,AIS
195.49274123253295,0.2,0.01,AIS
195.63332921017047,0.2,0.01,AIS
195.55054336820112,0.2,0.01,AIS
195.58858801987017,0.2,0.01,AIS
195.64966448609394,0.2,0.01,AIS
195.540692484422,0.2,0.01,AIS
195.60591099308877,0.2,0.01,AIS
195.56599959089445,0.2,0.01,AIS
195.55717944265035,0.2,0.01,AIS
195.57749388365752,0.2,0.01,AIS
195.61374568321565,0.2,0.01,AIS
195.59662675189793,0.2,0.01,AIS
195.56578715619216,0.2,0.01,AIS
195.58350756042304,0.2,0.01,AIS
195.597709707482,0.2,0.01,AIS
195.50323285002963,0.2,0.01,AIS
195.5481303902085,0.2,0.01,AIS
195.57522064595653,0.2,0.01,TI
195.5866489097932,0.2,0.01,TI
195.5772622952379,0.2,0.01,TI
195.59629287025405,0.2,0.01,TI
195.59002918329384,0.2,0.01,TI
195.55789877366226,0.2,0.01,TI
195.4582766045526,0.2,0.01,TI
195.5139618547554,0.2,0.01,TI
195.53965008539456,0.2,0.01,TI
195.55765119623769,0.2,0.01,TI
195.6017711040916,0.2,0.01,TI
195.56092690511827,0.2,0.01,TI
195.59817924843028,0.2,0.01,TI
195.56539978306006,0.2,0.01,TI
195.55255286766467,0.2,0.01,TI
195.53554789572757,0.2,0.01,TI
195.55676879070873,0.2,0.01,TI
195.55771999091007,0.2,0.01,TI
195.6320526306452,0.2,0.01,TI
195.54563706953283,0.2,0.01,TI
195.5692527344591,0.2,0.01,TI
195.58628742971402,0.2,0.01,TI
195.58219137007688,0.2,0.01,TI
195.5650218547596,0.2,0.01,TI
195.5824899438863,0.2,0.01,TI
195.52144749946726,0.2,0.01,TI
195.56740978227214,0.2,0.01,TI
195.54909600041404,0.2,0.01,TI
195.51335622554754,0.2,0.01,TI
195.55320555133247,0.2,0.01,TI
195.60632043746938,0.2,0.01,TI
195.6083889068701,0.2,0.01,TI
195.58124161004469,0.2,0.01,TI
195.5792044876357,0.2,0.01,TI
195.57049196774645,0.2,0.01,TI
195.52132090908472,0.2,0.01,TI
195.58695748227296,0.2,0.01,TI
195.57708799675115,0.2,0.01,TI
195.52016521936378,0.2,0.01,TI
195.59664902347743,0.2,0.01,TI
195.5792447788201,0.2,0.01,TI
195.50486159169904,0.2,0.01,TI
195.55061550076283,0.2,0.01,TI
195.53551684779967,0.2,0.01,TI
195.5402530807238,0.2,0.01,TI
195.55732562893593,0.2,0.01,TI
195.5773714287395,0.2,0.01,TI
195.54118914037517,0.2,0.01,TI
195.51846795894633,0.2,0.01,TI
195.5725511870862,0.2,0.01,TI
195.56514110629314,0.2,0.01,TI
195.5914138538279,0.2,0.01,TI
195.61389074132236,0.2,0.01,TI
195.56843837316336,0.2,0.01,TI
195.57350707157116,0.2,0.01,TI
195.52729876045862,0.2,0.01,TI
195.5583803977852,0.2,0.01,TI
195.5667233002636,0.2,0.01,TI
195.56823763207868,0.2,0.01,TI
195.5808942773132,0.2,0.01,TI
195.560351539413,0.2,0.01,TI
195.5869480659403,0.2,0.01,TI
195.57793523833598,0.2,0.01,TI
195.59947259783294,0.2,0.01,TI
195.54784437284937,0.2,0.01,TI
195.57805919852782,0.2,0.01,TI
195.60998109712682,0.2,0.01,TI
195.52854613629725,0.2,0.01,TI
195.56005681883542,0.2,0.01,TI
195.52717714534478,0.2,0.01,TI
195.58573263563346,0.2,0.01,TI
195.5635725588595,0.2,0.01,TI
195.57762102816378,0.2,0.01,TI
195.58930843708865,0.2,0.01,TI
195.56802322580396,0.2,0.01,TI
195.5689488737919,0.2,0.01,TI
195.52665353594705,0.2,0.01,TI
195.5940580090645,0.2,0.01,TI
195.58609108242163,0.2,0.01,TI
195.54682249067355,0.2,0.01,TI
195.590629009777,0.2,0.01,TI
195.53502786279324,0.2,0.01,TI
195.56781898816558,0.2,0.01,TI
195.5980848675436,0.2,0.01,TI
195.563632815709,0.2,0.01,TI
195.55210510304866,0.2,0.01,TI
195.5747480704127,0.2,0.01,TI
195.59906998246026,0.2,0.01,TI
195.5831840578667,0.2,0.01,TI
195.56012598771616,0.2,0.01,TI
195.6195527414865,0.2,0.01,TI
195.6504816582691,0.2,0.01,TI
195.5625055745436,0.2,0.01,TI
195.55043036546454,0.2,0.01,TI
195.53161246748735,0.2,0.01,TI
195.5888898633319,0.2,0.01,TI
195.52983510433583,0.2,0.01,TI
195.54431635621066,0.2,0.01,TI
195.53486604453107,0.2,0.01,TI
195.57586220372818,0.2,0.01,TI
195.56938889058364,0.2,0.01,TI
195.5710050251826,0.2,0.01,TI
195.5956211089644,0.2,0.01,TI
195.56133996649137,0.2,0.01,TI
195.59793975345136,0.2,0.01,TI
195.58290891010532,0.2,0.01,TI
195.5967439305159,0.2,0.01,TI
195.51752783267628,0.2,0.01,TI
195.5815385613123,0.2,0.01,TI
195.6173139941815,0.2,0.01,TI
195.49712324926884,0.2,0.01,TI
195.57994942448775,0.2,0.01,TI
195.52222440404574,0.2,0.01,TI
195.56970252985067,0.2,0.01,TI
195.60263115398988,0.2,0.01,TI
195.54087141021722,0.2,0.01,TI
195.55793795801839,0.2,0.01,TI
195.5703071346911,0.2,0.01,TI
195.55628900096931,0.2,0.01,TI
195.53372528172048,0.2,0.01,TI
195.58124860327638,0.2,0.01,TI
195.54091296442266,0.2,0.01,TI
195.53125239137057,0.2,0.01,TI
195.57236750878184,0.2,0.01,TI
195.57632625180145,0.2,0.01,TI
195.5742605986049,0.2,0.01,TI
195.55149537875366,0.2,0.01,TI
195.5337707635643,0.2,0.01,TI
195.5673092898916,0.2,0.01,Direct MC
195.58353552908957,0.2,0.01,Direct MC
195.5664367910678,0.2,0.01,Direct MC
195.56278692799822,0.2,0.01,Direct MC
195.56076380036347,0.2,0.01,Direct MC
195.5590851645241,0.2,0.01,Direct MC
195.57912523268854,0.2,0.01,Direct MC
195.5655386389281,0.2,0.01,Direct MC
195.5672306976586,0.2,0.01,Direct MC
195.56025144119454,0.2,0.01,Direct MC
195.5797563742387,0.2,0.01,Direct MC
195.57858139495949,0.2,0.01,Direct MC
195.5585395243871,0.2,0.01,Direct MC
195.57255404309478,0.2,0.01,Direct MC
195.57484121801735,0.2,0.01,Direct MC
195.55465939574626,0.2,0.01,Direct MC
195.55104952494102,0.2,0.01,Direct MC
195.5638171236584,0.2,0.01,Direct MC
195.5720215110725,0.2,0.01,Direct MC
195.55895837994711,0.2,0.01,Direct MC
195.58211283480102,0.2,0.01,Direct MC
195.54572057021147,0.2,0.01,Direct MC
195.56251717733014,0.2,0.01,Direct MC
195.56052086128958,0.2,0.01,Direct MC
195.5613353206983,0.2,0.01,Direct MC
195.57850762451625,0.2,0.01,Direct MC
195.5594126466467,0.2,0.01,Direct MC
195.5567843793003,0.2,0.01,Direct MC
195.56786092329807,0.2,0.01,Direct MC
195.5597071025765,0.2,0.01,Direct MC
195.5652590823562,0.2,0.01,Direct MC
195.59583069336645,0.2,0.01,Direct MC
195.56414017188308,0.2,0.01,Direct MC
195.57857522615112,0.2,0.01,Direct MC
195.57355540663758,0.2,0.01,Direct MC
195.56075941419675,0.2,0.01,Direct MC
195.55309085263454,0.2,0.01,Direct MC
195.58706212980263,0.2,0.01,Direct MC
195.56655149259544,0.2,0.01,Direct MC
195.57128697661997,0.2,0.01,Direct MC
195.55500427992945,0.2,0.01,Direct MC
195.56122733261606,0.2,0.01,Direct MC
195.55436353859815,0.2,0.01,Direct MC
195.5653789276521,0.2,0.01,Direct MC
195.54900919544926,0.2,0.01,Direct MC
195.57126284834428,0.2,0.01,Direct MC
195.57140044920888,0.2,0.01,Direct MC
195.57772052352325,0.2,0.01,Direct MC
195.59564029263586,0.2,0.01,Direct MC
195.55189115093424,0.2,0.01,Direct MC
195.58233426760034,0.2,0.01,Direct MC
195.56593665062925,0.2,0.01,Direct MC
195.5593143121927,0.2,0.01,Direct MC
195.57562048379137,0.2,0.01,Direct MC
195.56723855217604,0.2,0.01,Direct MC
195.57089479643193,0.2,0.01,Direct MC
195.5780456096818,0.2,0.01,Direct MC
195.57565467755398,0.2,0.01,Direct MC
195.5544887612778,0.2,0.01,Direct MC
195.55530078104158,0.2,0.01,Direct MC
195.57645801590007,0.2,0.01,Direct MC
195.58380743193968,0.2,0.01,Direct MC
195.55550016335755,0.2,0.01,Direct MC
195.56884285307268,0.2,0.01,Direct MC
195.55713488074616,0.2,0.01,Direct MC
195.55549525819222,0.2,0.01,Direct MC
195.56101459528597,0.2,0.01,Direct MC
195.57512820763438,0.2,0.01,Direct MC
195.5589415667608,0.2,0.01,Direct MC
195.55186837358468,0.2,0.01,Direct MC
195.5570717930116,0.2,0.01,Direct MC
195.5782090527432,0.2,0.01,Direct MC
195.57811151263638,0.2,0.01,Direct MC
195.57348580710226,0.2,0.01,Direct MC
195.56728951584262,0.2,0.01,Direct MC
195.56310357592014,0.2,0.01,Direct MC
195.56068108845113,0.2,0.01,Direct MC
195.57056250567993,0.2,0.01,Direct MC
195.5599417250689,0.2,0.01,Direct MC
195.5821365090787,0.2,0.01,Direct MC
195.56064380977037,0.2,0.01,Direct MC
195.57150194867597,0.2,0.01,Direct MC
195.57039917384213,0.2,0.01,Direct MC
195.55035945650187,0.2,0.01,Direct MC
195.56487423714762,0.2,0.01,Direct MC
195.5761487117113,0.2,0.01,Direct MC
195.54964512351881,0.2,0.01,Direct MC
195.54334316371782,0.2,0.01,Direct MC
195.55523968906184,0.2,0.01,Direct MC
195.56683201150307,0.2,0.01,Direct MC
195.55411342185258,0.2,0.01,Direct MC
195.5511523769105,0.2,0.01,Direct MC
195.56898479362212,0.2,0.01,Direct MC
195.54688164763414,0.2,0.01,Direct MC
195.5635831909419,0.2,0.01,Direct MC
195.55502556838687,0.2,0.01,Direct MC
195.5604820851575,0.2,0.01,Direct MC
195.55921451531822,0.2,0.01,Direct MC
195.55189831906094,0.2,0.01,Direct MC
195.54929800486394,0.2,0.01,Direct MC
195.54196069330382,0.2,0.01,Direct MC
195.56012359809483,0.2,0.01,Direct MC
195.57250895862308,0.2,0.01,Direct MC
195.55790278881287,0.2,0.01,Direct MC
195.55263842812545,0.2,0.01,Direct MC
195.5642465286194,0.2,0.01,Direct MC
195.56511550940064,0.2,0.01,Direct MC
195.55670724510276,0.2,0.01,Direct MC
195.5489674126154,0.2,0.01,Direct MC
195.54579796155562,0.2,0.01,Direct MC
195.56040619081708,0.2,0.01,Direct MC
195.55713768265426,0.2,0.01,Direct MC
195.5507370628046,0.2,0.01,Direct MC
195.556695963019,0.2,0.01,Direct MC
195.55431897475404,0.2,0.01,Direct MC
195.54594129061397,0.2,0.01,Direct MC
195.55663360789137,0.2,0.01,Direct MC
195.5645458624513,0.2,0.01,Direct MC
195.55747311331245,0.2,0.01,Direct MC
195.57489985619438,0.2,0.01,Direct MC
195.54928987544216,0.2,0.01,Direct MC
195.57335106955466,0.2,0.01,Direct MC
195.55600261459708,0.2,0.01,Direct MC
195.54675381623068,0.2,0.01,Direct MC
195.54807065467682,0.2,0.01,Direct MC
195.555823831686,0.2,0.01,Direct MC
195.5575296390485,0.2,0.01,Direct MC
195.55333354075208,0.2,0.01,Direct MC
29.494594574599226,0.5,0.01,AIS
29.474133172012202,0.5,0.01,AIS
29.467377142675673,0.5,0.01,AIS
29.47602727361067,0.5,0.01,AIS
29.420402249399608,0.5,0.01,AIS
29.448769369521123,0.5,0.01,AIS
29.50102277072866,0.5,0.01,AIS
29.509129229983145,0.5,0.01,AIS
29.47512734511222,0.5,0.01,AIS
29.42924369944741,0.5,0.01,AIS
29.49810413275444,0.5,0.01,AIS
29.468635721974664,0.5,0.01,AIS
29.45158848949135,0.5,0.01,AIS
29.461597940318732,0.5,0.01,AIS
29.508419386679876,0.5,0.01,AIS
29.47086975234889,0.5,0.01,AIS
29.48863128972757,0.5,0.01,AIS
29.487903910644718,0.5,0.01,AIS
29.4726759829866,0.5,0.01,AIS
29.501116044057653,0.5,0.01,AIS
29.460915579403107,0.5,0.01,AIS
29.45515680529674,0.5,0.01,AIS
29.44057984631401,0.5,0.01,AIS
29.478441685950493,0.5,0.01,AIS
29.46885195858284,0.5,0.01,AIS
29.508793897266173,0.5,0.01,AIS
29.46010164027191,0.5,0.01,AIS
29.483238230420724,0.5,0.01,AIS
29.44239833142659,0.5,0.01,AIS
29.47177187462094,0.5,0.01,AIS
29.482444256687174,0.5,0.01,AIS
29.514068636297267,0.5,0.01,AIS
29.469677153523826,0.5,0.01,AIS
29.493191385990286,0.5,0.01,AIS
29.445944727576745,0.5,0.01,AIS
29.518174615967766,0.5,0.01,AIS
29.445132647032196,0.5,0.01,AIS
29.454264939277003,0.5,0.01,AIS
29.47465146426746,0.5,0.01,AIS
29.46087960652362,0.5,0.01,AIS
29.436254677859246,0.5,0.01,AIS
29.49627557116412,0.5,0.01,AIS
29.44036059572504,0.5,0.01,AIS
29.522730078341404,0.5,0.01,AIS
29.470117654931663,0.5,0.01,AIS
29.453322130470852,0.5,0.01,AIS
29.452334630696853,0.5,0.01,AIS
29.43839961003866,0.5,0.01,AIS
29.49685185238426,0.5,0.01,AIS
29.49902873457571,0.5,0.01,AIS
29.442659766188918,0.5,0.01,AIS
29.48420413601403,0.5,0.01,AIS
29.490463674365998,0.5,0.01,AIS
29.44692026133695,0.5,0.01,AIS
29.4975476535393,0.5,0.01,AIS
29.42771778565465,0.5,0.01,AIS
29.521579908390684,0.5,0.01,AIS
29.469809097309586,0.5,0.01,AIS
29.45417984103333,0.5,0.01,AIS
29.483373389410254,0.5,0.01,AIS
29.464138561125587,0.5,0.01,AIS
29.48294677263594,0.5,0.01,AIS
29.482487678889918,0.5,0.01,AIS
29.47143280630553,0.5,0.01,AIS
29.47302229935452,0.5,0.01,AIS
29.463046621418215,0.5,0.01,AIS
29.445284322456054,0.5,0.01,AIS
29.46012881715182,0.5,0.01,AIS
29.46786547631271,0.5,0.01,AIS
29.446359467518597,0.5,0.01,AIS
29.454751784268524,0.5,0.01,AIS
29.478188279481813,0.5,0.01,AIS
29.479464099779257,0.5,0.01,AIS
29.47929422308937,0.5,0.01,AIS
29.45029907169016,0.5,0.01,AIS
29.47385721519641,0.5,0.01,AIS
29.457583289391458,0.5,0.01,AIS
29.459294111701297,0.5,0.01,AIS
29.4354051995777,0.5,0.01,AIS
29.468729688521357,0.5,0.01,AIS
29.442592028949413,0.5,0.01,AIS
29.47912693607013,0.5,0.01,AIS
29.487806339758087,0.5,0.01,AIS
29.457624051312074,0.5,0.01,AIS
29.50527587095624,0.5,0.01,AIS
29.45775229180841,0.5,0.01,AIS
29.47242236131038,0.5,0.01,AIS
29.450913106054422,0.5,0.01,AIS
29.457849210893123,0.5,0.01,AIS
29.494223266571865,0.5,0.01,AIS
29.47933413894406,0.5,0.01,AIS
29.446324728347072,0.5,0.01,AIS
29.478351038286874,0.5,0.01,AIS
29.420435716357154,0.5,0.01,AIS
29.46067820787667,0.5,0.01,AIS
29.482669145824843,0.5,0.01,AIS
29.450282189113523,0.5,0.01,AIS
29.474700582317382,0.5,0.01,AIS
29.46974998914895,0.5,0.01,AIS
29.427467150914644,0.5,0.01,AIS
29.459336670275036,0.5,0.01,AIS
29.456639148111023,0.5,0.01,AIS
29.45452842567788,0.5,0.01,AIS
29.449046082790026,0.5,0.01,AIS
29.46588792485896,0.5,0.01,AIS
29.4702353524561,0.5,0.01,AIS
29.46126676963506,0.5,0.01,AIS
29.40030961575402,0.5,0.01,AIS
29.47287732557966,0.5,0.01,AIS
29.46357415191879,0.5,0.01,AIS
29.464429253715018,0.5,0.01,AIS
29.45214126212003,0.5,0.01,AIS
29.443703158106928,0.5,0.01,AIS
29.447813134902248,0.5,0.01,AIS
29.44004035078767,0.5,0.01,AIS
29.48431666979961,0.5,0.01,AIS
29.471306775748474,0.5,0.01,AIS
29.468765690096184,0.5,0.01,AIS
29.489105235498698,0.5,0.01,AIS
29.49652528364905,0.5,0.01,AIS
29.474160072120462,0.5,0.01,AIS
29.424343387922825,0.5,0.01,AIS
29.4780786800576,0.5,0.01,AIS
29.480497409358613,0.5,0.01,AIS
29.48513470992956,0.5,0.01,AIS
29.46136183527885,0.5,0.01,AIS
29.471451151014875,0.5,0.01,AIS
29.460023114194527,0.5,0.01,AIS
29.46600350437247,0.5,0.01,TI
29.466072738992544,0.5,0.01,TI
29.443071247172877,0.5,0.01,TI
29.48479357443588,0.5,0.01,TI
29.46754987529215,0.5,0.01,TI
29.45614501949994,0.5,0.01,TI
29.491729750346092,0.5,0.01,TI
29.460768074121674,0.5,0.01,TI
29.45992961717625,0.5,0.01,TI
29.468007677268737,0.5,0.01,TI
29.470691604071583,0.5,0.01,TI
29.45526738562544,0.5,0.01,TI
29.45914104946278,0.5,0.01,TI
29.484158884611478,0.5,0.01,TI
29.422668404760827,0.5,0.01,TI
29.442229848844587,0.5,0.01,TI
29.48506509381348,0.5,0.01,TI
29.470353528979686,0.5,0.01,TI
29.472533609737177,0.5,0.01,TI
29.474266711861716,0.5,0.01,TI
29.46937868577322,0.5,0.01,TI
29.457098835921844,0.5,0.01,TI
29.474002948481523,0.5,0.01,TI
29.46401744483958,0.5,0.01,TI
29.442782002251576,0.5,0.01,TI
29.462551609955163,0.5,0.01,TI
29.460795140650884,0.5,0.01,TI
29.4684843132291,0.5,0.01,TI
29.44971191454061,0.5,0.01,TI
29.488075737862115,0.5,0.01,TI
29.485577468134498,0.5,0.01,TI
29.494081601744174,0.5,0.01,TI
29.4579198466409,0.5,0.01,TI
29.47968188507642,0.5,0.01,TI
29.449578605951704,0.5,0.01,TI
29.445883186447926,0.5,0.01,TI
29.479924963862693,0.5,0.01,TI
29.471324382035125,0.5,0.01,TI
29.479518458419324,0.5,0.01,TI
29.454633032390547,0.5,0.01,TI
29.479811986631752,0.5,0.01,TI
29.442465395232716,0.5,0.01,TI
29.45412131749904,0.5,0.01,TI
29.474796885533085,0.5,0.01,TI
29.48237768093159,0.5,0.01,TI
29.47488773984648,0.5,0.01,TI
29.459848004511404,0.5,0.01,TI
29.477184226860107,0.5,0.01,TI
29.47553213877138,0.5,0.01,TI
29.467106555608268,0.5,0.01,TI
29.482246152778586,0.5,0.01,TI
29.507289256956547,0.5,0.01,TI
29.474505879659066,0.5,0.01,TI
29.46627849388691,0.5,0.01,TI
29.477369341686742,0.5,0.01,TI
29.478030106694778,0.5,0.01,TI
29.48680157669567,0.5,0.01,TI
29.467142229177362,0.5,0.01,TI
29.459163965912346,0.5,0.01,TI
29.46391276194788,0.5,0.01,TI
29.456505014160864,0.5,0.01,TI
29.461312260491844,0.5,0.01,TI
29.452621897876437,0.5,0.01,TI
29.469627907878806,0.5,0.01,TI
29.487583736864586,0.5,0.01,TI
29.420300096947397,0.5,0.01,TI
29.44368861769123,0.5,0.01,TI
29.44959682746202,0.5,0.01,TI
29.48445791487779,0.5,0.01,TI
29.434935940148108,0.5,0.01,TI
29.484375279221908,0.5,0.01,TI
29.484448638553218,0.5,0.01,TI
29.451859001486756,0.5,0.01,TI
29.48393472226375,0.5,0.01,TI
29.470026411913082,0.5,0.01,TI
29.477309565611343,0.5,0.01,TI
29.452962599409503,0.5,0.01,TI
29.478314235029934,0.5,0.01,TI
29.48517860864294,0.5,0.01,TI
29.466391785968856,0.5,0.01,TI
29.451425621803708,0.5,0.01,TI
29.46916090836623,0.5,0.01,TI
29.48543060597718,0.5,0.01,TI
29.461859776857175,0.5,0.01,TI
29.45556484212125,0.5,0.01,TI
29.45217278429374,0.5,0.01,TI
29.464599948441965,0.5,0.01,TI
29.45336246553499,0.5,0.01,TI
29.470183110323575,0.5,0.01,TI
29.460470543128498,0.5,0.01,TI
29.479717501692473,0.5,0.01,TI
29.46438405643777,0.5,0.01,TI
29.45353751721461,0.5,0.01,TI
29.461986191140067,0.5,0.01,TI
29.471582673574982,0.5,0.01,TI
29.471532612699757,0.5,0.01,TI
29.48235063309136,0.5,0.01,TI
29.480878933918355,0.5,0.01,TI
29.477021025622026,0.5,0.01,TI
29.468859506501893,0.5,0.01,TI
29.48585856014103,0.5,0.01,TI
29.451549062539552,0.5,0.01,TI
29.46225921446694,0.5,0.01,TI
29.470720765692967,0.5,0.01,TI
29.47416026750695,0.5,0.01,TI
29.46467806949547,0.5,0.01,TI
29.439460014203103,0.5,0.01,TI
29.467340050065243,0.5,0.01,TI
29.4554479381737,0.5,0.01,TI
29.463113188438463,0.5,0.01,TI
29.470016902090464,0.5,0.01,TI
29.444660007891937,0.5,0.01,TI
29.452010757000714,0.5,0.01,TI
29.48132709944009,0.5,0.01,TI
29.480317802681476,0.5,0.01,TI
29.47910258206456,0.5,0.01,TI
29.4392141330552,0.5,0.01,TI
29.467893486016422,0.5,0.01,TI
29.46170287605687,0.5,0.01,TI
29.47255870449238,0.5,0.01,TI
29.495420795484577,0.5,0.01,TI
29.475692395414445,0.5,0.01,TI
29.474282949418715,0.5,0.01,TI
29.46857166792727,0.5,0.01,TI
29.448570267879887,0.5,0.01,TI
29.4654371983779,0.5,0.01,TI
29.48043961057778,0.5,0.01,TI
29.459253439594544,0.5,0.01,TI
29.461306664375975,0.5,0.01,Direct MC
29.45325810409378,0.5,0.01,Direct MC
29.479597250767807,0.5,0.01,Direct MC
29.460742864147946,0.5,0.01,Direct MC
29.454429606857765,0.5,0.01,Direct MC
29.45857357808905,0.5,0.01,Direct MC
29.471863202301293,0.5,0.01,Direct MC
29.471791947800696,0.5,0.01,Direct MC
29.481978528040685,0.5,0.01,Direct MC
29.46052409199938,0.5,0.01,Direct MC
29.46884247253911,0.5,0.01,Direct MC
29.463688449580495,0.5,0.01,Direct MC
29.46506782370578,0.5,0.01,Direct MC
29.467924821653348,0.5,0.01,Direct MC
29.45305262708908,0.5,0.01,Direct MC
29.473621323618804,0.5,0.01,Direct MC
29.461250223825132,0.5,0.01,Direct MC
29.465844789550538,0.5,0.01,Direct MC
29.45958185602163,0.5,0.01,Direct MC
29.484917077745877,0.5,0.01,Direct MC
29.466471794369454,0.5,0.01,Direct MC
29.463295318883283,0.5,0.01,Direct MC
29.46518201412137,0.5,0.01,Direct MC
29.459078258464753,0.5,0.01,Direct MC
29.47543196089506,0.5,0.01,Direct MC
29.46512999987624,0.5,0.01,Direct MC
29.464283219919366,0.5,0.01,Direct MC
29.471591079899753,0.5,0.01,Direct MC
29.473621237174005,0.5,0.01,Direct MC
29.457994107252667,0.5,0.01,Direct MC
29.462049390652144,0.5,0.01,Direct MC
29.463317600068013,0.5,0.01,Direct MC
29.46595801680989,0.5,0.01,Direct MC
29.467250810836067,0.5,0.01,Direct MC
29.462430789007332,0.5,0.01,Direct MC
29.46598704395305,0.5,0.01,Direct MC
29.465611483738403,0.5,0.01,Direct MC
29.460387267878957,0.5,0.01,Direct MC
29.45932823402512,0.5,0.01,Direct MC
29.45609301463097,0.5,0.01,Direct MC
29.469986134508744,0.5,0.01,Direct MC
29.4713668523758,0.5,0.01,Direct MC
29.46884922894126,0.5,0.01,Direct MC
29.461723116146835,0.5,0.01,Direct MC
29.458294652015425,0.5,0.01,Direct MC
29.46271166027355,0.5,0.01,Direct MC
29.46704139984832,0.5,0.01,Direct MC
29.47073462360455,0.5,0.01,Direct MC
29.47371349816909,0.5,0.01,Direct MC
29.467645299700035,0.5,0.01,Direct MC
29.46492099245998,0.5,0.01,Direct MC
29.478187736774224,0.5,0.01,Direct MC
29.464109429118327,0.5,0.01,Direct MC
29.455003625451386,0.5,0.01,Direct MC
29.463278075499048,0.5,0.01,Direct MC
29.461332809976163,0.5,0.01,Direct MC
29.47266409126726,0.5,0.01,Direct MC
29.489516683649654,0.5,0.01,Direct MC
29.459690081537058,0.5,0.01,Direct MC
29.46377099537431,0.5,0.01,Direct MC
29.460958745364035,0.5,0.01,Direct MC
29.461333759889676,0.5,0.01,Direct MC
29.461869193096828,0.5,0.01,Direct MC
29.47075966697283,0.5,0.01,Direct MC
29.469119342466776,0.5,0.01,Direct MC
29.47263203288378,0.5,0.01,Direct MC
29.466358427827718,0.5,0.01,Direct MC
29.474464583561964,0.5,0.01,Direct MC
29.449613803460174,0.5,0.01,Direct MC
29.47321634764284,0.5,0.01,Direct MC
29.47187719374525,0.5,0.01,Direct MC
29.457999228792794,0.5,0.01,Direct MC
29.46510255611836,0.5,0.01,Direct MC
29.471153173347655,0.5,0.01,Direct MC
29.45707112832618,0.5,0.01,Direct MC
29.47925341970893,0.5,0.01,Direct MC
29.468263991587573,0.5,0.01,Direct MC
29.47288302763731,0.5,0.01,Direct MC
29.469587689791958,0.5,0.01,Direct MC
29.468477819574126,0.5,0.01,Direct MC
29.471862378652933,0.5,0.01,Direct MC
29.466557774295488,0.5,0.01,Direct MC
29.464666263819126,0.5,0.01,Direct MC
29.464778980535712,0.5,0.01,Direct MC
29.452858504642716,0.5,0.01,Direct MC
29.465862459873843,0.5,0.01,Direct MC
29.47780689644784,0.5,0.01,Direct MC
29.45178926483252,0.5,0.01,Direct MC
29.471266394519702,0.5,0.01,Direct MC
29.462257855802893,0.5,0.01,Direct MC
29.458633257238013,0.5,0.01,Direct MC
29.467623451153774,0.5,0.01,Direct MC
29.46658480419635,0.5,0.01,Direct MC
29.465723866510867,0.5,0.01,Direct MC
29.468560651991574,0.5,0.01,Direct MC
29.464961711109193,0.5,0.01,Direct MC
29.455606249109405,0.5,0.01,Direct MC
29.466503275300607,0.5,0.01,Direct MC
29.47792343706123,0.5,0.01,Direct MC
29.459026240901043,0.5,0.01,Direct MC
29.46979323462437,0.5,0.01,Direct MC
29.475707426137753,0.5,0.01,Direct MC
29.457003511730463,0.5,0.01,Direct MC
29.47777946370957,0.5,0.01,Direct MC
29.460894701588796,0.5,0.01,Direct MC
29.478624460991767,0.5,0.01,Direct MC
29.464593984960885,0.5,0.01,Direct MC
29.45453517099833,0.5,0.01,Direct MC
29.46270094999492,0.5,0.01,Direct MC
29.470710236600254,0.5,0.01,Direct MC
29.472243135903753,0.5,0.01,Direct MC
29.458291384987927,0.5,0.01,Direct MC
29.468835437086952,0.5,0.01,Direct MC
29.467737623846887,0.5,0.01,Direct MC
29.465684120146115,0.5,0.01,Direct MC
29.46049876160135,0.5,0.01,Direct MC
29.454235132765213,0.5,0.01,Direct MC
29.474083622204038,0.5,0.01,Direct MC
29.466643958285182,0.5,0.01,Direct MC
29.460259448959015,0.5,0.01,Direct MC
29.470184348964818,0.5,0.01,Direct MC
29.453929008998593,0.5,0.01,Direct MC
29.47243465772859,0.5,0.01,Direct MC
29.46837782160876,0.5,0.01,Direct MC
29.473195387922026,0.5,0.01,Direct MC
29.46567603991577,0.5,0.01,Direct MC
29.46937346836653,0.5,0.01,Direct MC
29.470035609818634,0.5,0.01,Direct MC
-704.8633644141009,1.0,0.01,AIS
-704.8244379177946,1.0,0.01,AIS
-704.8544323871444,1.0,0.01,AIS
-704.8588232374573,1.0,0.01,AIS
-704.878234382481,1.0,0.01,AIS
-704.8727735616098,1.0,0.01,AIS
-704.8144505077223,1.0,0.01,AIS
-704.8189546863413,1.0,0.01,AIS
-704.8417754439488,1.0,0.01,AIS
-704.8656662916953,1.0,0.01,AIS
-704.8267086506654,1.0,0.01,AIS
-704.8461552449768,1.0,0.01,AIS
-704.8454489528273,1.0,0.01,AIS
-704.8954675545233,1.0,0.01,AIS
-704.9000530970102,1.0,0.01,AIS
-704.8242906883908,1.0,0.01,AIS
-704.8630468851596,1.0,0.01,AIS
-704.8533716856396,1.0,0.01,AIS
-704.8390220827584,1.0,0.01,AIS
-704.821341895193,1.0,0.01,AIS
-704.8526293488167,1.0,0.01,AIS
-704.8658102100172,1.0,0.01,AIS
-704.8750218939063,1.0,0.01,AIS
-704.7949583918789,1.0,0.01,AIS
-704.8368401590237,1.0,0.01,AIS
-704.7805693693651,1.0,0.01,AIS
-704.8596113833933,1.0,0.01,AIS
-704.816104094381,1.0,0.01,AIS
-704.848674878134,1.0,0.01,AIS
-704.8041612335905,1.0,0.01,AIS
-704.8827120658204,1.0,0.01,AIS
-704.8326281955459,1.0,0.01,AIS
-704.8940843885689,1.0,0.01,AIS
-704.8389124799404,1.0,0.01,AIS
-704.8205853748927,1.0,0.01,AIS
-704.861450438409,1.0,0.01,AIS
-704.8982284788391,1.0,0.01,AIS
-704.7977032672561,1.0,0.01,AIS
-704.8531246505162,1.0,0.01,AIS
-704.82485274425,1.0,0.01,AIS
-704.8271681476405,1.0,0.01,AIS
-704.8250704339288,1.0,0.01,AIS
-704.8870379737597,1.0,0.01,AIS
-704.8551414817128,1.0,0.01,AIS
-704.8163856817293,1.0,0.01,AIS
-704.8473516271896,1.0,0.01,AIS
-704.8867368619668,1.0,0.01,AIS
-704.8224329659062,1.0,0.01,AIS
-704.788159133788,1.0,0.01,AIS
-704.8561453453153,1.0,0.01,AIS
-704.8872742273638,1.0,0.01,AIS
-704.8229522843359,1.0,0.01,AIS
-704.846170358472,1.0,0.01,AIS
-704.8665126999988,1.0,0.01,AIS
-704.8664478179478,1.0,0.01,AIS
-704.855418022964,1.0,0.01,AIS
-704.8331358821318,1.0,0.01,AIS
-704.8446562211577,1.0,0.01,AIS
-704.8622980431007,1.0,0.01,AIS
-704.8249908836991,1.0,0.01,AIS
-704.8811400187324,1.0,0.01,AIS
-704.8276959773946,1.0,0.01,AIS
-704.8677447471314,1.0,0.01,AIS
-704.8226222060545,1.0,0.01,AIS
-704.8049746633687,1.0,0.01,AIS
-704.8527856334421,1.0,0.01,AIS
-704.8506444825382,1.0,0.01,AIS
-704.814283585648,1.0,0.01,AIS
-704.7986787726599,1.0,0.01,AIS
-704.8646471294503,1.0,0.01,AIS
-704.8708765950865,1.0,0.01,AIS
-704.8522402862686,1.0,0.01,AIS
-704.835620545209,1.0,0.01,AIS
-704.8870354687571,1.0,0.01,AIS
-704.8627151479881,1.0,0.01,AIS
-704.8273596225906,1.0,0.01,AIS
-704.8503744946994,1.0,0.01,AIS
-704.8431146788461,1.0,0.01,AIS
-704.8455960468157,1.0,0.01,AIS
-704.8290353166113,1.0,0.01,AIS
-704.8830658922346,1.0,0.01,AIS
-704.8820822900192,1.0,0.01,AIS
-704.8366030256033,1.0,0.01,AIS
-704.8273060473123,1.0,0.01,AIS
-704.8322653283634,1.0,0.01,AIS
-704.8013517950399,1.0,0.01,AIS
-704.8305482582296,1.0,0.01,AIS
-704.8740707264269,1.0,0.01,AIS
-704.816406392563,1.0,0.01,AIS
-704.8805203735413,1.0,0.01,AIS
-704.8885156719344,1.0,0.01,AIS
-704.8239384301936,1.0,0.01,AIS
-704.8071653180897,1.0,0.01,AIS
-704.8619515816397,1.0,0.01,AIS
-704.824012990372,1.0,0.01,AIS
-704.8194888676118,1.0,0.01,AIS
-704.8249503699446,1.0,0.01,AIS
-704.8328210536204,1.0,0.01,AIS
-704.8703971989312,1.0,0.01,AIS
-704.7915222330784,1.0,0.01,AIS
-704.8989202582544,1.0,0.01,AIS
-704.8670885401036,1.0,0.01,AIS
-704.8723201886345,1.0,0.01,AIS
-704.7992611504867,1.0,0.01,AIS
-704.845549705501,1.0,0.01,AIS
-704.8965141754,1.0,0.01,AIS
-704.8426206448121,1.0,0.01,AIS
-704.8355922718733,1.0,0.01,AIS
-704.8577198797053,1.0,0.01,AIS
-704.8322914398973,1.0,0.01,AIS
-704.8200688893419,1.0,0.01,AIS
-704.8790973994493,1.0,0.01,AIS
-704.8525943878175,1.0,0.01,AIS
-704.8219156413378,1.0,0.01,AIS
-704.8919275096164,1.0,0.01,AIS
-704.8537966478902,1.0,0.01,AIS
-704.8802879464502,1.0,0.01,AIS
-704.8037462616325,1.0,0.01,AIS
-704.8294798111938,1.0,0.01,AIS
-704.8620742299562,1.0,0.01,AIS
-704.8732027359579,1.0,0.01,AIS
-704.8152696272615,1.0,0.01,AIS
-704.902141437405,1.0,0.01,AIS
-704.8344985750562,1.0,0.01,AIS
-704.7823314626525,1.0,0.01,AIS
-704.8889772072531,1.0,0.01,AIS
-704.8088537002318,1.0,0.01,AIS
-704.8921158131425,1.0,0.01,AIS
-704.8708069222205,1.0,0.01,TI
-704.8173420540838,1.0,0.01,TI
-704.8568242906131,1.0,0.01,TI
-704.83574883562,1.0,0.01,TI
-704.8426456043859,1.0,0.01,TI
-704.8107121172641,1.0,0.01,TI
-704.859418021961,1.0,0.01,TI
-704.8621170527273,1.0,0.01,TI
-704.8417284162977,1.0,0.01,TI
-704.8439874017575,1.0,0.01,TI
-704.8327141852784,1.0,0.01,TI
-704.8541786248176,1.0,0.01,TI
-704.8337947470529,1.0,0.01,TI
-704.836978017082,1.0,0.01,TI
-704.8370090935052,1.0,0.01,TI
-704.8189107204912,1.0,0.01,TI
-704.855732880289,1.0,0.01,TI
-704.8594157259014,1.0,0.01,TI
-704.8509640819548,1.0,0.01,TI
-704.8407640932992,1.0,0.01,TI
-704.8395913555777,1.0,0.01,TI
-704.8398210559834,1.0,0.01,TI
-704.8610318042964,1.0,0.01,TI
-704.8377237811678,1.0,0.01,TI
-704.8464124979258,1.0,0.01,TI
-704.8561854359801,1.0,0.01,TI
-704.8631331005657,1.0,0.01,TI
-704.8425357691383,1.0,0.01,TI
-704.8478247070292,1.0,0.01,TI
-704.8870252700655,1.0,0.01,TI
-704.8647528988772,1.0,0.01,TI
-704.8230838458485,1.0,0.01,TI
-704.8485671134464,1.0,0.01,TI
-704.8506188204398,1.0,0.01,TI
-704.8467404213452,1.0,0.01,TI
-704.8372180639782,1.0,0.01,TI
-704.8083689623072,1.0,0.01,TI
-704.8448856802835,1.0,0.01,TI
-704.8054305481675,1.0,0.01,TI
-704.8585724039272,1.0,0.01,TI
-704.8307769760387,1.0,0.01,TI
-704.8384865451177,1.0,0.01,TI
-704.8670803040544,1.0,0.01,TI
-704.8111008357344,1.0,0.01,TI
-704.8788245768455,1.0,0.01,TI
-704.8384853304069,1.0,0.01,TI
-704.824776987975,1.0,0.01,TI
-704.8232649899904,1.0,0.01,TI
-704.8436145874014,1.0,0.01,TI
-704.858293630726,1.0,0.01,TI
-704.8387224145966,1.0,0.01,TI
-704.8521396067194,1.0,0.01,TI
-704.8490795701019,1.0,0.01,TI
-704.8300752313847,1.0,0.01,TI
-704.8527614314496,1.0,0.01,TI
-704.832819973041,1.0,0.01,TI
-704.8733074065024,1.0,0.01,TI
-704.8368019652356,1.0,0.01,TI
-704.8277999456507,1.0,0.01,TI
-704.8439585996272,1.0,0.01,TI
-704.8572830693339,1.0,0.01,TI
-704.8339666073955,1.0,0.01,TI
-704.8525689949242,1.0,0.01,TI
-704.805214482596,1.0,0.01,TI
-704.8479571749216,1.0,0.01,TI
-704.8459773479563,1.0,0.01,TI
-704.8384125021931,1.0,0.01,TI
-704.8606628609688,1.0,0.01,TI
-704.8931828108348,1.0,0.01,TI
-704.8190990933485,1.0,0.01,TI
-704.8426002191457,1.0,0.01,TI
-704.8440931217272,1.0,0.01,TI
-704.8510859827303,1.0,0.01,TI
-704.8621794903149,1.0,0.01,TI
-704.8489981133251,1.0,0.01,TI
-704.814708323184,1.0,0.01,TI
-704.8701250633461,1.0,0.01,TI
-704.8667353082366,1.0,0.01,TI
-704.8310431802956,1.0,0.01,TI
-704.8315130045405,1.0,0.01,TI
-704.8645217557585,1.0,0.01,TI
-704.845262885513,1.0,0.01,TI
-704.8507854198027,1.0,0.01,TI
-704.8391581619549,1.0,0.01,TI
-704.849965570976,1.0,0.01,TI
-704.8599104400388,1.0,0.01,TI
-704.8807925900594,1.0,0.01,TI
-704.8337101077699,1.0,0.01,TI
-704.8660479814498,1.0,0.01,TI
-704.8686382000828,1.0,0.01,TI
-704.869711295443,1.0,0.01,TI
-704.8851477364303,1.0,0.01,TI
-704.8768091118661,1.0,0.01,TI
-704.8637669272421,1.0,0.01,TI
-704.8358092156566,1.0,0.01,TI
-704.8562951255589,1.0,0.01,TI
-704.8465648147178,1.0,0.01,TI
-704.8512311093124,1.0,0.01,TI
-704.8292827331966,1.0,0.01,TI
-704.877410830307,1.0,0.01,TI
-704.8143244406322,1.0,0.01,TI
-704.8515400413241,1.0,0.01,TI
-704.8345784900793,1.0,0.01,TI
-704.839378929249,1.0,0.01,TI
-704.8320578508553,1.0,0.01,TI
-704.8344751333415,1.0,0.01,TI
-704.8574782666699,1.0,0.01,TI
-704.8234328146539,1.0,0.01,TI
-704.8399587735639,1.0,0.01,TI
-704.8544899076228,1.0,0.01,TI
-704.8443379899995,1.0,0.01,TI
-704.8457733704918,1.0,0.01,TI
-704.8463721521596,1.0,0.01,TI
-704.8304551075075,1.0,0.01,TI
-704.8538596198982,1.0,0.01,TI
-704.8637907598431,1.0,0.01,TI
-704.8543522086446,1.0,0.01,TI
-704.8521788039677,1.0,0.01,TI
-704.8478358793419,1.0,0.01,TI
-704.8693322339966,1.0,0.01,TI
-704.8307265820056,1.0,0.01,TI
-704.8598117603472,1.0,0.01,TI
-704.8639040930481,1.0,0.01,TI
-704.8899145750263,1.0,0.01,TI
-704.8186766938657,1.0,0.01,TI
-704.8196710148479,1.0,0.01,TI
-704.8549464766149,1.0,0.01,TI
-704.8371258843949,1.0,0.01,TI
-704.8580435764306,1.0,0.01,Direct MC
-704.851444804877,1.0,0.01,Direct MC
-704.8551639748985,1.0,0.01,Direct MC
-704.8365963159838,1.0,0.01,Direct MC
-704.8487472647548,1.0,0.01,Direct MC
-704.8503028496259,1.0,0.01,Direct MC
-704.8486780313266,1.0,0.01,Direct MC
-704.8627983117001,1.0,0.01,Direct MC
-704.8317180041515,1.0,0.01,Direct MC
-704.8533752718084,1.0,0.01,Direct MC
-704.841172714325,1.0,0.01,Direct MC
-704.8507193939536,1.0,0.01,Direct MC
-704.8350854404944,1.0,0.01,Direct MC
-704.8346752052333,1.0,0.01,Direct MC
-704.8567216452587,1.0,0.01,Direct MC
-704.8520482888196,1.0,0.01,Direct MC
-704.8622704519216,1.0,0.01,Direct MC
-704.8465962861657,1.0,0.01,Direct MC
-704.8443109396268,1.0,0.01,Direct MC
-704.8376376467809,1.0,0.01,Direct MC
-704.8394530206524,1.0,0.01,Direct MC
-704.8438013951994,1.0,0.01,Direct MC
-704.8436141009906,1.0,0.01,Direct MC
-704.8460143324004,1.0,0.01,Direct MC
-704.8410471743905,1.0,0.01,Direct MC
-704.8525482867643,1.0,0.01,Direct MC
-704.8476401031415,1.0,0.01,Direct MC
-704.8397984188424,1.0,0.01,Direct MC
-704.8425672964833,1.0,0.01,Direct MC
-704.8359174707208,1.0,0.01,Direct MC
-704.8455938420565,1.0,0.01,Direct MC
-704.8339032320102,1.0,0.01,Direct MC
-704.852977791904,1.0,0.01,Direct MC
-704.8435688811578,1.0,0.01,Direct MC
-704.845822540675,1.0,0.01,Direct MC
-704.8570706237898,1.0,0.01,Direct MC
-704.8289590777622,1.0,0.01,Direct MC
-704.8584448472941,1.0,0.01,Direct MC
-704.853878152543,1.0,0.01,Direct MC
-704.8575297212298,1.0,0.01,Direct MC
-704.8482843097344,1.0,0.01,Direct MC
-704.8381796506945,1.0,0.01,Direct MC
-704.8475157164715,1.0,0.01,Direct MC
-704.8461630735353,1.0,0.01,Direct MC
-704.8431520480475,1.0,0.01,Direct MC
-704.8525218000118,1.0,0.01,Direct MC
-704.8475227868473,1.0,0.01,Direct MC
-704.8478194870864,1.0,0.01,Direct MC
-704.8429919479652,1.0,0.01,Direct MC
-704.8539980613177,1.0,0.01,Direct MC
-704.8471773098164,1.0,0.01,Direct MC
-704.8503217200478,1.0,0.01,Direct MC
-704.8489983480879,1.0,0.01,Direct MC
-704.851955991699,1.0,0.01,Direct MC
-704.8360329523077,1.0,0.01,Direct MC
-704.844000873209,1.0,0.01,Direct MC
-704.8505636868282,1.0,0.01,Direct MC
-704.8354616213688,1.0,0.01,Direct MC
-704.8282528738549,1.0,0.01,Direct MC
-704.8585406207749,1.0,0.01,Direct MC
-704.8429498004493,1.0,0.01,Direct MC
-704.843179955632,1.0,0.01,Direct MC
-704.8474732838247,1.0,0.01,Direct MC
-704.8620250976695,1.0,0.01,Direct MC
-704.8447156188996,1.0,0.01,Direct MC
-704.8316778494282,1.0,0.01,Direct MC
-704.8504490347921,1.0,0.01,Direct MC
-704.8594565317076,1.0,0.01,Direct MC
-704.8432555134591,1.0,0.01,Direct MC
-704.8446148762308,1.0,0.01,Direct MC
-704.854929249641,1.0,0.01,Direct MC
-704.8321707138407,1.0,0.01,Direct MC
-704.8464982114341,1.0,0.01,Direct MC
-704.8507900499353,1.0,0.01,Direct MC
-704.8378981492173,1.0,0.01,Direct MC
-704.842830779929,1.0,0.01,Direct MC
-704.8532593602743,1.0,0.01,Direct MC
-704.8435523576586,1.0,0.01,Direct MC
-704.8488033287799,1.0,0.01,Direct MC
-704.8515454827478,1.0,0.01,Direct MC
-704.8520722003071,1.0,0.01,Direct MC
-704.8480662227109,1.0,0.01,Direct MC
-704.850548607448,1.0,0.01,Direct MC
-704.8474579219901,1.0,0.01,Direct MC
-704.8320360204515,1.0,0.01,Direct MC
-704.8350115678949,1.0,0.01,Direct MC
-704.8448092656823,1.0,0.01,Direct MC
-704.8460673757878,1.0,0.01,Direct MC
-704.8533099684203,1.0,0.01,Direct MC
-704.8395831143266,1.0,0.01,Direct MC
-704.8421399464706,1.0,0.01,Direct MC
-704.8468759237754,1.0,0.01,Direct MC
-704.845913124221,1.0,0.01,Direct MC
-704.8434397758347,1.0,0.01,Direct MC
-704.8379947049368,1.0,0.01,Direct MC
-704.8403726508125,1.0,0.01,Direct MC
-704.8388606693334,1.0,0.01,Direct MC
-704.8505437108513,1.0,0.01,Direct MC
-704.8484931108212,1.0,0.01,Direct MC
-704.8494533675891,1.0,0.01,Direct MC
-704.8433006755397,1.0,0.01,Direct MC
-704.8531999436628,1.0,0.01,Direct MC
-704.8533909902335,1.0,0.01,Direct MC
-704.8539471541884,1.0,0.01,Direct MC
-704.8432572400238,1.0,0.01,Direct MC
-704.8588136723035,1.0,0.01,Direct MC
-704.8433249740957,1.0,0.01,Direct MC
-704.8594280911528,1.0,0.01,Direct MC
-704.830498595251,1.0,0.01,Direct MC
-704.8411528403631,1.0,0.01,Direct MC
-704.8572215958186,1.0,0.01,Direct MC
-704.8490206307222,1.0,0.01,Direct MC
-704.8465213658604,1.0,0.01,Direct MC
-704.834296796505,1.0,0.01,Direct MC
-704.8345451681498,1.0,0.01,Direct MC
-704.849967581189,1.0,0.01,Direct MC
-704.8490048422052,1.0,0.01,Direct MC
-704.8540910406788,1.0,0.01,Direct MC
-704.8467623287214,1.0,0.01,Direct MC
-704.8586677536549,1.0,0.01,Direct MC
-704.8457253514351,1.0,0.01,Direct MC
-704.8432766350951,1.0,0.01,Direct MC
-704.8389444847083,1.0,0.01,Direct MC
-704.8430348678521,1.0,0.01,Direct MC
-704.8445124067689,1.0,0.01,Direct MC
-704.8454191709533,1.0,0.01,Direct MC
-704.8535946870624,1.0,0.01,Direct MC
-704.8469058880414,1.0,0.01,Direct MC
-2802.451105480132,2.0,0.01,AIS
-2802.4862909634207,2.0,0.01,AIS
-2802.503951422118,2.0,0.01,AIS
-2802.461747955678,2.0,0.01,AIS
-2802.5326181111095,2.0,0.01,AIS
-2802.4364921610827,2.0,0.01,AIS
-2802.5055589818603,2.0,0.01,AIS
-2802.439747776369,2.0,0.01,AIS
-2802.5056010733747,2.0,0.01,AIS
-2802.425077322666,2.0,0.01,AIS
-2802.528980076698,2.0,0.01,AIS
-2802.470052988779,2.0,0.01,AIS
-2802.5429045039846,2.0,0.01,AIS
-2802.484902315702,2.0,0.01,AIS
-2802.499968127196,2.0,0.01,AIS
-2802.4827032390044,2.0,0.01,AIS
-2802.45954954686,2.0,0.01,AIS
-2802.4317069470553,2.0,0.01,AIS
-2802.497666564627,2.0,0.01,AIS
-2802.4489845519274,2.0,0.01,AIS
-2802.478100518414,2.0,0.01,AIS
-2802.529635904587,2.0,0.01,AIS
-2802.4892919169342,2.0,0.01,AIS
-2802.4792928388783,2.0,0.01,AIS
-2802.447835441228,2.0,0.01,AIS
-2802.4434219349782,2.0,0.01,AIS
-2802.47993659208,2.0,0.01,AIS
-2802.4773446672284,2.0,0.01,AIS
-2802.470780919202,2.0,0.01,AIS
-2802.454736500632,2.0,0.01,AIS
-2802.4671075061847,2.0,0.01,AIS
-2802.4615099797475,2.0,0.01,AIS
-2802.49604982341,2.0,0.01,AIS
-2802.4623852917966,2.0,0.01,AIS
-2802.472034319758,2.0,0.01,AIS
-2802.5030843220384,2.0,0.01,AIS
-2802.4501770949273,2.0,0.01,AIS
-2802.4299699821972,2.0,0.01,AIS
-2802.4510238790053,2.0,0.01,AIS
-2802.488770347735,2.0,0.01,AIS
-2802.470413245174,2.0,0.01,AIS
-2802.4179096212315,2.0,0.01,AIS
-2802.52389328673,2.0,0.01,AIS
-2802.4813257740147,2.0,0.01,AIS
-2802.498898053598,2.0,0.01,AIS
-2802.4494951081388,2.0,0.01,AIS
-2802.4222955116948,2.0,0.01,AIS
-2802.467101033529,2.0,0.01,AIS
-2802.4934905735895,2.0,0.01,AIS
-2802.4196926621066,2.0,0.01,AIS
-2802.4508701773,2.0,0.01,AIS
-2802.4598479985025,2.0,0.01,AIS
-2802.498636099129,2.0,0.01,AIS
-2802.512499287654,2.0,0.01,AIS
-2802.4513232817353,2.0,0.01,AIS
-2802.5213306281594,2.0,0.01,AIS
-2802.467832653027,2.0,0.01,AIS
-2802.495752085899,2.0,0.01,AIS
-2802.4980887761512,2.0,0.01,AIS
-2802.433070394218,2.0,0.01,AIS
-2802.4860039507935,2.0,0.01,AIS
-2802.470337646378,2.0,0.01,AIS
-2802.4851770743517,2.0,0.01,AIS
-2802.489891516176,2.0,0.01,AIS
-2802.49969114433,2.0,0.01,AIS
-2802.4556405653307,2.0,0.01,AIS
-2802.5313657229954,2.0,0.01,AIS
-2802.4576278124723,2.0,0.01,AIS
-2802.457235256879,2.0,0.01,AIS
-2802.4658514710345,2.0,0.01,AIS
-2802.4798648342953,2.0,0.01,AIS
-2802.4908940345963,2.0,0.01,AIS
-2802.517310564091,2.0,0.01,AIS
-2802.5206348788124,2.0,0.01,AIS
-2802.452751939688,2.0,0.01,AIS
-2802.49725039344,2.0,0.01,AIS
-2802.4885856567466,2.0,0.01,AIS
-2802.471584060316,2.0,0.01,AIS
-2802.4566456374623,2.0,0.01,AIS
-2802.473028054714,2.0,0.01,AIS
-2802.4698221947024,2.0,0.01,AIS
-2802.5245290357593,2.0,0.01,AIS
-2802.5059194617593,2.0,0.01,AIS
-2802.468763094881,2.0,0.01,AIS
-2802.4606930519926,2.0,0.01,AIS
-2802.4685637500615,2.0,0.01,AIS
-2802.4811132679433,2.0,0.01,AIS
-2802.510430550029,2.0,0.01,AIS
-2802.472752892102,2.0,0.01,AIS
-2802.417906122171,2.0,0.01,AIS
-2802.439484939949,2.0,0.01,AIS
-2802.5057479063107,2.0,0.01,AIS
-2802.478018602872,2.0,0.01,AIS
-2802.496177035136,2.0,0.01,AIS
-2802.478705716658,2.0,0.01,AIS
-2802.479198269385,2.0,0.01,AIS
-2802.462032601316,2.0,0.01,AIS
-2802.5394625789572,2.0,0.01,AIS
-2802.485910865588,2.0,0.01,AIS
-2802.496949227975,2.0,0.01,AIS
-2802.502752379415,2.0,0.01,AIS
-2802.4884265698815,2.0,0.01,AIS
-2802.5147233325874,2.0,0.01,AIS
-2802.4723204164584,2.0,0.01,AIS
-2802.4712212439113,2.0,0.01,AIS
-2802.4484816986733,2.0,0.01,AIS
-2802.49048913807,2.0,0.01,AIS
-2802.4867597311,2.0,0.01,AIS
-2802.471615436112,2.0,0.01,AIS
-2802.504656702352,2.0,0.01,AIS
-2802.5161627815314,2.0,0.01,AIS
-2802.4768504505378,2.0,0.01,AIS
-2802.480576824295,2.0,0.01,AIS
-2802.47677823119,2.0,0.01,AIS
-2802.4880137229243,2.0,0.01,AIS
-2802.492325528856,2.0,0.01,AIS
-2802.4464384004364,2.0,0.01,AIS
-2802.459134586559,2.0,0.01,AIS
-2802.4868133955642,2.0,0.01,AIS
-2802.4618200948617,2.0,0.01,AIS
-2802.4578641944045,2.0,0.01,AIS
-2802.4669497050927,2.0,0.01,AIS
-2802.4432912411703,2.0,0.01,AIS
-2802.4744045080565,2.0,0.01,AIS
-2802.488123997314,2.0,0.01,AIS
-2802.5084449720807,2.0,0.01,AIS
-2802.465784713845,2.0,0.01,AIS
-2802.4634533648127,2.0,0.01,AIS
-2802.4677501779793,2.0,0.01,TI
-2802.478507688321,2.0,0.01,TI
-2802.464507639733,2.0,0.01,TI
-2802.4870292140645,2.0,0.01,TI
-2802.4795616707374,2.0,0.01,TI
-2802.4679286913943,2.0,0.01,TI
-2802.4783893546423,2.0,0.01,TI
-2802.490055578419,2.0,0.01,TI
-2802.459080490146,2.0,0.01,TI
-2802.479563997895,2.0,0.01,TI
-2802.4773271667473,2.0,0.01,TI
-2802.4996364978433,2.0,0.01,TI
-2802.4508984491476,2.0,0.01,TI
-2802.4727746878807,2.0,0.01,TI
-2802.4884516928605,2.0,0.01,TI
-2802.448691205043,2.0,0.01,TI
-2802.508066189605,2.0,0.01,TI
-2802.464399622549,2.0,0.01,TI
-2802.452994320298,2.0,0.01,TI
-2802.480710484731,2.0,0.01,TI
-2802.4795306255764,2.0,0.01,TI
-2802.453619335725,2.0,0.01,TI
-2802.47163990252,2.0,0.01,TI
-2802.4634048625385,2.0,0.01,TI
-2802.4879540096135,2.0,0.01,TI
-2802.4406992371332,2.0,0.01,TI
-2802.4876033502046,2.0,0.01,TI
-2802.4848074232923,2.0,0.01,TI
-2802.4312378757136,2.0,0.01,TI
-2802.446583132792,2.0,0.01,TI
-2802.463686976065,2.0,0.01,TI
-2802.447571121471,2.0,0.01,TI
-2802.502343391424,2.0,0.01,TI
-2802.4508675056827,2.0,0.01,TI
-2802.437214065183,2.0,0.01,TI
-2802.4926895470053,2.0,0.01,TI
-2802.429447254613,2.0,0.01,TI
-2802.483024377273,2.0,0.01,TI
-2802.5073369444617,2.0,0.01,TI
-2802.4658163617023,2.0,0.01,TI
-2802.4745075890737,2.0,0.01,TI
-2802.4730486977974,2.0,0.01,TI
-2802.495460190821,2.0,0.01,TI
-2802.4462076867976,2.0,0.01,TI
-2802.4699857172036,2.0,0.01,TI
-2802.494874408653,2.0,0.01,TI
-2802.477635305204,2.0,0.01,TI
-2802.4881920435087,2.0,0.01,TI
-2802.471949346006,2.0,0.01,TI
-2802.4622624848366,2.0,0.01,TI
-2802.480238505879,2.0,0.01,TI
-2802.5008591156184,2.0,0.01,TI
-2802.462493593986,2.0,0.01,TI
-2802.4780454201345,2.0,0.01,TI
-2802.4599932500496,2.0,0.01,TI
-2802.477058440837,2.0,0.01,TI
-2802.454490919872,2.0,0.01,TI
-2802.4459126535417,2.0,0.01,TI
-2802.502280442634,2.0,0.01,TI
-2802.498627422089,2.0,0.01,TI
-2802.464196611868,2.0,0.01,TI
-2802.4666979540216,2.0,0.01,TI
-2802.483587236464,2.0,0.01,TI
-2802.4818132055884,2.0,0.01,TI
-2802.432302510614,2.0,0.01,TI
-2802.4384888635614,2.0,0.01,TI
-2802.4518895260117,2.0,0.01,TI
-2802.466656008712,2.0,0.01,TI
-2802.4464086849057,2.0,0.01,TI
-2802.4538295304874,2.0,0.01,TI
-2802.478085959375,2.0,0.01,TI
-2802.4963355537006,2.0,0.01,TI
-2802.511191574624,2.0,0.01,TI
-2802.483607037374,2.0,0.01,TI
-2802.457996263699,2.0,0.01,TI
-2802.4840141891113,2.0,0.01,TI
-2802.4719218397227,2.0,0.01,TI
-2802.4823541437213,2.0,0.01,TI
-2802.49684620569,2.0,0.01,TI
-2802.4518729109614,2.0,0.01,TI
-2802.4882534364633,2.0,0.01,TI
-2802.513157746465,2.0,0.01,TI
-2802.471974500706,2.0,0.01,TI
-2802.469903416054,2.0,0.01,TI
-2802.4931683245077,2.0,0.01,TI
-2802.485184476681,2.0,0.01,TI
-2802.465265187489,2.0,0.01,TI
-2802.441700387445,2.0,0.01,TI
-2802.463418765783,2.0,0.01,TI
-2802.48919605264,2.0,0.01,TI
-2802.4789305064996,2.0,0.01,TI
-2802.46555446665,2.0,0.01,TI
-2802.4756531725793,2.0,0.01,TI
-2802.461019385091,2.0,0.01,TI
-2802.4972828713585,2.0,0.01,TI
-2802.4506970096636,2.0,0.01,TI
-2802.487470835277,2.0,0.01,TI
-2802.457610430357,2.0,0.01,TI
-2802.4633139127172,2.0,0.01,TI
-2802.4563223697073,2.0,0.01,TI
-2802.4326849017566,2.0,0.01,TI
-2802.492074123781,2.0,0.01,TI
-2802.4985417757753,2.0,0.01,TI
-2802.471691837898,2.0,0.01,TI
-2802.4740111159836,2.0,0.01,TI
-2802.4664633491416,2.0,0.01,TI
-2802.4845528546075,2.0,0.01,TI
-2802.495265618728,2.0,0.01,TI
-2802.4601230199596,2.0,0.01,TI
-2802.454643880631,2.0,0.01,TI
-2802.4941154537155,2.0,0.01,TI
-2802.4955056971194,2.0,0.01,TI
-2802.4555725333284,2.0,0.01,TI
-2802.480100926267,2.0,0.01,TI
-2802.486540036531,2.0,0.01,TI
-2802.458068202723,2.0,0.01,TI
-2802.4937233200144,2.0,0.01,TI
-2802.4859070139,2.0,0.01,TI
-2802.490026687192,2.0,0.01,TI
-2802.4814772981395,2.0,0.01,TI
-2802.4776148014316,2.0,0.01,TI
-2802.4313719876764,2.0,0.01,TI
-2802.4872140216876,2.0,0.01,TI
-2802.5236692241842,2.0,0.01,TI
-2802.4793324540196,2.0,0.01,TI
-2802.4959712080936,2.0,0.01,TI
-2802.4990062376933,2.0,0.01,TI
-2802.4637968736365,2.0,0.01,TI
-2802.4712393682953,2.0,0.01,Direct MC
-2802.462862464368,2.0,0.01,Direct MC
-2802.4737848012487,2.0,0.01,Direct MC
-2802.474193953788,2.0,0.01,Direct MC
-2802.4707252983085,2.0,0.01,Direct MC
-2802.4647551653948,2.0,0.01,Direct MC
-2802.481882689958,2.0,0.01,Direct MC
-2802.475427463843,2.0,0.01,Direct MC
-2802.458277077425,2.0,0.01,Direct MC
-2802.491453909588,2.0,0.01,Direct MC
-2802.4989008383864,2.0,0.01,Direct MC
-2802.471452269228,2.0,0.01,Direct MC
-2802.4910035667085,2.0,0.01,Direct MC
-2802.4755303623097,2.0,0.01,Direct MC
-2802.498527609544,2.0,0.01,Direct MC
-2802.4703240934687,2.0,0.01,Direct MC
-2802.487945612323,2.0,0.01,Direct MC
-2802.4942172991764,2.0,0.01,Direct MC
-2802.4535090070526,2.0,0.01,Direct MC
-2802.4822862596616,2.0,0.01,Direct MC
-2802.470985859877,2.0,0.01,Direct MC
-2802.493511213245,2.0,0.01,Direct MC
-2802.4805672522425,2.0,0.01,Direct MC
-2802.4791700362593,2.0,0.01,Direct MC
-2802.4783103980344,2.0,0.01,Direct MC
-2802.4907422291776,2.0,0.01,Direct MC
-2802.4998770239795,2.0,0.01,Direct MC
-2802.506541918719,2.0,0.01,Direct MC
-2802.46508373955,2.0,0.01,Direct MC
-2802.4918579631644,2.0,0.01,Direct MC
-2802.488037658702,2.0,0.01,Direct MC
-2802.466664854101,2.0,0.01,Direct MC
-2802.4683094386414,2.0,0.01,Direct MC
-2802.467101922989,2.0,0.01,Direct MC
-2802.4833356788927,2.0,0.01,Direct MC
-2802.4765780140074,2.0,0.01,Direct MC
-2802.494479697093,2.0,0.01,Direct MC
-2802.4766081288717,2.0,0.01,Direct MC
-2802.459072054298,2.0,0.01,Direct MC
-2802.4778049743304,2.0,0.01,Direct MC
-2802.4706848773635,2.0,0.01,Direct MC
-2802.463114573729,2.0,0.01,Direct MC
-2802.4862424763433,2.0,0.01,Direct MC
-2802.489576113145,2.0,0.01,Direct MC
-2802.475818984088,2.0,0.01,Direct MC
-2802.4656030780816,2.0,0.01,Direct MC
-2802.4867649958205,2.0,0.01,Direct MC
-2802.453040894701,2.0,0.01,Direct MC
-2802.4893073486182,2.0,0.01,Direct MC
-2802.4682695738184,2.0,0.01,Direct MC
-2802.5000825802804,2.0,0.01,Direct MC
-2802.4866404552254,2.0,0.01,Direct MC
-2802.462297683992,2.0,0.01,Direct MC
-2802.4580690204766,2.0,0.01,Direct MC
-2802.475743081884,2.0,0.01,Direct MC
-2802.47380612979,2.0,0.01,Direct MC
-2802.491118804761,2.0,0.01,Direct MC
-2802.4971244254284,2.0,0.01,Direct MC
-2802.493856976209,2.0,0.01,Direct MC
-2802.4767361827776,2.0,0.01,Direct MC
-2802.4746411572773,2.0,0.01,Direct MC
-2802.460968355497,2.0,0.01,Direct MC
-2802.4858325665064,2.0,0.01,Direct MC
-2802.4933966035537,2.0,0.01,Direct MC
-2802.491705412047,2.0,0.01,Direct MC
-2802.4770171793803,2.0,0.01,Direct MC
-2802.4724457449474,2.0,0.01,Direct MC
-2802.4737727057327,2.0,0.01,Direct MC
-2802.471742712878,2.0,0.01,Direct MC
-2802.4755808180357,2.0,0.01,Direct MC
-2802.464636506735,2.0,0.01,Direct MC
-2802.4821778910414,2.0,0.01,Direct MC
-2802.4802683010644,2.0,0.01,Direct MC
-2802.48238342934,2.0,0.01,Direct MC
-2802.4899121024914,2.0,0.01,Direct MC
-2802.4676773820597,2.0,0.01,Direct MC
-2802.481219157074,2.0,0.01,Direct MC
-2802.4785325126763,2.0,0.01,Direct MC
-2802.470558690153,2.0,0.01,Direct MC
-2802.4764800640214,2.0,0.01,Direct MC
-2802.48099065359,2.0,0.01,Direct MC
-2802.4771712274774,2.0,0.01,Direct MC
-2802.477191346757,2.0,0.01,Direct MC
-2802.478435000692,2.0,0.01,Direct MC
-2802.461772647692,2.0,0.01,Direct MC
-2802.4885254057735,2.0,0.01,Direct MC
-2802.4580450607014,2.0,0.01,Direct MC
-2802.476649593455,2.0,0.01,Direct MC
-2802.481759525939,2.0,0.01,Direct MC
-2802.4710133132094,2.0,0.01,Direct MC
-2802.4944690234192,2.0,0.01,Direct MC
-2802.459847951429,2.0,0.01,Direct MC
-2802.4570799205576,2.0,0.01,Direct MC
-2802.4704305996856,2.0,0.01,Direct MC
-2802.5060468141337,2.0,0.01,Direct MC
-2802.4742934770898,2.0,0.01,Direct MC
-2802.473283347167,2.0,0.01,Direct MC
-2802.4774620557073,2.0,0.01,Direct MC
-2802.471077743884,2.0,0.01,Direct MC
-2802.462788859309,2.0,0.01,Direct MC
-2802.485963447987,2.0,0.01,Direct MC
-2802.493232716825,2.0,0.01,Direct MC
-2802.4808224706744,2.0,0.01,Direct MC
-2802.4819404690084,2.0,0.01,Direct MC
-2802.476612883329,2.0,0.01,Direct MC
-2802.4679800558183,2.0,0.01,Direct MC
-2802.4579078590336,2.0,0.01,Direct MC
-2802.4739902530546,2.0,0.01,Direct MC
-2802.4849889208244,2.0,0.01,Direct MC
-2802.4698755539416,2.0,0.01,Direct MC
-2802.47177506346,2.0,0.01,Direct MC
-2802.4902241718437,2.0,0.01,Direct MC
-2802.4771377209067,2.0,0.01,Direct MC
-2802.477602375059,2.0,0.01,Direct MC
-2802.4633103300257,2.0,0.01,Direct MC
-2802.4626372897624,2.0,0.01,Direct MC
-2802.488565154404,2.0,0.01,Direct MC
-2802.4674481898314,2.0,0.01,Direct MC
-2802.469743482596,2.0,0.01,Direct MC
-2802.4802063725806,2.0,0.01,Direct MC
-2802.473434794306,2.0,0.01,Direct MC
-2802.4810910310516,2.0,0.01,Direct MC
-2802.4655117211128,2.0,0.01,Direct MC
-2802.4750036275814,2.0,0.01,Direct MC
-2802.470957045774,2.0,0.01,Direct MC
-2802.484020110804,2.0,0.01,Direct MC
-2802.456308264432,2.0,0.01,Direct MC
-2802.4844588694373,2.0,0.01,Direct MC
