"TauL","DiscreteTimes","Lmax","NClusters","g","Mean","Var","M","N"
1.160092807424594,0.0,6,400,0.0001,0.0,0.0,256,14400
1.160092807424594,0.1,6,400,0.0001,-2.75672600307391e-5,1.921092744466686e-7,256,14400
1.160092807424594,0.2,6,400,0.0001,0.00019904063232287526,7.795016213784488e-7,256,14400
1.160092807424594,0.3,6,400,0.0001,-2.6360598280411444e-5,1.7411006925405164e-6,256,14400
1.160092807424594,0.4,6,400,0.0001,-0.0004208322787518328,3.172704595203775e-6,256,14400
1.160092807424594,0.5,6,400,0.0001,-0.0001601088167778168,5.304531988915006e-6,256,14400
1.160092807424594,0.6,6,400,0.0001,0.0005772905355964516,7.740584975615535e-6,256,14400
1.160092807424594,0.7,6,400,0.0001,0.0004928526051157354,1.0246902160226831e-5,256,14400
1.160092807424594,0.8,6,400,0.0001,-0.00031588858900755037,1.3336284148594872e-5,256,14400
1.160092807424594,0.9,6,400,0.0001,0.0004200640090898055,1.684165224533789e-5,256,14400
1.160092807424594,1.0,6,400,0.0001,0.0015610067351210298,2.053369679181505e-5,256,14400
1.160092807424594,1.1,6,400,0.0001,0.002176775863469326,2.4700622159741075e-5,256,14400
1.160092807424594,1.2,6,400,0.0001,0.0018312778010820493,2.8632549499832426e-5,256,14400
1.160092807424594,1.3,6,400,0.0001,0.0012876382284149363,3.29509911425113e-5,256,14400
1.160092807424594,1.4,6,400,0.0001,0.0026029150720730996,3.660915745827499e-5,256,14400
1.160092807424594,1.5,6,400,0.0001,0.00389983755079609,4.064995968668698e-5,256,14400
1.160092807424594,1.6,6,400,0.0001,0.0038706597147352612,4.4698346293253185e-5,256,14400
1.160092807424594,1.7,6,400,0.0001,0.004903118272721057,4.85894732469794e-5,256,14400
1.160092807424594,1.8,6,400,0.0001,0.005832111668092288,5.230028415620514e-5,256,14400
1.160092807424594,1.9,6,400,0.0001,0.00532383217639209,5.722647751477712e-5,256,14400
1.160092807424594,2.0,6,400,0.0001,0.007206263922885732,6.111467179019046e-5,256,14400
1.160092807424594,2.1,6,400,0.0001,0.007559046360111096,6.514810503318547e-5,256,14400
1.160092807424594,2.2,6,400,0.0001,0.007845665340719279,6.869668454708392e-5,256,14400
1.160092807424594,2.3,6,400,0.0001,0.007768567568402633,7.339267196833046e-5,256,14400
1.160092807424594,2.4,6,400,0.0001,0.008590769227844752,7.77394373230924e-5,256,14400
1.160092807424594,2.5,6,400,0.0001,0.00998510474742539,8.316065264275467e-5,256,14400
1.160092807424594,2.6,6,400,0.0001,0.010856356339063494,8.726237064152646e-5,256,14400
1.160092807424594,2.7,6,400,0.0001,0.012671469143929751,9.148316805627363e-5,256,14400
1.160092807424594,2.8,6,400,0.0001,0.012584284347160265,9.523760620066311e-5,256,14400
1.160092807424594,2.9,6,400,0.0001,0.013508487313503995,9.99878655089808e-5,256,14400
1.160092807424594,3.0,6,400,0.0001,0.014569368915617817,0.00010453346831218536,256,14400
1.160092807424594,3.1,6,400,0.0001,0.016232709655677253,0.00010799992433950905,256,14400
1.160092807424594,3.2,6,400,0.0001,0.01784704878045886,0.00011211799718603327,256,14400
1.160092807424594,3.3,6,400,0.0001,0.018810240503225942,0.00011594358380541823,256,14400
1.160092807424594,3.4,6,400,0.0001,0.0205313247471026,0.00012053000613522933,256,14400
1.160092807424594,3.5,6,400,0.0001,0.021531809481538298,0.00012512722074899406,256,14400
1.160092807424594,3.6,6,400,0.0001,0.02290502300022733,0.00012900999058666488,256,14400
1.160092807424594,3.7,6,400,0.0001,0.023713346138546414,0.00013445131318969234,256,14400
1.160092807424594,3.8,6,400,0.0001,0.02420501242884105,0.0001387034981082349,256,14400
1.160092807424594,3.9,6,400,0.0001,0.024350434758461128,0.00014223041860792052,256,14400
1.160092807424594,4.0,6,400,0.0001,0.024404250455231202,0.0001461987795713429,256,14400
1.160092807424594,4.1,6,400,0.0001,0.025768106656954233,0.00015036511984477905,256,14400
1.160092807424594,4.2,6,400,0.0001,0.026805397096064148,0.0001540692603540243,256,14400
1.160092807424594,4.3,6,400,0.0001,0.027830068535307267,0.00015851540553508964,256,14400
1.160092807424594,4.4,6,400,0.0001,0.028628493444266497,0.00016326734824442102,256,14400
1.160092807424594,4.5,6,400,0.0001,0.029600574293613645,0.00016816881882485564,256,14400
1.160092807424594,4.6,6,400,0.0001,0.031415783482791296,0.00017183696509973009,256,14400
1.160092807424594,4.7,6,400,0.0001,0.03233172780931151,0.00017581020231676527,256,14400
1.160092807424594,4.8,6,400,0.0001,0.03311247386526601,0.00018098962795262336,256,14400
1.160092807424594,4.9,6,400,0.0001,0.03345721661937811,0.00018599708499024084,256,14400
1.160092807424594,5.0,6,400,0.0001,0.03490226835316409,0.00019056631188806662,256,14400
1.160092807424594,5.1,6,400,0.0001,0.03476818806808701,0.0001959380595678289,256,14400
1.160092807424594,5.2,6,400,0.0001,0.03480017518016717,0.0002012053216799242,256,14400
1.160092807424594,5.3,6,400,0.0001,0.03518518508027126,0.0002067599484329032,256,14400
1.160092807424594,5.4,6,400,0.0001,0.035915767908930626,0.0002110518138633346,256,14400
1.160092807424594,5.5,6,400,0.0001,0.03628146651862254,0.00021575232275145554,256,14400
1.160092807424594,5.6,6,400,0.0001,0.03617353082225438,0.0002210182616991783,256,14400
1.160092807424594,5.7,6,400,0.0001,0.03641948829054147,0.00022639694836419096,256,14400
1.160092807424594,5.8,6,400,0.0001,0.0372487999644525,0.00023099944329446322,256,14400
1.160092807424594,5.9,6,400,0.0001,0.037212012914436245,0.00023512200195374968,256,14400
1.160092807424594,6.0,6,400,0.0001,0.03735165972652289,0.00023991715148150516,256,14400
1.160092807424594,6.1,6,400,0.0001,0.03837383447273168,0.0002435906641287334,256,14400
1.160092807424594,6.2,6,400,0.0001,0.038560226153123135,0.0002477747432015732,256,14400
1.160092807424594,6.3,6,400,0.0001,0.03866913595008858,0.0002530206931507361,256,14400
1.160092807424594,6.4,6,400,0.0001,0.03800440082567447,0.0002579022188739054,256,14400
1.160092807424594,6.5,6,400,0.0001,0.038738373255311875,0.0002628920717770209,256,14400
1.160092807424594,6.6,6,400,0.0001,0.03854478067978763,0.0002672824234187383,256,14400
1.160092807424594,6.7,6,400,0.0001,0.040202081139755645,0.0002718131778058236,256,14400
1.160092807424594,6.8,6,400,0.0001,0.04040868723050355,0.0002759205082537424,256,14400
1.160092807424594,6.9,6,400,0.0001,0.0421608645823532,0.00028046916626614656,256,14400
1.160092807424594,7.0,6,400,0.0001,0.04268252666601459,0.0002838826432948521,256,14400
1.160092807424594,7.1,6,400,0.0001,0.043799756064771725,0.000289022404425173,256,14400
1.160092807424594,7.2,6,400,0.0001,0.044241738389407856,0.0002935959552297405,256,14400
1.160092807424594,7.3,6,400,0.0001,0.043545664454997884,0.00029832221856299285,256,14400
1.160092807424594,7.4,6,400,0.0001,0.043742773097846015,0.00030375619980864676,256,14400
1.160092807424594,7.5,6,400,0.0001,0.04535951478093113,0.0003066664070879963,256,14400
1.160092807424594,7.6,6,400,0.0001,0.04559111592379243,0.00031112160574133543,256,14400
1.160092807424594,7.7,6,400,0.0001,0.04663274253016829,0.0003156391822802157,256,14400
1.160092807424594,7.8,6,400,0.0001,0.046564958749093215,0.00031946246805497424,256,14400
1.160092807424594,7.9,6,400,0.0001,0.04691073444733371,0.000323137359771795,256,14400
1.160092807424594,8.0,6,400,0.0001,0.04819519458988603,0.00032582721615419025,256,14400
1.160092807424594,8.1,6,400,0.0001,0.047890932947953435,0.00033070220341916703,256,14400
1.160092807424594,8.2,6,400,0.0001,0.04842979379554486,0.0003357920898892741,256,14400
1.160092807424594,8.3,6,400,0.0001,0.04881446039220059,0.0003400694681671557,256,14400
1.160092807424594,8.4,6,400,0.0001,0.049004881017123504,0.00034444938143947276,256,14400
1.160092807424594,8.5,6,400,0.0001,0.04980048989527859,0.0003482947736139088,256,14400
1.160092807424594,8.6,6,400,0.0001,0.050120140601454,0.0003525252890490018,256,14400
1.160092807424594,8.7,6,400,0.0001,0.0506865182249587,0.00035711846949560447,256,14400
1.160092807424594,8.8,6,400,0.0001,0.05219844646367063,0.0003602741966032566,256,14400
1.160092807424594,8.9,6,400,0.0001,0.052220950213894765,0.0003641085351204453,256,14400
1.160092807424594,9.0,6,400,0.0001,0.05336953228472137,0.00036947997147542444,256,14400
1.160092807424594,9.1,6,400,0.0001,0.05397954783583474,0.00037376931542556553,256,14400
1.160092807424594,9.2,6,400,0.0001,0.054975251411346515,0.000377621080544207,256,14400
1.160092807424594,9.3,6,400,0.0001,0.055844647752237506,0.0003832231759168593,256,14400
1.160092807424594,9.4,6,400,0.0001,0.05593200855131727,0.00038983846594036815,256,14400
1.160092807424594,9.5,6,400,0.0001,0.05705453682170224,0.00039424728821455186,256,14400
1.160092807424594,9.6,6,400,0.0001,0.05928115190407779,0.00039905206476037995,256,14400
1.160092807424594,9.7,6,400,0.0001,0.06007933693349413,0.0004019919045777934,256,14400
1.160092807424594,9.8,6,400,0.0001,0.06019164733410839,0.0004088331433209624,256,14400
1.160092807424594,9.9,6,400,0.0001,0.0614037259947832,0.0004135047121612588,256,14400
1.160092807424594,10.0,6,400,0.0001,0.062471630545009635,0.0004182206774627455,256,14400
1.160092807424594,10.1,6,400,0.0001,0.06325782513811848,0.0004223380212698694,256,14400
1.160092807424594,10.2,6,400,0.0001,0.06478678274143021,0.00042735909526227375,256,14400
1.160092807424594,10.3,6,400,0.0001,0.06476560662814236,0.00043057329501606286,256,14400
1.160092807424594,10.4,6,400,0.0001,0.06621132215206874,0.0004357266413700554,256,14400
1.160092807424594,10.5,6,400,0.0001,0.06766618735422122,0.0004407976234327736,256,14400
1.160092807424594,10.6,6,400,0.0001,0.06900025356583582,0.0004451154690493714,256,14400
1.160092807424594,10.7,6,400,0.0001,0.06977615005443417,0.0004498616330675718,256,14400
1.160092807424594,10.8,6,400,0.0001,0.0699357815266962,0.0004559637144645041,256,14400
1.160092807424594,10.9,6,400,0.0001,0.07070606709432063,0.00046074965290695,256,14400
1.160092807424594,11.0,6,400,0.0001,0.07234875080919463,0.0004645398646854333,256,14400
1.160092807424594,11.1,6,400,0.0001,0.07308577219544936,0.0004702900274568578,256,14400
1.160092807424594,11.2,6,400,0.0001,0.07234861881685598,0.00047502848817742736,256,14400
1.160092807424594,11.3,6,400,0.0001,0.07356848395995459,0.0004788749326730806,256,14400
1.160092807424594,11.4,6,400,0.0001,0.07391451278232529,0.00048294123853772665,256,14400
1.160092807424594,11.5,6,400,0.0001,0.0748483136496442,0.0004868920705626283,256,14400
1.160092807424594,11.6,6,400,0.0001,0.07625584856978904,0.0004913558266918396,256,14400
1.160092807424594,11.7,6,400,0.0001,0.07681375385220032,0.0004952094380776424,256,14400
1.160092807424594,11.8,6,400,0.0001,0.07773448733276585,0.000499021125400816,256,14400
1.160092807424594,11.9,6,400,0.0001,0.0785138304976216,0.0005048014727668813,256,14400
1.160092807424594,12.0,6,400,0.0001,0.07821447654669303,0.0005093472343132818,256,14400
1.160092807424594,12.1,6,400,0.0001,0.07865321786453328,0.0005137465161160285,256,14400
1.160092807424594,12.2,6,400,0.0001,0.07942010435757563,0.0005172770531979083,256,14400
1.160092807424594,12.3,6,400,0.0001,0.08068137955922997,0.0005233932343375176,256,14400
1.160092807424594,12.4,6,400,0.0001,0.08129751459051882,0.0005287568405848535,256,14400
1.160092807424594,12.5,6,400,0.0001,0.08219663622685605,0.0005340920362833059,256,14400
1.160092807424594,12.6,6,400,0.0001,0.08364863844578699,0.0005404246072196572,256,14400
1.160092807424594,12.7,6,400,0.0001,0.08456670931346404,0.0005434018514814178,256,14400
1.160092807424594,12.8,6,400,0.0001,0.08539211288062183,0.0005476661058887909,256,14400
1.160092807424594,12.9,6,400,0.0001,0.08542813878487018,0.000552844072522868,256,14400
1.160092807424594,13.0,6,400,0.0001,0.08634352540642592,0.0005571032597261191,256,14400
1.160092807424594,13.1,6,400,0.0001,0.08743750398716656,0.0005626176489487832,256,14400
1.160092807424594,13.2,6,400,0.0001,0.08845938545790785,0.0005675801417822804,256,14400
1.160092807424594,13.3,6,400,0.0001,0.09060793679055577,0.0005713427032838903,256,14400
1.160092807424594,13.4,6,400,0.0001,0.09171798508475251,0.0005750983621566001,256,14400
1.160092807424594,13.5,6,400,0.0001,0.0925409935123106,0.0005795544840477647,256,14400
1.160092807424594,13.6,6,400,0.0001,0.09321185243564994,0.0005853563906656331,256,14400
1.160092807424594,13.7,6,400,0.0001,0.09305506804566702,0.0005920451851110647,256,14400
1.160092807424594,13.8,6,400,0.0001,0.09296069579059904,0.0005972389556454457,256,14400
1.160092807424594,13.9,6,400,0.0001,0.09400894631883906,0.0006004721196066494,256,14400
1.160092807424594,14.0,6,400,0.0001,0.09421656635227718,0.0006059804551891856,256,14400
1.160092807424594,14.1,6,400,0.0001,0.09501859405883199,0.0006089777014191449,256,14400
1.160092807424594,14.2,6,400,0.0001,0.09641229988337727,0.0006158259190499483,256,14400
1.160092807424594,14.3,6,400,0.0001,0.09746112827276293,0.0006209501975280665,256,14400
1.160092807424594,14.4,6,400,0.0001,0.09739932626411449,0.0006244452760298749,256,14400
1.160092807424594,14.5,6,400,0.0001,0.09939703073051837,0.0006305529963236217,256,14400
1.160092807424594,14.6,6,400,0.0001,0.10028281162864812,0.0006359440539177925,256,14400
1.160092807424594,14.7,6,400,0.0001,0.10108913839836733,0.0006404343712657917,256,14400
1.160092807424594,14.8,6,400,0.0001,0.10098506477063185,0.0006443925219624249,256,14400
1.160092807424594,14.9,6,400,0.0001,0.10141527023169652,0.000649079486292932,256,14400
1.160092807424594,15.0,6,400,0.0001,0.1032380496029186,0.0006538153715994679,256,14400
1.160092807424594,15.1,6,400,0.0001,0.10259502168117451,0.0006577283964997998,256,14400
1.160092807424594,15.2,6,400,0.0001,0.10401894684932711,0.0006643966524040565,256,14400
1.160092807424594,15.3,6,400,0.0001,0.10538622419165526,0.0006699074712642233,256,14400
1.160092807424594,15.4,6,400,0.0001,0.10736606955017325,0.0006747538738263928,256,14400
1.160092807424594,15.5,6,400,0.0001,0.10787806868084268,0.0006791609693723328,256,14400
1.160092807424594,15.6,6,400,0.0001,0.1093156870707753,0.0006848492378439263,256,14400
1.160092807424594,15.7,6,400,0.0001,0.11095694541931152,0.0006885539010189741,256,14400
1.160092807424594,15.8,6,400,0.0001,0.11246122641278715,0.0006930994170562606,256,14400
1.160092807424594,15.9,6,400,0.0001,0.11368149974299335,0.0006982116221894438,256,14400
1.160092807424594,16.0,6,400,0.0001,0.11486121954971976,0.0007029322158507771,256,14400
1.160092807424594,16.1,6,400,0.0001,0.11620801687014237,0.0007080615308519464,256,14400
1.160092807424594,16.2,6,400,0.0001,0.11684226988711291,0.0007136639429412573,256,14400
1.160092807424594,16.3,6,400,0.0001,0.11721548189008094,0.0007173258958352538,256,14400
1.160092807424594,16.4,6,400,0.0001,0.11671870704326363,0.0007225502742613544,256,14400
1.160092807424594,16.5,6,400,0.0001,0.11706560679271612,0.0007266293960794791,256,14400
1.160092807424594,16.6,6,400,0.0001,0.11684059589422151,0.0007301767286747057,256,14400
1.160092807424594,16.7,6,400,0.0001,0.11735887289564643,0.0007349465982074384,256,14400
1.160092807424594,16.8,6,400,0.0001,0.12004978097820034,0.0007393753685180647,256,14400
1.160092807424594,16.9,6,400,0.0001,0.12077826600605882,0.0007435410225907553,256,14400
1.160092807424594,17.0,6,400,0.0001,0.12011428668952755,0.0007481669322515936,256,14400
1.160092807424594,17.1,6,400,0.0001,0.1209648622772915,0.0007518950486812756,256,14400
1.160092807424594,17.2,6,400,0.0001,0.12219159555589106,0.000756560314390783,256,14400
1.160092807424594,17.3,6,400,0.0001,0.12328071459358196,0.0007610260789979487,256,14400
1.160092807424594,17.4,6,400,0.0001,0.12320335853592648,0.0007651492501011036,256,14400
1.160092807424594,17.5,6,400,0.0001,0.12217034060469205,0.0007694157595302301,256,14400
1.160092807424594,17.6,6,400,0.0001,0.12208904025979184,0.0007730643383349816,256,14400
1.160092807424594,17.7,6,400,0.0001,0.12056630739877516,0.0007775449270443842,256,14400
1.160092807424594,17.8,6,400,0.0001,0.12189761325936868,0.0007822958104995746,256,14400
1.160092807424594,17.9,6,400,0.0001,0.12229485140421377,0.0007882402439909023,256,14400
1.160092807424594,18.0,6,400,0.0001,0.12281511521232054,0.0007924353248524217,256,14400
1.160092807424594,18.1,6,400,0.0001,0.12329172537325779,0.0007974317296270215,256,14400
1.160092807424594,18.2,6,400,0.0001,0.12349666097097925,0.0008031374503720444,256,14400
1.160092807424594,18.3,6,400,0.0001,0.12554610994165866,0.0008072935054416807,256,14400
1.160092807424594,18.4,6,400,0.0001,0.12536426020934918,0.0008135636458757013,256,14400
1.160092807424594,18.5,6,400,0.0001,0.12603860748200937,0.0008190511434345507,256,14400
1.160092807424594,18.6,6,400,0.0001,0.12658509262902146,0.0008251649864851895,256,14400
1.160092807424594,18.7,6,400,0.0001,0.12718630459890443,0.0008295648948566352,256,14400
1.160092807424594,18.8,6,400,0.0001,0.12760914521304786,0.0008364059955466262,256,14400
1.160092807424594,18.9,6,400,0.0001,0.1278853629129137,0.0008434450895446093,256,14400
1.160092807424594,19.0,6,400,0.0001,0.12918615347175444,0.0008493900947824873,256,14400
1.160092807424594,19.1,6,400,0.0001,0.12992921417656664,0.0008529999345878173,256,14400
1.160092807424594,19.2,6,400,0.0001,0.1309272750605467,0.0008553397633247846,256,14400
1.160092807424594,19.3,6,400,0.0001,0.13156443595634,0.0008592426090091698,256,14400
1.160092807424594,19.4,6,400,0.0001,0.1327753465345854,0.0008627306900276665,256,14400
1.160092807424594,19.5,6,400,0.0001,0.1337083090072136,0.0008684125408126772,256,14400
1.160092807424594,19.6,6,400,0.0001,0.13405936939447807,0.0008736996925007119,256,14400
1.160092807424594,19.7,6,400,0.0001,0.13604633433550287,0.0008778050357781591,256,14400
1.160092807424594,19.8,6,400,0.0001,0.1364166684280564,0.0008824118371840346,256,14400
1.160092807424594,19.9,6,400,0.0001,0.1366090260426669,0.0008864764090258046,256,14400
1.160092807424594,20.0,6,400,0.0001,0.13687875161510116,0.000889936403782394,256,14400
1.160092807424594,0.0,6,400,0.0002,0.0,0.0,256,14400
1.160092807424594,0.1,6,400,0.0002,-0.0001869095406752624,1.9497520018154584e-7,256,14400
1.160092807424594,0.2,6,400,0.0002,-0.0004453144037051971,7.832947027913769e-7,256,14400
1.160092807424594,0.3,6,400,0.0002,-0.0004210949908519979,1.8664292906653353e-6,256,14400
1.160092807424594,0.4,6,400,0.0002,0.0004927894757373805,3.5723712119207106e-6,256,14400
1.160092807424594,0.5,6,400,0.0002,0.0012458263768470109,6.1286142240845525e-6,256,14400
1.160092807424594,0.6,6,400,0.0002,0.0028163871126222753,9.205692100422644e-6,256,14400
1.160092807424594,0.7,6,400,0.0002,0.0039803924449754256,1.310785976279253e-5,256,14400
1.160092807424594,0.8,6,400,0.0002,0.003920832717808985,1.6922340986713056e-5,256,14400
1.160092807424594,0.9,6,400,0.0002,0.004751619653260504,2.2378260032781208e-5,256,14400
1.160092807424594,1.0,6,400,0.0002,0.006546545345469591,2.81584694656458e-5,256,14400
1.160092807424594,1.1,6,400,0.0002,0.008336214358920794,3.4310680151686764e-5,256,14400
1.160092807424594,1.2,6,400,0.0002,0.010271744606450538,4.025727748294689e-5,256,14400
1.160092807424594,1.3,6,400,0.0002,0.01298882695201529,4.591441383361085e-5,256,14400
1.160092807424594,1.4,6,400,0.0002,0.014601570018498428,5.185814575879422e-5,256,14400
1.160092807424594,1.5,6,400,0.0002,0.015338284249345533,5.805543640298296e-5,256,14400
1.160092807424594,1.6,6,400,0.0002,0.018372090727502333,6.545922497713285e-5,256,14400
1.160092807424594,1.7,6,400,0.0002,0.019738628762683626,7.176946181150811e-5,256,14400
1.160092807424594,1.8,6,400,0.0002,0.022719675154140632,7.918394925787954e-5,256,14400
1.160092807424594,1.9,6,400,0.0002,0.02529690063949803,8.630260496953111e-5,256,14400
1.160092807424594,2.0,6,400,0.0002,0.02853242268062281,9.442111749820523e-5,256,14400
1.160092807424594,2.1,6,400,0.0002,0.030531047292056933,0.00010214040943805675,256,14400
1.160092807424594,2.2,6,400,0.0002,0.03127736123927106,0.00011034338677664065,256,14400
1.160092807424594,2.3,6,400,0.0002,0.034775435509566,0.0001171105380769098,256,14400
1.160092807424594,2.4,6,400,0.0002,0.03797725177079782,0.0001254874081736088,256,14400
1.160092807424594,2.5,6,400,0.0002,0.04070849849167441,0.00013367703827023037,256,14400
1.160092807424594,2.6,6,400,0.0002,0.0439685677910893,0.00014083380083436802,256,14400
1.160092807424594,2.7,6,400,0.0002,0.04861208530935175,0.00014899322615823172,256,14400
1.160092807424594,2.8,6,400,0.0002,0.05353814831867769,0.0001553153519751062,256,14400
1.160092807424594,2.9,6,400,0.0002,0.05579769670498434,0.00016262916528617932,256,14400
1.160092807424594,3.0,6,400,0.0002,0.060453765177881,0.00016918889301180046,256,14400
1.160092807424594,3.1,6,400,0.0002,0.06508434606505033,0.0001764494354427256,256,14400
1.160092807424594,3.2,6,400,0.0002,0.06814534267510074,0.00018300487485753465,256,14400
1.160092807424594,3.3,6,400,0.0002,0.07067834869950376,0.0001911949840740558,256,14400
1.160092807424594,3.4,6,400,0.0002,0.07348024163048346,0.00019762410255892704,256,14400
1.160092807424594,3.5,6,400,0.0002,0.07634442640837934,0.00020526234486187896,256,14400
1.160092807424594,3.6,6,400,0.0002,0.08043525532869453,0.00021367191430939563,256,14400
1.160092807424594,3.7,6,400,0.0002,0.08266517603814362,0.00022088162217233704,256,14400
1.160092807424594,3.8,6,400,0.0002,0.08412609644640016,0.00022836322629076687,256,14400
1.160092807424594,3.9,6,400,0.0002,0.08836942188093315,0.00023698994699575417,256,14400
1.160092807424594,4.0,6,400,0.0002,0.09257083997140095,0.0002455256022807283,256,14400
1.160092807424594,4.1,6,400,0.0002,0.09655790399444716,0.0002539945229224346,256,14400
1.160092807424594,4.2,6,400,0.0002,0.0999149711588042,0.000263976820048959,256,14400
1.160092807424594,4.3,6,400,0.0002,0.10310377285392154,0.00027366108042824313,256,14400
1.160092807424594,4.4,6,400,0.0002,0.10613649867259986,0.0002822756617096759,256,14400
1.160092807424594,4.5,6,400,0.0002,0.10968869831212538,0.0002887246429763315,256,14400
1.160092807424594,4.6,6,400,0.0002,0.11362913849512957,0.00029649088248958873,256,14400
1.160092807424594,4.7,6,400,0.0002,0.11740491651158665,0.0003032954107441754,256,14400
1.160092807424594,4.8,6,400,0.0002,0.11959393558381837,0.0003121621753843676,256,14400
1.160092807424594,4.9,6,400,0.0002,0.1233543013823348,0.00032100242647637605,256,14400
1.160092807424594,5.0,6,400,0.0002,0.12690689877076589,0.00032795262206488025,256,14400
1.160092807424594,5.1,6,400,0.0002,0.12906047518360236,0.0003354516124708923,256,14400
1.160092807424594,5.2,6,400,0.0002,0.1321940863591347,0.00034195836737716,256,14400
1.160092807424594,5.3,6,400,0.0002,0.13555181213971484,0.0003500614009095576,256,14400
1.160092807424594,5.4,6,400,0.0002,0.13905274878359503,0.0003579215898853724,256,14400
1.160092807424594,5.5,6,400,0.0002,0.14244122364073214,0.00036484272113586336,256,14400
1.160092807424594,5.6,6,400,0.0002,0.14376667544074334,0.00037367316847103263,256,14400
1.160092807424594,5.7,6,400,0.0002,0.145011474071879,0.0003811511898752478,256,14400
1.160092807424594,5.8,6,400,0.0002,0.14923289890179553,0.00039035636564416996,256,14400
1.160092807424594,5.9,6,400,0.0002,0.15195400628663872,0.00039677898826886006,256,14400
1.160092807424594,6.0,6,400,0.0002,0.1559875929282862,0.0004051735451093174,256,14400
1.160092807424594,6.1,6,400,0.0002,0.15830785294244482,0.0004110441844506537,256,14400
1.160092807424594,6.2,6,400,0.0002,0.16077983297305765,0.0004178775906351287,256,14400
1.160092807424594,6.3,6,400,0.0002,0.16364688686606113,0.0004261373340846674,256,14400
1.160092807424594,6.4,6,400,0.0002,0.16840522843398503,0.00043402611539098795,256,14400
1.160092807424594,6.5,6,400,0.0002,0.17277051940838445,0.00043970784187825863,256,14400
1.160092807424594,6.6,6,400,0.0002,0.1765334433039243,0.0004469585596892151,256,14400
1.160092807424594,6.7,6,400,0.0002,0.18080367906500922,0.0004534920033172578,256,14400
1.160092807424594,6.8,6,400,0.0002,0.18527257809774406,0.0004587578891471756,256,14400
1.160092807424594,6.9,6,400,0.0002,0.18897999079917402,0.00046640016522194437,256,14400
1.160092807424594,7.0,6,400,0.0002,0.1913798509450377,0.000473817382837403,256,14400
1.160092807424594,7.1,6,400,0.0002,0.19425743252768166,0.00047989016796169193,256,14400
1.160092807424594,7.2,6,400,0.0002,0.19845091374817356,0.0004859455121563439,256,14400
1.160092807424594,7.3,6,400,0.0002,0.20082691704731484,0.0004917016916861249,256,14400
1.160092807424594,7.4,6,400,0.0002,0.20363359322968688,0.0004994850328645396,256,14400
1.160092807424594,7.5,6,400,0.0002,0.20702579467238844,0.0005057435104244024,256,14400
1.160092807424594,7.6,6,400,0.0002,0.2121117669258254,0.0005120276609224567,256,14400
1.160092807424594,7.7,6,400,0.0002,0.21495917919114516,0.0005201134219828035,256,14400
1.160092807424594,7.8,6,400,0.0002,0.21819744024776608,0.0005267606896028913,256,14400
1.160092807424594,7.9,6,400,0.0002,0.22163473573130127,0.0005334446355036924,256,14400
1.160092807424594,8.0,6,400,0.0002,0.22558622945151807,0.0005446564491524648,256,14400
1.160092807424594,8.1,6,400,0.0002,0.22778815897808977,0.0005519775395006852,256,14400
1.160092807424594,8.2,6,400,0.0002,0.23036312092813507,0.0005585990353449427,256,14400
1.160092807424594,8.3,6,400,0.0002,0.23194557990645995,0.0005676687742998971,256,14400
1.160092807424594,8.4,6,400,0.0002,0.23515488714788163,0.0005740369777795474,256,14400
1.160092807424594,8.5,6,400,0.0002,0.23725359356739012,0.0005814099522241333,256,14400
1.160092807424594,8.6,6,400,0.0002,0.24104184774843612,0.0005890135827314607,256,14400
1.160092807424594,8.7,6,400,0.0002,0.2444805663350659,0.0005964566144357369,256,14400
1.160092807424594,8.8,6,400,0.0002,0.24840043363704659,0.0006043147470665585,256,14400
1.160092807424594,8.9,6,400,0.0002,0.252964114003763,0.0006132902836830891,256,14400
1.160092807424594,9.0,6,400,0.0002,0.2539437044044543,0.0006215832531110335,256,14400
1.160092807424594,9.1,6,400,0.0002,0.2569675591932092,0.0006281333697441288,256,14400
1.160092807424594,9.2,6,400,0.0002,0.26100301503077694,0.0006369414340377197,256,14400
1.160092807424594,9.3,6,400,0.0002,0.2620976946721203,0.0006435162364688867,256,14400
1.160092807424594,9.4,6,400,0.0002,0.26487802546510164,0.0006525993042678816,256,14400
1.160092807424594,9.5,6,400,0.0002,0.2687495897849375,0.0006611442084161519,256,14400
1.160092807424594,9.6,6,400,0.0002,0.27100496035599553,0.0006699490153322563,256,14400
1.160092807424594,9.7,6,400,0.0002,0.27413764222101433,0.0006802316825508604,256,14400
1.160092807424594,9.8,6,400,0.0002,0.2761826035703416,0.0006879367393176863,256,14400
1.160092807424594,9.9,6,400,0.0002,0.2808554433114154,0.0006956478468928162,256,14400
1.160092807424594,10.0,6,400,0.0002,0.28306626988416406,0.0007034494960743188,256,14400
1.160092807424594,10.1,6,400,0.0002,0.2868380446454911,0.0007101312880217193,256,14400
1.160092807424594,10.2,6,400,0.0002,0.289004368198447,0.0007164242329527468,256,14400
1.160092807424594,10.3,6,400,0.0002,0.29166233933259117,0.000725607790709191,256,14400
1.160092807424594,10.4,6,400,0.0002,0.2952185783221244,0.000731464923748978,256,14400
1.160092807424594,10.5,6,400,0.0002,0.2980940790829805,0.0007392929180716188,256,14400
1.160092807424594,10.6,6,400,0.0002,0.30063243909286236,0.0007481186083512633,256,14400
1.160092807424594,10.7,6,400,0.0002,0.30528689733826064,0.0007543585174377873,256,14400
1.160092807424594,10.8,6,400,0.0002,0.3067218519019014,0.0007597049742991073,256,14400
1.160092807424594,10.9,6,400,0.0002,0.30947993403300644,0.0007662268109982183,256,14400
1.160092807424594,11.0,6,400,0.0002,0.3102806155554006,0.0007709904032435771,256,14400
1.160092807424594,11.1,6,400,0.0002,0.3139615529544406,0.0007781359645916473,256,14400
1.160092807424594,11.2,6,400,0.0002,0.3167144051893653,0.0007858815642981428,256,14400
1.160092807424594,11.3,6,400,0.0002,0.3179182330525105,0.0007935873031147536,256,14400
1.160092807424594,11.4,6,400,0.0002,0.3199554577668702,0.0008004732653153485,256,14400
1.160092807424594,11.5,6,400,0.0002,0.32338848031678935,0.0008094857581359924,256,14400
1.160092807424594,11.6,6,400,0.0002,0.3235454879097718,0.0008179173521141387,256,14400
1.160092807424594,11.7,6,400,0.0002,0.32875721182134143,0.0008241428287467781,256,14400
1.160092807424594,11.8,6,400,0.0002,0.33131430525976213,0.000831689854811095,256,14400
1.160092807424594,11.9,6,400,0.0002,0.33579740134795427,0.0008393230777979374,256,14400
1.160092807424594,12.0,6,400,0.0002,0.33852376459244016,0.0008474281610454841,256,14400
1.160092807424594,12.1,6,400,0.0002,0.34111671794438736,0.0008572213881692812,256,14400
1.160092807424594,12.2,6,400,0.0002,0.34401270318579114,0.0008639006555667001,256,14400
1.160092807424594,12.3,6,400,0.0002,0.34732099528812493,0.0008735431288140159,256,14400
1.160092807424594,12.4,6,400,0.0002,0.3505408806334405,0.000880493258609316,256,14400
1.160092807424594,12.5,6,400,0.0002,0.353630373206203,0.000888516262047267,256,14400
1.160092807424594,12.6,6,400,0.0002,0.35596785911633766,0.000896609575408232,256,14400
1.160092807424594,12.7,6,400,0.0002,0.3577716517047116,0.0009033912909400333,256,14400
1.160092807424594,12.8,6,400,0.0002,0.36248135323416336,0.0009118932757345025,256,14400
1.160092807424594,12.9,6,400,0.0002,0.36411906246225245,0.0009196821884584271,256,14400
1.160092807424594,13.0,6,400,0.0002,0.368160875172697,0.0009248019613812043,256,14400
1.160092807424594,13.1,6,400,0.0002,0.37065784976077143,0.0009292324439658,256,14400
1.160092807424594,13.2,6,400,0.0002,0.3744428524341655,0.0009361365760477778,256,14400
1.160092807424594,13.3,6,400,0.0002,0.37730265856109324,0.0009450279423714585,256,14400
1.160092807424594,13.4,6,400,0.0002,0.38074911352547736,0.0009541267498919155,256,14400
1.160092807424594,13.5,6,400,0.0002,0.38437003881085224,0.0009625335486370728,256,14400
1.160092807424594,13.6,6,400,0.0002,0.3857743140227911,0.0009718216287402123,256,14400
1.160092807424594,13.7,6,400,0.0002,0.39022026926789993,0.0009777991740300706,256,14400
1.160092807424594,13.8,6,400,0.0002,0.3935911909655099,0.0009812176319693494,256,14400
1.160092807424594,13.9,6,400,0.0002,0.3970006889446975,0.000988536484177804,256,14400
1.160092807424594,14.0,6,400,0.0002,0.39967533699686303,0.0009968421802265014,256,14400
1.160092807424594,14.1,6,400,0.0002,0.4019173580184643,0.0010052865996617636,256,14400
1.160092807424594,14.2,6,400,0.0002,0.40381224057313786,0.0010133289513870323,256,14400
1.160092807424594,14.3,6,400,0.0002,0.4067820578722038,0.0010192575902171655,256,14400
1.160092807424594,14.4,6,400,0.0002,0.40992703082638193,0.0010284878663010364,256,14400
1.160092807424594,14.5,6,400,0.0002,0.4129614219556809,0.0010346906786593325,256,14400
1.160092807424594,14.6,6,400,0.0002,0.41563634493624296,0.0010442624377700691,256,14400
1.160092807424594,14.7,6,400,0.0002,0.42025197685282256,0.0010512562584510513,256,14400
1.160092807424594,14.8,6,400,0.0002,0.42461910874812425,0.0010589409147044395,256,14400
1.160092807424594,14.9,6,400,0.0002,0.4260524502255915,0.0010651629184529404,256,14400
1.160092807424594,15.0,6,400,0.0002,0.42894798039782067,0.0010736752221561917,256,14400
1.160092807424594,15.1,6,400,0.0002,0.43203831120607594,0.0010837163445912234,256,14400
1.160092807424594,15.2,6,400,0.0002,0.43517577240402006,0.00109142535007284,256,14400
1.160092807424594,15.3,6,400,0.0002,0.4374947610289867,0.0010982208841251787,256,14400
1.160092807424594,15.4,6,400,0.0002,0.43969846513203165,0.00110751706156104,256,14400
1.160092807424594,15.5,6,400,0.0002,0.4423731201720592,0.001114981573650348,256,14400
1.160092807424594,15.6,6,400,0.0002,0.44548606503693416,0.0011222358316537839,256,14400
1.160092807424594,15.7,6,400,0.0002,0.4494546609931017,0.001130704239794937,256,14400
1.160092807424594,15.8,6,400,0.0002,0.45424642105218177,0.0011374869985581984,256,14400
1.160092807424594,15.9,6,400,0.0002,0.4567806638802156,0.0011421629473373888,256,14400
1.160092807424594,16.0,6,400,0.0002,0.4600768115067493,0.0011500799754928718,256,14400
1.160092807424594,16.1,6,400,0.0002,0.4626068773501578,0.0011600433157376504,256,14400
1.160092807424594,16.2,6,400,0.0002,0.46573445007405495,0.0011668119010427628,256,14400
1.160092807424594,16.3,6,400,0.0002,0.46967742709908633,0.0011756469998409045,256,14400
1.160092807424594,16.4,6,400,0.0002,0.4701060467730794,0.001180369687907608,256,14400
1.160092807424594,16.5,6,400,0.0002,0.4738847663610553,0.0011881940022644955,256,14400
1.160092807424594,16.6,6,400,0.0002,0.4751975411697316,0.0011946935452544667,256,14400
1.160092807424594,16.7,6,400,0.0002,0.47904522297528784,0.0011999946327822045,256,14400
1.160092807424594,16.8,6,400,0.0002,0.4816192069657458,0.0012077452436951885,256,14400
1.160092807424594,16.9,6,400,0.0002,0.485260823020815,0.0012174684411542713,256,14400
1.160092807424594,17.0,6,400,0.0002,0.4886392553660941,0.0012254790102805449,256,14400
1.160092807424594,17.1,6,400,0.0002,0.4916789148153556,0.0012326976026582534,256,14400
1.160092807424594,17.2,6,400,0.0002,0.4936370985720229,0.0012406286529526994,256,14400
1.160092807424594,17.3,6,400,0.0002,0.4964884318252249,0.0012462519238416573,256,14400
1.160092807424594,17.4,6,400,0.0002,0.49954494344749645,0.0012510623101062626,256,14400
1.160092807424594,17.5,6,400,0.0002,0.5016015776850204,0.0012539029692030898,256,14400
1.160092807424594,17.6,6,400,0.0002,0.5037733729687494,0.0012610646263133943,256,14400
1.160092807424594,17.7,6,400,0.0002,0.5071150489533062,0.0012673234184757572,256,14400
1.160092807424594,17.8,6,400,0.0002,0.5107128417740265,0.0012768211615829931,256,14400
1.160092807424594,17.9,6,400,0.0002,0.5133108742945154,0.0012789206374420146,256,14400
1.160092807424594,18.0,6,400,0.0002,0.5157717502978632,0.0012869774294859756,256,14400
1.160092807424594,18.1,6,400,0.0002,0.5191215622937306,0.0012947555344884367,256,14400
1.160092807424594,18.2,6,400,0.0002,0.5209381110711386,0.0013035469533936475,256,14400
1.160092807424594,18.3,6,400,0.0002,0.5239170768845361,0.00131205958385883,256,14400
1.160092807424594,18.4,6,400,0.0002,0.5265803695113735,0.001319608543310194,256,14400
1.160092807424594,18.5,6,400,0.0002,0.5302727579442499,0.0013273396309369987,256,14400
1.160092807424594,18.6,6,400,0.0002,0.5332073361865736,0.0013401707467699227,256,14400
1.160092807424594,18.7,6,400,0.0002,0.536001573359956,0.0013499076147255745,256,14400
1.160092807424594,18.8,6,400,0.0002,0.5374075836139187,0.0013559710690895907,256,14400
1.160092807424594,18.9,6,400,0.0002,0.5402408721007588,0.001364927528205754,256,14400
1.160092807424594,19.0,6,400,0.0002,0.5419452885502121,0.0013736359608029,256,14400
1.160092807424594,19.1,6,400,0.0002,0.5442297250626791,0.0013786299071842187,256,14400
1.160092807424594,19.2,6,400,0.0002,0.5470730885139589,0.0013847572807850496,256,14400
1.160092807424594,19.3,6,400,0.0002,0.550761078921884,0.0013911058709342107,256,14400
1.160092807424594,19.4,6,400,0.0002,0.5542805643750924,0.0013971585082526972,256,14400
1.160092807424594,19.5,6,400,0.0002,0.5571400414496506,0.001405840355129914,256,14400
1.160092807424594,19.6,6,400,0.0002,0.558777343607249,0.0014115873622344243,256,14400
1.160092807424594,19.7,6,400,0.0002,0.5620416244563724,0.0014181799927432863,256,14400
1.160092807424594,19.8,6,400,0.0002,0.5655241515719617,0.0014229759277759814,256,14400
1.160092807424594,19.9,6,400,0.0002,0.568429748558297,0.0014298609079765267,256,14400
1.160092807424594,20.0,6,400,0.0002,0.5698129007261014,0.001441146610654991,256,14400
1.160092807424594,0.0,6,400,0.0003,0.0,0.0,256,14400
1.160092807424594,0.1,6,400,0.0003,0.0001451714039197011,2.0318007298297363e-7,256,14400
1.160092807424594,0.2,6,400,0.0003,0.00016251951324395322,8.451196079296704e-7,256,14400
1.160092807424594,0.3,6,400,0.0003,0.0009305202187048659,2.211769071801836e-6,256,14400
1.160092807424594,0.4,6,400,0.0003,0.002692998941175675,4.583604251667106e-6,256,14400
1.160092807424594,0.5,6,400,0.0003,0.0038521911909841335,7.89771934234031e-6,256,14400
1.160092807424594,0.6,6,400,0.0003,0.004430027164136036,1.2337329690626715e-5,256,14400
1.160092807424594,0.7,6,400,0.0003,0.007026939884985445,1.790572379427194e-5,256,14400
1.160092807424594,0.8,6,400,0.0003,0.008481556972559095,2.523026791286028e-5,256,14400
1.160092807424594,0.9,6,400,0.0003,0.011334349611309639,3.2107687601907076e-5,256,14400
1.160092807424594,1.0,6,400,0.0003,0.015639010667364346,4.0674800659574885e-5,256,14400
1.160092807424594,1.1,6,400,0.0003,0.019838945866872057,4.8288438939086734e-5,256,14400
1.160092807424594,1.2,6,400,0.0003,0.024527711526267617,5.7997950869537684e-5,256,14400
1.160092807424594,1.3,6,400,0.0003,0.029772779378529075,6.857691230247115e-5,256,14400
1.160092807424594,1.4,6,400,0.0003,0.03397007156032487,7.814035097008619e-5,256,14400
1.160092807424594,1.5,6,400,0.0003,0.03829883948814515,8.866229391121629e-5,256,14400
1.160092807424594,1.6,6,400,0.0003,0.04212096471098549,0.0001002504749734061,256,14400
1.160092807424594,1.7,6,400,0.0003,0.04713702385376868,0.00011075012234926216,256,14400
1.160092807424594,1.8,6,400,0.0003,0.05389602682801019,0.00012129836652877573,256,14400
1.160092807424594,1.9,6,400,0.0003,0.05991598609884628,0.00013249668824984737,256,14400
1.160092807424594,2.0,6,400,0.0003,0.06466020725119354,0.00014265776924999625,256,14400
1.160092807424594,2.1,6,400,0.0003,0.0733300108996304,0.00015408182398467,256,14400
1.160092807424594,2.2,6,400,0.0003,0.08057933320773979,0.00016676281771955113,256,14400
1.160092807424594,2.3,6,400,0.0003,0.08527728594795107,0.0001780657751793463,256,14400
1.160092807424594,2.4,6,400,0.0003,0.0909717419597857,0.0001916023718056884,256,14400
1.160092807424594,2.5,6,400,0.0003,0.09614614014744197,0.00020368212422575328,256,14400
1.160092807424594,2.6,6,400,0.0003,0.10137263746698508,0.0002158325397037402,256,14400
1.160092807424594,2.7,6,400,0.0003,0.10549267844778012,0.0002307235548207037,256,14400
1.160092807424594,2.8,6,400,0.0003,0.11259312590533226,0.00024248773438359771,256,14400
1.160092807424594,2.9,6,400,0.0003,0.1180877859612681,0.00025463313056817204,256,14400
1.160092807424594,3.0,6,400,0.0003,0.1269688417354256,0.0002676189874435953,256,14400
1.160092807424594,3.1,6,400,0.0003,0.13338235322438577,0.0002830508507703826,256,14400
1.160092807424594,3.2,6,400,0.0003,0.1421183203969445,0.00029533090160342745,256,14400
1.160092807424594,3.3,6,400,0.0003,0.14835475331760892,0.00030825852494569174,256,14400
1.160092807424594,3.4,6,400,0.0003,0.1559271354034556,0.0003190966740507706,256,14400
1.160092807424594,3.5,6,400,0.0003,0.16155174638437325,0.0003293500697881132,256,14400
1.160092807424594,3.6,6,400,0.0003,0.1688889795900387,0.0003411870783954068,256,14400
1.160092807424594,3.7,6,400,0.0003,0.17572011185911024,0.0003529981813473756,256,14400
1.160092807424594,3.8,6,400,0.0003,0.18321920610661943,0.00036731073157496427,256,14400
1.160092807424594,3.9,6,400,0.0003,0.19312761596122677,0.00037973175291808596,256,14400
1.160092807424594,4.0,6,400,0.0003,0.19799415720178837,0.00039159482058180085,256,14400
1.160092807424594,4.1,6,400,0.0003,0.20273603661042422,0.0004052294727906774,256,14400
1.160092807424594,4.2,6,400,0.0003,0.2096065015626502,0.000415407550892752,256,14400
1.160092807424594,4.3,6,400,0.0003,0.21596889513617498,0.00043043794820113153,256,14400
1.160092807424594,4.4,6,400,0.0003,0.2232697468390042,0.0004415516518707336,256,14400
1.160092807424594,4.5,6,400,0.0003,0.22769191811158734,0.00045444834094998264,256,14400
1.160092807424594,4.6,6,400,0.0003,0.23512584625227545,0.000465256619632867,256,14400
1.160092807424594,4.7,6,400,0.0003,0.24271589096663065,0.00047539590594514804,256,14400
1.160092807424594,4.8,6,400,0.0003,0.24821941018655908,0.0004890308198509184,256,14400
1.160092807424594,4.9,6,400,0.0003,0.2542625242107089,0.0004996037924890658,256,14400
1.160092807424594,5.0,6,400,0.0003,0.2605438678046307,0.0005079178077209419,256,14400
1.160092807424594,5.1,6,400,0.0003,0.26871818654682206,0.0005187750897551736,256,14400
1.160092807424594,5.2,6,400,0.0003,0.27556745997421483,0.0005307181722370554,256,14400
1.160092807424594,5.3,6,400,0.0003,0.2821230116624792,0.0005424245789854332,256,14400
1.160092807424594,5.4,6,400,0.0003,0.2880756319084644,0.0005522505367051327,256,14400
1.160092807424594,5.5,6,400,0.0003,0.29379777751769226,0.0005652748974690931,256,14400
1.160092807424594,5.6,6,400,0.0003,0.30171069020526675,0.0005740220422042501,256,14400
1.160092807424594,5.7,6,400,0.0003,0.3064608972204021,0.0005853167309703946,256,14400
1.160092807424594,5.8,6,400,0.0003,0.31103649778113723,0.0005975758854076158,256,14400
1.160092807424594,5.9,6,400,0.0003,0.317196831478941,0.0006093602534097502,256,14400
1.160092807424594,6.0,6,400,0.0003,0.32274779495550315,0.0006184886028010237,256,14400
1.160092807424594,6.1,6,400,0.0003,0.3291875386024347,0.00062954945914076,256,14400
1.160092807424594,6.2,6,400,0.0003,0.336860227641559,0.0006410044241891962,256,14400
1.160092807424594,6.3,6,400,0.0003,0.3445128585857714,0.0006527534933641691,256,14400
1.160092807424594,6.4,6,400,0.0003,0.3509415029798402,0.0006633516093409746,256,14400
1.160092807424594,6.5,6,400,0.0003,0.35834255269005855,0.0006746097017687571,256,14400
1.160092807424594,6.6,6,400,0.0003,0.36571953818586833,0.0006855228645243868,256,14400
1.160092807424594,6.7,6,400,0.0003,0.37290124032736965,0.0006970349501517001,256,14400
1.160092807424594,6.8,6,400,0.0003,0.38003015161706977,0.0007099039790083505,256,14400
1.160092807424594,6.9,6,400,0.0003,0.385875439570987,0.0007189154999084296,256,14400
1.160092807424594,7.0,6,400,0.0003,0.39469689939973046,0.0007298141573765893,256,14400
1.160092807424594,7.1,6,400,0.0003,0.4008843435419031,0.0007401463596402707,256,14400
1.160092807424594,7.2,6,400,0.0003,0.4079287180881754,0.0007490279673068269,256,14400
1.160092807424594,7.3,6,400,0.0003,0.4140942411048066,0.0007607857457183787,256,14400
1.160092807424594,7.4,6,400,0.0003,0.4205194718947717,0.0007713841157351071,256,14400
1.160092807424594,7.5,6,400,0.0003,0.42796434187217125,0.0007805300379453912,256,14400
1.160092807424594,7.6,6,400,0.0003,0.4347542967675933,0.0007903243325404806,256,14400
1.160092807424594,7.7,6,400,0.0003,0.438956727770791,0.0008004327622754007,256,14400
1.160092807424594,7.8,6,400,0.0003,0.44393390793788257,0.0008129222068803349,256,14400
1.160092807424594,7.9,6,400,0.0003,0.4525250651487376,0.0008236529288251262,256,14400
1.160092807424594,8.0,6,400,0.0003,0.4581206350431442,0.0008360796153379224,256,14400
1.160092807424594,8.1,6,400,0.0003,0.4647300475252753,0.0008457492889775523,256,14400
1.160092807424594,8.2,6,400,0.0003,0.4703676751391483,0.0008547881450695632,256,14400
1.160092807424594,8.3,6,400,0.0003,0.4775121793120828,0.000866966803671868,256,14400
1.160092807424594,8.4,6,400,0.0003,0.4827421434789236,0.0008783519112347697,256,14400
1.160092807424594,8.5,6,400,0.0003,0.4884009486349209,0.0008909538869082839,256,14400
1.160092807424594,8.6,6,400,0.0003,0.4961573342329939,0.0008994922301827311,256,14400
1.160092807424594,8.7,6,400,0.0003,0.5023821776865064,0.0009097157083394532,256,14400
1.160092807424594,8.8,6,400,0.0003,0.5080711497021062,0.0009240127611517661,256,14400
1.160092807424594,8.9,6,400,0.0003,0.5137197788361421,0.0009395627928290519,256,14400
1.160092807424594,9.0,6,400,0.0003,0.5196916951885538,0.0009490431612965401,256,14400
1.160092807424594,9.1,6,400,0.0003,0.5247326958284894,0.0009599660843943311,256,14400
1.160092807424594,9.2,6,400,0.0003,0.5313131853498958,0.0009709546185201401,256,14400
1.160092807424594,9.3,6,400,0.0003,0.5384601920526216,0.0009834150853534258,256,14400
1.160092807424594,9.4,6,400,0.0003,0.5429887496226001,0.000994005228343817,256,14400
1.160092807424594,9.5,6,400,0.0003,0.5509247187329069,0.0010067026106451325,256,14400
1.160092807424594,9.6,6,400,0.0003,0.557142879143616,0.0010160679594232453,256,14400
1.160092807424594,9.7,6,400,0.0003,0.5653556497064549,0.0010302746903233303,256,14400
1.160092807424594,9.8,6,400,0.0003,0.5701418887688001,0.0010414635938788678,256,14400
1.160092807424594,9.9,6,400,0.0003,0.5780409523781015,0.001050062403320115,256,14400
1.160092807424594,10.0,6,400,0.0003,0.5856989244083202,0.0010624199794836747,256,14400
1.160092807424594,10.1,6,400,0.0003,0.5918905948635398,0.0010759716498021932,256,14400
1.160092807424594,10.2,6,400,0.0003,0.5992079265277264,0.0010874635646120146,256,14400
1.160092807424594,10.3,6,400,0.0003,0.6060673932971743,0.0010975399467051433,256,14400
1.160092807424594,10.4,6,400,0.0003,0.6126372795564949,0.0011077667905321452,256,14400
1.160092807424594,10.5,6,400,0.0003,0.6203642427644162,0.0011183662580907746,256,14400
1.160092807424594,10.6,6,400,0.0003,0.6285876164364487,0.0011322392301242386,256,14400
1.160092807424594,10.7,6,400,0.0003,0.6358364367719817,0.0011459065210143666,256,14400
1.160092807424594,10.8,6,400,0.0003,0.6444977106060186,0.0011598940887582786,256,14400
1.160092807424594,10.9,6,400,0.0003,0.6525203863489637,0.0011713421044813141,256,14400
1.160092807424594,11.0,6,400,0.0003,0.6588591352970494,0.0011852495190276102,256,14400
1.160092807424594,11.1,6,400,0.0003,0.6635958240833134,0.0011975421447274876,256,14400
1.160092807424594,11.2,6,400,0.0003,0.6681055175562506,0.0012132217479897073,256,14400
1.160092807424594,11.3,6,400,0.0003,0.674986934395824,0.0012236205205953966,256,14400
1.160092807424594,11.4,6,400,0.0003,0.6814030893389523,0.0012356578520473615,256,14400
1.160092807424594,11.5,6,400,0.0003,0.6886715380382117,0.0012443439349115715,256,14400
1.160092807424594,11.6,6,400,0.0003,0.6972211298758177,0.0012550462788824817,256,14400
1.160092807424594,11.7,6,400,0.0003,0.7020784848823677,0.0012645388453291237,256,14400
1.160092807424594,11.8,6,400,0.0003,0.7111561930125915,0.0012760409484866772,256,14400
1.160092807424594,11.9,6,400,0.0003,0.7172378665680299,0.0012835642908202505,256,14400
1.160092807424594,12.0,6,400,0.0003,0.7232331278537296,0.0012979186810847861,256,14400
1.160092807424594,12.1,6,400,0.0003,0.7305230012947382,0.0013091996444698293,256,14400
1.160092807424594,12.2,6,400,0.0003,0.7375256352257888,0.0013202351169882063,256,14400
1.160092807424594,12.3,6,400,0.0003,0.7448729240579348,0.0013281577168628481,256,14400
1.160092807424594,12.4,6,400,0.0003,0.7510081861817162,0.001336340236171987,256,14400
1.160092807424594,12.5,6,400,0.0003,0.7580037123155005,0.001343338061150429,256,14400
1.160092807424594,12.6,6,400,0.0003,0.7659079389735901,0.0013533836708666284,256,14400
1.160092807424594,12.7,6,400,0.0003,0.7711558579100528,0.0013599483613314822,256,14400
1.160092807424594,12.8,6,400,0.0003,0.7769341684095948,0.0013688139028555056,256,14400
1.160092807424594,12.9,6,400,0.0003,0.7839825571549268,0.0013810037519657553,256,14400
1.160092807424594,13.0,6,400,0.0003,0.7902551660359799,0.0013941435457833567,256,14400
1.160092807424594,13.1,6,400,0.0003,0.7989574813705662,0.0014027909046279202,256,14400
1.160092807424594,13.2,6,400,0.0003,0.8070336442107994,0.0014156542228964618,256,14400
1.160092807424594,13.3,6,400,0.0003,0.8102187603229283,0.0014297507434537578,256,14400
1.160092807424594,13.4,6,400,0.0003,0.8170548049599813,0.0014416565353101837,256,14400
1.160092807424594,13.5,6,400,0.0003,0.822834000442785,0.001451164227121418,256,14400
1.160092807424594,13.6,6,400,0.0003,0.8278864627720193,0.0014577587369981188,256,14400
1.160092807424594,13.7,6,400,0.0003,0.8337424163640309,0.0014681673597942446,256,14400
1.160092807424594,13.8,6,400,0.0003,0.8407801163615336,0.0014791665371200545,256,14400
1.160092807424594,13.9,6,400,0.0003,0.8467982461686026,0.0014930187053650771,256,14400
1.160092807424594,14.0,6,400,0.0003,0.8537765064697791,0.0015021971904516666,256,14400
1.160092807424594,14.1,6,400,0.0003,0.8597240948755968,0.0015136060929760954,256,14400
1.160092807424594,14.2,6,400,0.0003,0.8649671814986505,0.0015255361109848486,256,14400
1.160092807424594,14.3,6,400,0.0003,0.8681961121755819,0.0015365961846058546,256,14400
1.160092807424594,14.4,6,400,0.0003,0.8741931759752657,0.0015473056811140962,256,14400
1.160092807424594,14.5,6,400,0.0003,0.881912541574404,0.0015562512189435179,256,14400
1.160092807424594,14.6,6,400,0.0003,0.8870376979999453,0.0015697592930348863,256,14400
1.160092807424594,14.7,6,400,0.0003,0.8951208054509736,0.0015787431777792918,256,14400
1.160092807424594,14.8,6,400,0.0003,0.900690983606748,0.0015871774668959281,256,14400
1.160092807424594,14.9,6,400,0.0003,0.9065733979311255,0.0016037062187773306,256,14400
1.160092807424594,15.0,6,400,0.0003,0.9124738349309902,0.001613936096534359,256,14400
1.160092807424594,15.1,6,400,0.0003,0.9173122545461714,0.0016283072947548302,256,14400
1.160092807424594,15.2,6,400,0.0003,0.9238606570511022,0.001640027691595739,256,14400
1.160092807424594,15.3,6,400,0.0003,0.9307671066783627,0.0016525293171771593,256,14400
1.160092807424594,15.4,6,400,0.0003,0.9356565322752189,0.0016642597277320222,256,14400
1.160092807424594,15.5,6,400,0.0003,0.9415749885313239,0.0016759249088681768,256,14400
1.160092807424594,15.6,6,400,0.0003,0.9482932779553813,0.0016888662204882158,256,14400
1.160092807424594,15.7,6,400,0.0003,0.9553893533396897,0.0017057441831405894,256,14400
1.160092807424594,15.8,6,400,0.0003,0.9613335953668705,0.0017196463998268643,256,14400
1.160092807424594,15.9,6,400,0.0003,0.9681306622125299,0.0017307934583633672,256,14400
1.160092807424594,16.0,6,400,0.0003,0.9742097589350628,0.0017431426692170765,256,14400
1.160092807424594,16.1,6,400,0.0003,0.9807524797962914,0.001753615528085665,256,14400
1.160092807424594,16.2,6,400,0.0003,0.9858709799325961,0.001766393487019885,256,14400
1.160092807424594,16.3,6,400,0.0003,0.9932290083699626,0.001781172134256053,256,14400
1.160092807424594,16.4,6,400,0.0003,0.9987846763551351,0.0017913626944523783,256,14400
1.160092807424594,16.5,6,400,0.0003,1.0060194875058692,0.001804835517212624,256,14400
1.160092807424594,16.6,6,400,0.0003,1.012464505979248,0.0018189419815630875,256,14400
1.160092807424594,16.7,6,400,0.0003,1.0188345184582026,0.001829487370782474,256,14400
1.160092807424594,16.8,6,400,0.0003,1.0264032487983221,0.0018402798666668687,256,14400
1.160092807424594,16.9,6,400,0.0003,1.0318683739515513,0.0018525343515921084,256,14400
1.160092807424594,17.0,6,400,0.0003,1.0365164976291514,0.0018689970207524393,256,14400
1.160092807424594,17.1,6,400,0.0003,1.0428800811894083,0.001883929292802921,256,14400
1.160092807424594,17.2,6,400,0.0003,1.0474031369366759,0.001896073171016355,256,14400
1.160092807424594,17.3,6,400,0.0003,1.0520682332213298,0.0019099789567045215,256,14400
1.160092807424594,17.4,6,400,0.0003,1.0599028559025867,0.0019210539223240247,256,14400
1.160092807424594,17.5,6,400,0.0003,1.0668610717082632,0.0019311298784722025,256,14400
1.160092807424594,17.6,6,400,0.0003,1.0743846887200683,0.0019398222652983195,256,14400
1.160092807424594,17.7,6,400,0.0003,1.0815990870151047,0.001955553640291396,256,14400
1.160092807424594,17.8,6,400,0.0003,1.0884346390678548,0.0019652548487148823,256,14400
1.160092807424594,17.9,6,400,0.0003,1.0931356642501326,0.001979884112211568,256,14400
1.160092807424594,18.0,6,400,0.0003,1.1006770914556303,0.001987386650380784,256,14400
1.160092807424594,18.1,6,400,0.0003,1.1046683188371307,0.002000506603152278,256,14400
1.160092807424594,18.2,6,400,0.0003,1.1117662421202599,0.002011856457977657,256,14400
1.160092807424594,18.3,6,400,0.0003,1.1171565321708719,0.0020290903784264077,256,14400
1.160092807424594,18.4,6,400,0.0003,1.1240309583102743,0.0020457070513280363,256,14400
1.160092807424594,18.5,6,400,0.0003,1.130698116919375,0.0020592260551018917,256,14400
1.160092807424594,18.6,6,400,0.0003,1.1363324515617892,0.0020706035307960407,256,14400
1.160092807424594,18.7,6,400,0.0003,1.1429912451931483,0.0020813920872988596,256,14400
1.160092807424594,18.8,6,400,0.0003,1.1489731854152505,0.002099293373941304,256,14400
1.160092807424594,18.9,6,400,0.0003,1.15464304233248,0.0021113869624169654,256,14400
1.160092807424594,19.0,6,400,0.0003,1.160959618858566,0.0021261507137413692,256,14400
1.160092807424594,19.1,6,400,0.0003,1.1643383341481157,0.0021410095866536078,256,14400
1.160092807424594,19.2,6,400,0.0003,1.1716968167748483,0.0021498915816151216,256,14400
1.160092807424594,19.3,6,400,0.0003,1.1788209428269574,0.0021588632686657954,256,14400
1.160092807424594,19.4,6,400,0.0003,1.1860022088882072,0.0021668470150076964,256,14400
1.160092807424594,19.5,6,400,0.0003,1.1924173722654166,0.00217983510393555,256,14400
1.160092807424594,19.6,6,400,0.0003,1.1989353732970387,0.0021906471457443996,256,14400
1.160092807424594,19.7,6,400,0.0003,1.2062157942504725,0.0022079936282569284,256,14400
1.160092807424594,19.8,6,400,0.0003,1.2124145333540057,0.0022241214636734914,256,14400
1.160092807424594,19.9,6,400,0.0003,1.2184651473636041,0.002233134412117542,256,14400
1.160092807424594,20.0,6,400,0.0003,1.2245058910620474,0.0022414000416959845,256,14400
1.160092807424594,0.0,6,400,0.0004,0.0,0.0,256,14400
1.160092807424594,0.1,6,400,0.0004,0.00017470438333500878,2.0207196445139708e-7,256,14400
1.160092807424594,0.2,6,400,0.0004,0.0004027424458308814,9.644934234603234e-7,256,14400
1.160092807424594,0.3,6,400,0.0004,0.000282380584736125,2.7171952565774962e-6,256,14400
1.160092807424594,0.4,6,400,0.0004,0.0017411781177239997,5.885203155744854e-6,256,14400
1.160092807424594,0.5,6,400,0.0004,0.0034190014678905653,1.0577858645532985e-5,256,14400
1.160092807424594,0.6,6,400,0.0004,0.005870412296466789,1.742138407185669e-5,256,14400
1.160092807424594,0.7,6,400,0.0004,0.010065156735963681,2.5248222809200936e-5,256,14400
1.160092807424594,0.8,6,400,0.0004,0.014663224937111311,3.455658706137304e-5,256,14400
1.160092807424594,0.9,6,400,0.0004,0.019466168029672798,4.455609870426385e-5,256,14400
1.160092807424594,1.0,6,400,0.0004,0.02404911545927866,5.555311269309957e-5,256,14400
1.160092807424594,1.1,6,400,0.0004,0.03068234334621795,7.005795730471217e-5,256,14400
1.160092807424594,1.2,6,400,0.0004,0.037962407907559996,8.251713756828487e-5,256,14400
1.160092807424594,1.3,6,400,0.0004,0.04538986988045104,9.57109684324179e-5,256,14400
1.160092807424594,1.4,6,400,0.0004,0.05447239092604529,0.00011149046843837125,256,14400
1.160092807424594,1.5,6,400,0.0004,0.06491574053833675,0.0001237795249874957,256,14400
1.160092807424594,1.6,6,400,0.0004,0.07434945187630851,0.0001371260887498518,256,14400
1.160092807424594,1.7,6,400,0.0004,0.08361046991425812,0.00015055904241278434,256,14400
1.160092807424594,1.8,6,400,0.0004,0.09360944316434647,0.00016603242726725195,256,14400
1.160092807424594,1.9,6,400,0.0004,0.10411553696860212,0.00018257858504684314,256,14400
1.160092807424594,2.0,6,400,0.0004,0.11413976322077765,0.00019950419884976213,256,14400
1.160092807424594,2.1,6,400,0.0004,0.12303262703433575,0.0002138754061771889,256,14400
1.160092807424594,2.2,6,400,0.0004,0.1330307763053861,0.00023147861877223654,256,14400
1.160092807424594,2.3,6,400,0.0004,0.14480010072395091,0.00024880108702152756,256,14400
1.160092807424594,2.4,6,400,0.0004,0.15420957431954677,0.0002633477276861816,256,14400
1.160092807424594,2.5,6,400,0.0004,0.1638684784695943,0.00027998504097163213,256,14400
1.160092807424594,2.6,6,400,0.0004,0.1747631937177761,0.00029636793140657336,256,14400
1.160092807424594,2.7,6,400,0.0004,0.18554320393313697,0.00031235095883803325,256,14400
1.160092807424594,2.8,6,400,0.0004,0.1948634248232944,0.0003295711806048351,256,14400
1.160092807424594,2.9,6,400,0.0004,0.20662855008718903,0.0003454134153540818,256,14400
1.160092807424594,3.0,6,400,0.0004,0.2167632051252844,0.0003627236166592337,256,14400
1.160092807424594,3.1,6,400,0.0004,0.2281231345073158,0.00037877344399381426,256,14400
1.160092807424594,3.2,6,400,0.0004,0.23542330249481083,0.00039237230771676634,256,14400
1.160092807424594,3.3,6,400,0.0004,0.2458652428137106,0.00041108656843888034,256,14400
1.160092807424594,3.4,6,400,0.0004,0.2569354023318657,0.00042824960871103623,256,14400
1.160092807424594,3.5,6,400,0.0004,0.26728015283334466,0.0004410373759075509,256,14400
1.160092807424594,3.6,6,400,0.0004,0.27845260576066116,0.00045467848935983637,256,14400
1.160092807424594,3.7,6,400,0.0004,0.28906824275161647,0.00047314589619619864,256,14400
1.160092807424594,3.8,6,400,0.0004,0.29873869741898995,0.0004879098422208939,256,14400
1.160092807424594,3.9,6,400,0.0004,0.30849573677753345,0.0005052042048009402,256,14400
1.160092807424594,4.0,6,400,0.0004,0.3171301703138872,0.000518635376682415,256,14400
1.160092807424594,4.1,6,400,0.0004,0.3285293445510454,0.0005348843866961373,256,14400
1.160092807424594,4.2,6,400,0.0004,0.337248069579671,0.0005493685232474268,256,14400
1.160092807424594,4.3,6,400,0.0004,0.3487462728573397,0.0005637606568695732,256,14400
1.160092807424594,4.4,6,400,0.0004,0.360697326462331,0.0005816919471488055,256,14400
1.160092807424594,4.5,6,400,0.0004,0.3728798148589461,0.0005976933694695571,256,14400
1.160092807424594,4.6,6,400,0.0004,0.3835786533813451,0.000612020565795254,256,14400
1.160092807424594,4.7,6,400,0.0004,0.3967815668526681,0.0006287156318258358,256,14400
1.160092807424594,4.8,6,400,0.0004,0.40663899777568685,0.0006488490928403914,256,14400
1.160092807424594,4.9,6,400,0.0004,0.41809316679995395,0.0006645569000537904,256,14400
1.160092807424594,5.0,6,400,0.0004,0.4281107915825527,0.0006873998837984165,256,14400
1.160092807424594,5.1,6,400,0.0004,0.4364141307150324,0.0006976857926065747,256,14400
1.160092807424594,5.2,6,400,0.0004,0.44571860958679776,0.0007162731456440798,256,14400
1.160092807424594,5.3,6,400,0.0004,0.45592764258873003,0.0007315266286175924,256,14400
1.160092807424594,5.4,6,400,0.0004,0.46464308932436527,0.0007507565088728107,256,14400
1.160092807424594,5.5,6,400,0.0004,0.47654544607196125,0.0007690152666527102,256,14400
1.160092807424594,5.6,6,400,0.0004,0.49044638476156666,0.0007828562795191956,256,14400
1.160092807424594,5.7,6,400,0.0004,0.5040443149661427,0.0007971032433618807,256,14400
1.160092807424594,5.8,6,400,0.0004,0.5135746467427655,0.0008139480049091172,256,14400
1.160092807424594,5.9,6,400,0.0004,0.522836044279603,0.0008333228115995322,256,14400
1.160092807424594,6.0,6,400,0.0004,0.5390447506059395,0.0008453008748975236,256,14400
1.160092807424594,6.1,6,400,0.0004,0.5487707832817492,0.000860849074181148,256,14400
1.160092807424594,6.2,6,400,0.0004,0.5607850220112919,0.0008776525147206951,256,14400
1.160092807424594,6.3,6,400,0.0004,0.5720880390232843,0.0008920821655202874,256,14400
1.160092807424594,6.4,6,400,0.0004,0.5856865476099322,0.0009078764311581863,256,14400
1.160092807424594,6.5,6,400,0.0004,0.5974889224714813,0.000924977022437604,256,14400
1.160092807424594,6.6,6,400,0.0004,0.6067084059892739,0.0009430358615761896,256,14400
1.160092807424594,6.7,6,400,0.0004,0.6171017652454934,0.0009592315506116629,256,14400
1.160092807424594,6.8,6,400,0.0004,0.6289085959610303,0.000977379462636609,256,14400
1.160092807424594,6.9,6,400,0.0004,0.6365637901503619,0.0009928753344120977,256,14400
1.160092807424594,7.0,6,400,0.0004,0.6465706356708283,0.001009753724185413,256,14400
1.160092807424594,7.1,6,400,0.0004,0.6569590920806676,0.001019775829224767,256,14400
1.160092807424594,7.2,6,400,0.0004,0.6664304116585764,0.001034174330708197,256,14400
1.160092807424594,7.3,6,400,0.0004,0.6752388184142506,0.0010479541190324218,256,14400
1.160092807424594,7.4,6,400,0.0004,0.6872540681716378,0.0010647654378241772,256,14400
1.160092807424594,7.5,6,400,0.0004,0.6994081426051626,0.0010774173529921071,256,14400
1.160092807424594,7.6,6,400,0.0004,0.7110861776367366,0.0010924543231820801,256,14400
1.160092807424594,7.7,6,400,0.0004,0.7206981573718562,0.0011091906272082106,256,14400
1.160092807424594,7.8,6,400,0.0004,0.7281642162429893,0.0011273622500168287,256,14400
1.160092807424594,7.9,6,400,0.0004,0.7369991522437582,0.0011418042172473188,256,14400
1.160092807424594,8.0,6,400,0.0004,0.7477068917101941,0.0011600026733109199,256,14400
1.160092807424594,8.1,6,400,0.0004,0.75864289860115,0.0011749427970782148,256,14400
1.160092807424594,8.2,6,400,0.0004,0.7689688859252297,0.001193245283424117,256,14400
1.160092807424594,8.3,6,400,0.0004,0.7798134311900746,0.0012109400091816923,256,14400
1.160092807424594,8.4,6,400,0.0004,0.7919820449293347,0.0012241645517968827,256,14400
1.160092807424594,8.5,6,400,0.0004,0.8008633722220999,0.0012415659874544117,256,14400
1.160092807424594,8.6,6,400,0.0004,0.8129227262627683,0.0012558405726369214,256,14400
1.160092807424594,8.7,6,400,0.0004,0.8248309641258673,0.001268025216948179,256,14400
1.160092807424594,8.8,6,400,0.0004,0.8347286447062249,0.0012875685429409953,256,14400
1.160092807424594,8.9,6,400,0.0004,0.8442931923217838,0.0013061157921445048,256,14400
1.160092807424594,9.0,6,400,0.0004,0.8541247068572556,0.0013278478874398634,256,14400
1.160092807424594,9.1,6,400,0.0004,0.8634525152583308,0.0013474403373210594,256,14400
1.160092807424594,9.2,6,400,0.0004,0.8725939531915354,0.0013586687839721345,256,14400
1.160092807424594,9.3,6,400,0.0004,0.8815073067972035,0.0013774932941289831,256,14400
1.160092807424594,9.4,6,400,0.0004,0.8947591278220838,0.0013899497513422331,256,14400
1.160092807424594,9.5,6,400,0.0004,0.9073231826317111,0.001404618577969456,256,14400
1.160092807424594,9.6,6,400,0.0004,0.9180025859608495,0.0014186559625246542,256,14400
1.160092807424594,9.7,6,400,0.0004,0.9293881827999657,0.0014357697250684295,256,14400
1.160092807424594,9.8,6,400,0.0004,0.9403979465076635,0.00145637486400689,256,14400
1.160092807424594,9.9,6,400,0.0004,0.9503874066776996,0.0014741642904234587,256,14400
1.160092807424594,10.0,6,400,0.0004,0.9592789198830077,0.0014939413121120755,256,14400
1.160092807424594,10.1,6,400,0.0004,0.9701630466448196,0.0015089828505417118,256,14400
1.160092807424594,10.2,6,400,0.0004,0.9834188635272506,0.001529219375231889,256,14400
1.160092807424594,10.3,6,400,0.0004,0.9940330218580009,0.0015516168534642867,256,14400
1.160092807424594,10.4,6,400,0.0004,1.0046307725663062,0.0015689574392332116,256,14400
1.160092807424594,10.5,6,400,0.0004,1.0152881678028887,0.0015902575031067428,256,14400
1.160092807424594,10.6,6,400,0.0004,1.0240696946860732,0.0016090197682180542,256,14400
1.160092807424594,10.7,6,400,0.0004,1.0344741894169582,0.0016278355766728742,256,14400
1.160092807424594,10.8,6,400,0.0004,1.0435965886905132,0.0016450907642488466,256,14400
1.160092807424594,10.9,6,400,0.0004,1.0522307583846526,0.0016633491966823813,256,14400
1.160092807424594,11.0,6,400,0.0004,1.0620255104422298,0.0016781125648614008,256,14400
1.160092807424594,11.1,6,400,0.0004,1.0717396261829544,0.00169568604214346,256,14400
1.160092807424594,11.2,6,400,0.0004,1.0797134544388975,0.001708981272903877,256,14400
1.160092807424594,11.3,6,400,0.0004,1.0895216825463772,0.0017239049190854515,256,14400
1.160092807424594,11.4,6,400,0.0004,1.1007355599514752,0.0017384429098348205,256,14400
1.160092807424594,11.5,6,400,0.0004,1.1100615244842549,0.001755368506540433,256,14400
1.160092807424594,11.6,6,400,0.0004,1.1214249401001466,0.0017704902840060422,256,14400
1.160092807424594,11.7,6,400,0.0004,1.1338412183018063,0.0017834750561712283,256,14400
1.160092807424594,11.8,6,400,0.0004,1.1452930282624827,0.0017949764194081937,256,14400
1.160092807424594,11.9,6,400,0.0004,1.1575126485328333,0.0018174647625232195,256,14400
1.160092807424594,12.0,6,400,0.0004,1.1668801514947944,0.0018302838120178016,256,14400
1.160092807424594,12.1,6,400,0.0004,1.1806538276739755,0.0018388056885116227,256,14400
1.160092807424594,12.2,6,400,0.0004,1.1917918674423384,0.0018548311873678696,256,14400
1.160092807424594,12.3,6,400,0.0004,1.2025323031220858,0.0018702574909456847,256,14400
1.160092807424594,12.4,6,400,0.0004,1.2153513608656552,0.0018890439520161892,256,14400
1.160092807424594,12.5,6,400,0.0004,1.2262536342302985,0.0019009413494678468,256,14400
1.160092807424594,12.6,6,400,0.0004,1.2358417064673588,0.0019189095093710671,256,14400
1.160092807424594,12.7,6,400,0.0004,1.2468208429725363,0.001936630936890752,256,14400
1.160092807424594,12.8,6,400,0.0004,1.257269855013874,0.0019510616327593079,256,14400
1.160092807424594,12.9,6,400,0.0004,1.2678972862471385,0.001966294160898054,256,14400
1.160092807424594,13.0,6,400,0.0004,1.2797859852982219,0.0019750643950457916,256,14400
1.160092807424594,13.1,6,400,0.0004,1.2883963838322798,0.001989026351548927,256,14400
1.160092807424594,13.2,6,400,0.0004,1.2993254363061475,0.002009238781453541,256,14400
1.160092807424594,13.3,6,400,0.0004,1.3074730642966137,0.0020265382972666146,256,14400
1.160092807424594,13.4,6,400,0.0004,1.317062891945469,0.0020413442037154287,256,14400
1.160092807424594,13.5,6,400,0.0004,1.3262879800600542,0.002055062292381924,256,14400
1.160092807424594,13.6,6,400,0.0004,1.3360622961151725,0.0020709601464070646,256,14400
1.160092807424594,13.7,6,400,0.0004,1.3474739333572991,0.002080934078210559,256,14400
1.160092807424594,13.8,6,400,0.0004,1.3569061016210535,0.002099559386118475,256,14400
1.160092807424594,13.9,6,400,0.0004,1.3679795285432355,0.0021116933042873336,256,14400
1.160092807424594,14.0,6,400,0.0004,1.3771933085469774,0.0021292099592951043,256,14400
1.160092807424594,14.1,6,400,0.0004,1.3899321154567428,0.0021515092762466213,256,14400
1.160092807424594,14.2,6,400,0.0004,1.4008950102316968,0.0021638422340117115,256,14400
1.160092807424594,14.3,6,400,0.0004,1.4130261385078,0.002178841229829892,256,14400
1.160092807424594,14.4,6,400,0.0004,1.4216741113203655,0.002191206398747424,256,14400
1.160092807424594,14.5,6,400,0.0004,1.4332938599894667,0.0022041931274103073,256,14400
1.160092807424594,14.6,6,400,0.0004,1.4452984868684629,0.002220600196174664,256,14400
1.160092807424594,14.7,6,400,0.0004,1.4556110182680357,0.0022366541331896614,256,14400
1.160092807424594,14.8,6,400,0.0004,1.466655852372965,0.00225002781636268,256,14400
1.160092807424594,14.9,6,400,0.0004,1.4776682818046214,0.002261707402967838,256,14400
1.160092807424594,15.0,6,400,0.0004,1.488544695545182,0.002271742900917447,256,14400
1.160092807424594,15.1,6,400,0.0004,1.4989447550133144,0.0022878235426081386,256,14400
1.160092807424594,15.2,6,400,0.0004,1.5091052980825768,0.002308341288387605,256,14400
1.160092807424594,15.3,6,400,0.0004,1.5199915315376065,0.0023257518831817825,256,14400
1.160092807424594,15.4,6,400,0.0004,1.5316974087221507,0.00234380156609485,256,14400
1.160092807424594,15.5,6,400,0.0004,1.5447225163439806,0.002361544017182738,256,14400
1.160092807424594,15.6,6,400,0.0004,1.5567214881019835,0.002380918247648907,256,14400
1.160092807424594,15.7,6,400,0.0004,1.5661940161403938,0.002397934421583199,256,14400
1.160092807424594,15.8,6,400,0.0004,1.5755917002458915,0.0024158653413515257,256,14400
1.160092807424594,15.9,6,400,0.0004,1.5834679005228747,0.002435124910417518,256,14400
1.160092807424594,16.0,6,400,0.0004,1.5913869978266626,0.0024540549002553666,256,14400
1.160092807424594,16.1,6,400,0.0004,1.5996514680681868,0.0024762793519079148,256,14400
1.160092807424594,16.2,6,400,0.0004,1.6118185146427195,0.002494215381422355,256,14400
1.160092807424594,16.3,6,400,0.0004,1.6244977545003507,0.0025149683503093143,256,14400
1.160092807424594,16.4,6,400,0.0004,1.6350311953924312,0.0025246960759202613,256,14400
1.160092807424594,16.5,6,400,0.0004,1.6480471291621988,0.002534162317786479,256,14400
1.160092807424594,16.6,6,400,0.0004,1.6588623527553863,0.002548019491014524,256,14400
1.160092807424594,16.7,6,400,0.0004,1.668641030827938,0.0025640977374257173,256,14400
1.160092807424594,16.8,6,400,0.0004,1.6746313014366507,0.002578511778457771,256,14400
1.160092807424594,16.9,6,400,0.0004,1.6853658734105477,0.002596204114586291,256,14400
1.160092807424594,17.0,6,400,0.0004,1.6968262562803123,0.0026114643484505037,256,14400
1.160092807424594,17.1,6,400,0.0004,1.7063506630533247,0.002622921769127374,256,14400
1.160092807424594,17.2,6,400,0.0004,1.7193236633456155,0.0026344608154578383,256,14400
1.160092807424594,17.3,6,400,0.0004,1.7290444426393112,0.0026542582921108082,256,14400
1.160092807424594,17.4,6,400,0.0004,1.7402106096850993,0.0026704502918865774,256,14400
1.160092807424594,17.5,6,400,0.0004,1.7521681424679183,0.002685549145365853,256,14400
1.160092807424594,17.6,6,400,0.0004,1.7625626986606382,0.002705984761485068,256,14400
1.160092807424594,17.7,6,400,0.0004,1.7736676869688222,0.0027169156172037346,256,14400
1.160092807424594,17.8,6,400,0.0004,1.783207287509835,0.002736425333195061,256,14400
1.160092807424594,17.9,6,400,0.0004,1.7942652142836273,0.0027545607165224183,256,14400
1.160092807424594,18.0,6,400,0.0004,1.8048977740320453,0.0027724266442785417,256,14400
1.160092807424594,18.1,6,400,0.0004,1.8158170754308554,0.0027898045491126537,256,14400
1.160092807424594,18.2,6,400,0.0004,1.824075789297866,0.0027975848234621714,256,14400
1.160092807424594,18.3,6,400,0.0004,1.835959216215609,0.0028134834615189002,256,14400
1.160092807424594,18.4,6,400,0.0004,1.848813913192781,0.0028338520320613314,256,14400
1.160092807424594,18.5,6,400,0.0004,1.8600173699406313,0.0028436365575430266,256,14400
1.160092807424594,18.6,6,400,0.0004,1.870115731847149,0.0028621925525505326,256,14400
1.160092807424594,18.7,6,400,0.0004,1.8809650324115583,0.002879954761227395,256,14400
1.160092807424594,18.8,6,400,0.0004,1.8929417155223844,0.0028931403267897743,256,14400
1.160092807424594,18.9,6,400,0.0004,1.9027406722616356,0.002911790482783419,256,14400
1.160092807424594,19.0,6,400,0.0004,1.911576978056368,0.0029268344037385904,256,14400
1.160092807424594,19.1,6,400,0.0004,1.9217233462306385,0.0029441286759027754,256,14400
1.160092807424594,19.2,6,400,0.0004,1.932850369600476,0.0029643985401271848,256,14400
1.160092807424594,19.3,6,400,0.0004,1.9436269335920868,0.002982092179800772,256,14400
1.160092807424594,19.4,6,400,0.0004,1.954758338584733,0.0029949118791472045,256,14400
1.160092807424594,19.5,6,400,0.0004,1.9660129078535182,0.003011782454768309,256,14400
1.160092807424594,19.6,6,400,0.0004,1.9768746460477509,0.0030233971659773895,256,14400
1.160092807424594,19.7,6,400,0.0004,1.987477534321887,0.0030366099936137893,256,14400
1.160092807424594,19.8,6,400,0.0004,1.996830482748854,0.0030526196787519404,256,14400
1.160092807424594,19.9,6,400,0.0004,2.007479745487023,0.0030587807491113594,256,14400
1.160092807424594,20.0,6,400,0.0004,2.017328092031207,0.003079366692524834,256,14400
