"TauL","DiscreteTimes","Mean","M"
0.01,0.0,0.0,128.0
0.01,0.5,1.4793427743521068,128.0
0.01,1.0,2.9043090933198368,128.0
0.01,1.5,4.7690408998016265,128.0
0.01,2.0,6.541748826721081,128.0
0.01,2.5,8.401998709856594,128.0
0.01,3.0,10.24721699883279,128.0
0.01,3.5,11.907868756907481,128.0
0.01,4.0,13.681786431309941,128.0
0.01,4.5,15.506649054603976,128.0
0.01,5.0,17.24906562571238,128.0
0.01,5.5,18.99087652682277,128.0
0.01,6.0,20.882110903024547,128.0
0.01,6.5,22.80218688646708,128.0
0.01,7.0,24.582144273174105,128.0
0.01,7.5,26.467615222732253,128.0
0.01,8.0,28.401620126654507,128.0
0.01,8.5,30.302886441690582,128.0
0.01,9.0,32.18365194999913,128.0
0.01,9.5,33.84794790385507,128.0
0.01,10.0,35.682419470120465,128.0
0.01,10.5,37.61273242587565,128.0
0.01,11.0,39.401364328634244,128.0
0.01,11.5,41.14400007280437,128.0
0.01,12.0,42.71058241649884,128.0
0.01,12.5,44.680149903217014,128.0
0.01,13.0,46.664360537521524,128.0
0.01,13.5,48.461983296652356,128.0
0.01,14.0,50.168606415904705,128.0
0.01,14.5,52.022458441740774,128.0
0.01,15.0,53.78509551523573,128.0
0.01,15.5,55.72608952873702,128.0
0.01,16.0,57.37715770925204,128.0
0.01,16.5,59.25988898147429,128.0
0.01,17.0,61.12632305498327,128.0
0.01,17.5,62.90793891633593,128.0
0.01,18.0,64.78107602837025,128.0
0.01,18.5,66.49643905813554,128.0
0.01,19.0,68.33611057927409,128.0
0.01,19.5,70.11516176543944,128.0
0.01,20.0,71.93249684812241,128.0
0.01,20.5,73.66060394404047,128.0
0.01,21.0,75.39581179599809,128.0
0.01,21.5,77.24223478851616,128.0
0.01,22.0,79.25175879448224,128.0
0.01,22.5,81.0616605770936,128.0
0.01,23.0,82.98313942555625,128.0
0.01,23.5,84.82946170284337,128.0
0.01,24.0,86.68283211006249,128.0
0.01,24.5,88.50082987499577,128.0
0.01,25.0,90.40105777285869,128.0
0.01,25.5,92.25568037919051,128.0
0.01,26.0,93.9832054815649,128.0
0.01,26.5,95.6205906803894,128.0
0.01,27.0,97.41731431442163,128.0
0.01,27.5,99.23179966447023,128.0
0.01,28.0,100.90359817051933,128.0
0.01,28.5,102.80923341110758,128.0
0.01,29.0,104.46648873006147,128.0
0.01,29.5,106.28220412699243,128.0
0.01,30.0,108.3782005037575,128.0
0.01,30.5,110.27542623713418,128.0
0.01,31.0,112.07912002756449,128.0
0.01,31.5,113.5782883555921,128.0
0.01,32.0,115.30946369344268,128.0
0.01,32.5,117.06889975357562,128.0
0.01,33.0,118.7364055531959,128.0
0.01,33.5,120.71451814972264,128.0
0.01,34.0,122.48713993915058,128.0
0.01,34.5,124.29681307707699,128.0
0.01,35.0,126.01888283653734,128.0
0.01,35.5,127.92261226095675,128.0
0.01,36.0,129.8052882743069,128.0
0.01,36.5,131.53489481168134,128.0
0.01,37.0,133.28792397748785,128.0
0.01,37.5,134.99105363655713,128.0
0.01,38.0,136.95400683060674,128.0
0.01,38.5,138.8233386098946,128.0
0.01,39.0,140.66593671818725,128.0
0.01,39.5,142.60751239116425,128.0
0.01,40.0,144.54489496013767,128.0
0.01,40.5,146.4625141735639,128.0
0.01,41.0,148.15882614768304,128.0
0.01,41.5,149.97176002051037,128.0
0.01,42.0,151.8853074192795,128.0
0.01,42.5,153.5880794725202,128.0
0.01,43.0,155.35253527069767,128.0
0.01,43.5,157.30669677309592,128.0
0.01,44.0,159.096686099829,128.0
0.01,44.5,160.86687667211024,128.0
0.01,45.0,162.7972505953943,128.0
0.01,45.5,164.6426041617858,128.0
0.01,46.0,166.58114477485523,128.0
0.01,46.5,168.51961293768125,128.0
0.01,47.0,170.3705788789586,128.0
0.01,47.5,172.04981339766633,128.0
0.01,48.0,173.86521845861589,128.0
0.01,48.5,175.7179689229852,128.0
0.01,49.0,177.57476208938738,128.0
0.01,49.5,179.40245749757315,128.0
0.01,50.0,181.3075517905322,128.0
0.01,50.5,183.10775450082795,128.0
0.01,51.0,184.9473710529895,128.0
0.01,51.5,186.6561438237411,128.0
0.01,52.0,188.69748443206944,128.0
0.01,52.5,190.57869366444913,128.0
0.01,53.0,192.2212177814146,128.0
0.01,53.5,193.98476151046185,128.0
0.01,54.0,195.86889075790953,128.0
0.01,54.5,197.74434501906785,128.0
0.01,55.0,199.55315253331673,128.0
0.01,55.5,201.4799137535102,128.0
0.01,56.0,203.32490282429967,128.0
0.01,56.5,204.9302522147815,128.0
0.01,57.0,206.77016736871727,128.0
0.01,57.5,208.78656474564846,128.0
0.01,58.0,210.69999920370194,128.0
0.01,58.5,212.51236772664012,128.0
0.01,59.0,214.30388335230737,128.0
0.01,59.5,216.27103638709158,128.0
0.01,60.0,218.0412047150538,128.0
0.01,60.5,219.6022946742212,128.0
0.01,61.0,221.471808574047,128.0
0.01,61.5,223.17760247397956,128.0
0.01,62.0,224.8987441420915,128.0
0.01,62.5,226.7155889803997,128.0
0.01,63.0,228.38617685354745,128.0
0.01,63.5,230.14298537618282,128.0
0.01,64.0,232.06866709785172,128.0
0.01,64.5,234.03582563010585,128.0
0.01,65.0,235.86416810376954,128.0
0.01,65.5,237.56921423122597,128.0
0.01,66.0,239.43116036436646,128.0
0.01,66.5,241.2030219231268,128.0
0.01,67.0,243.09470807132107,128.0
0.01,67.5,244.86183155314063,128.0
0.01,68.0,246.72700978369568,128.0
0.01,68.5,248.42919105697933,128.0
0.01,69.0,250.22616004115326,128.0
0.01,69.5,251.9305987181331,128.0
0.01,70.0,253.76551280213502,128.0
0.01,70.5,255.58076711971606,128.0
0.01,71.0,257.25267234296666,128.0
0.01,71.5,259.24555426151363,128.0
0.01,72.0,261.2344649042685,128.0
0.01,72.5,262.9331769710076,128.0
0.01,73.0,264.8046204011539,128.0
0.01,73.5,266.7232282280659,128.0
0.01,74.0,268.49744447234474,128.0
0.01,74.5,270.43958538229583,128.0
0.01,75.0,272.09981583270195,128.0
0.01,75.5,273.94806188038586,128.0
0.01,76.0,275.89124865420234,128.0
0.01,76.5,277.8070375836563,128.0
0.01,77.0,279.53357999758595,128.0
0.01,77.5,281.2410238318276,128.0
0.01,78.0,283.21405002565933,128.0
0.01,78.5,284.99173330994574,128.0
0.01,79.0,286.7290351926233,128.0
0.01,79.5,288.346478677903,128.0
0.01,80.0,290.2114521528113,128.0
0.01,80.5,292.15004847789464,128.0
0.01,81.0,293.9865597146684,128.0
0.01,81.5,295.76774282515737,128.0
0.01,82.0,297.438826743869,128.0
0.01,82.5,299.21164301959,128.0
0.01,83.0,301.18909314419676,128.0
0.01,83.5,303.00933008152896,128.0
0.01,84.0,304.78979940660986,128.0
0.01,84.5,306.64043523152554,128.0
0.01,85.0,308.4199773762004,128.0
0.01,85.5,310.37332743959786,128.0
0.01,86.0,312.0128803288575,128.0
0.01,86.5,313.87512729088326,128.0
0.01,87.0,315.6602783183791,128.0
0.01,87.5,317.607763687002,128.0
0.01,88.0,319.64950933025204,128.0
0.01,88.5,321.41058647248684,128.0
0.01,89.0,323.39752516470975,128.0
0.01,89.5,325.1775581065521,128.0
0.01,90.0,326.94425101309065,128.0
0.01,90.5,328.78574694429057,128.0
0.01,91.0,330.56333503311464,128.0
0.01,91.5,332.3509847813662,128.0
0.01,92.0,333.95455454677693,128.0
0.01,92.5,335.92492477110846,128.0
0.01,93.0,337.9393407497691,128.0
0.01,93.5,339.65399597939523,128.0
0.01,94.0,341.3379246699666,128.0
0.01,94.5,343.00516265529126,128.0
0.01,95.0,344.70159975719264,128.0
0.01,95.5,346.48648231604943,128.0
0.01,96.0,348.30058671805523,128.0
0.01,96.5,350.0461688073477,128.0
0.01,97.0,351.84475536275926,128.0
0.01,97.5,353.7073674738162,128.0
0.01,98.0,355.49517139954804,128.0
0.01,98.5,357.16168701067164,128.0
0.01,99.0,359.08095260715584,128.0
0.01,99.5,360.9948237532742,128.0
0.01,100.0,362.85871197830323,128.0
0.01,100.5,364.76379258928336,128.0
0.01,101.0,366.24491907886124,128.0
0.01,101.5,368.10124773192314,128.0
0.01,102.0,369.90621583619077,128.0
0.01,102.5,371.82001169545356,128.0
0.01,103.0,373.54067985949206,128.0
0.01,103.5,375.25726721724476,128.0
0.01,104.0,377.0279017518922,128.0
0.01,104.5,378.8647372891869,128.0
0.01,105.0,380.81802255254655,128.0
0.01,105.5,382.604348938904,128.0
0.01,106.0,384.3739527775348,128.0
0.01,106.5,386.0695069419731,128.0
0.01,107.0,387.91354497873533,128.0
0.01,107.5,389.7718734748134,128.0
0.01,108.0,391.68949468381,128.0
0.01,108.5,393.45775342118935,128.0
0.01,109.0,395.3587936546691,128.0
0.01,109.5,397.0516985406371,128.0
0.01,110.0,398.9292715445216,128.0
0.01,110.5,400.7666939060844,128.0
0.01,111.0,402.4122643376554,128.0
0.01,111.5,404.19619452679467,128.0
0.01,112.0,406.09115354304265,128.0
0.01,112.5,408.04548985390454,128.0
0.01,113.0,409.8506602438479,128.0
0.01,113.5,411.67294728481966,128.0
0.01,114.0,413.37104711284076,128.0
0.01,114.5,415.4685686587716,128.0
0.01,115.0,417.2404514044202,128.0
0.01,115.5,419.23122268189235,128.0
0.01,116.0,421.078784658244,128.0
0.01,116.5,422.79181179516667,128.0
0.01,117.0,424.6061982770252,128.0
0.01,117.5,426.42435341903956,128.0
0.01,118.0,428.17936811495343,128.0
0.01,118.5,429.83730468742374,128.0
0.01,119.0,431.639153492444,128.0
0.01,119.5,433.43956208968257,128.0
0.01,120.0,435.2918937679371,128.0
0.01,120.5,437.21160957642763,128.0
0.01,121.0,439.0504333813751,128.0
0.01,121.5,440.83920160628185,128.0
0.01,122.0,442.5910003922076,128.0
0.01,122.5,444.2736537324398,128.0
0.01,123.0,446.15684654641,128.0
0.01,123.5,447.9064757492306,128.0
0.01,124.0,449.60194624344655,128.0
0.01,124.5,451.3250555196878,128.0
0.01,125.0,452.9489975823365,128.0
0.01,125.5,454.7805153461217,128.0
0.01,126.0,456.88313231735964,128.0
0.01,126.5,458.69532934875025,128.0
0.01,127.0,460.34136585487727,128.0
0.01,127.5,461.94556931490047,128.0
0.01,128.0,463.6614826787852,128.0
0.01,128.5,465.57355619511554,128.0
0.01,129.0,467.47620407483834,128.0
0.01,129.5,469.0401551067119,128.0
0.01,130.0,470.8759250478271,128.0
0.01,130.5,472.7402716025376,128.0
0.01,131.0,474.6455267768368,128.0
0.01,131.5,476.4543493973257,128.0
0.01,132.0,478.39827464812316,128.0
0.01,132.5,480.16631559186,128.0
0.01,133.0,482.17313310996065,128.0
0.01,133.5,484.08011495737645,128.0
0.01,134.0,486.01206117749365,128.0
0.01,134.5,487.957729923253,128.0
0.01,135.0,489.80436748916327,128.0
0.01,135.5,491.5815970911877,128.0
0.01,136.0,493.43950883050564,128.0
0.01,136.5,495.2966248363238,128.0
0.01,137.0,497.1873915257952,128.0
0.01,137.5,499.03743161110134,128.0
0.01,138.0,500.7589982989837,128.0
0.01,138.5,502.54470920837275,128.0
0.01,139.0,504.5369747885316,128.0
0.01,139.5,506.34186075577907,128.0
0.01,140.0,508.22068630737925,128.0
0.01,140.5,510.0926048154278,128.0
0.01,141.0,511.80450089834056,128.0
0.01,141.5,513.7378052459417,128.0
0.01,142.0,515.8073246440279,128.0
0.01,142.5,517.6144341692043,128.0
0.01,143.0,519.453909958869,128.0
0.01,143.5,521.2721219114552,128.0
0.01,144.0,523.191217003398,128.0
0.01,144.5,525.0497300408839,128.0
0.01,145.0,526.9193350726769,128.0
0.01,145.5,528.8384909981997,128.0
0.01,146.0,530.4791235382285,128.0
0.01,146.5,532.1271964892817,128.0
0.01,147.0,534.0701008937143,128.0
0.01,147.5,535.8615960621084,128.0
0.01,148.0,537.661033974345,128.0
0.01,148.5,539.6053395155512,128.0
0.01,149.0,541.5757920133204,128.0
0.01,149.5,543.3262748938394,128.0
0.01,150.0,545.1094902886382,128.0
0.01,150.5,546.87277781846,128.0
0.01,151.0,548.6164453074385,128.0
0.01,151.5,550.4177174671681,128.0
0.01,152.0,552.3974734591911,128.0
0.01,152.5,554.3445098691186,128.0
0.01,153.0,556.1145433522435,128.0
0.01,153.5,557.925993807896,128.0
0.01,154.0,559.6787973791703,128.0
0.01,154.5,561.6250288569126,128.0
0.01,155.0,563.4158045143897,128.0
0.01,155.5,565.1432353247706,128.0
0.01,156.0,566.9967167768938,128.0
0.01,156.5,568.7343305562483,128.0
0.01,157.0,570.7863074646693,128.0
0.01,157.5,572.6239316032073,128.0
0.01,158.0,574.6097927027212,128.0
0.01,158.5,576.4293151447646,128.0
0.01,159.0,578.2812240258351,128.0
0.01,159.5,580.2280064347754,128.0
0.01,160.0,582.1252980201626,128.0
0.01,160.5,584.007680886087,128.0
0.01,161.0,585.9055649199196,128.0
0.01,161.5,587.7336578606129,128.0
0.01,162.0,589.60257881993,128.0
0.01,162.5,591.4817895208462,128.0
0.01,163.0,593.3090697022653,128.0
0.01,163.5,595.2175088648459,128.0
0.01,164.0,597.206444113786,128.0
0.01,164.5,598.964813995316,128.0
0.01,165.0,600.7107820109774,128.0
0.01,165.5,602.536601614036,128.0
0.01,166.0,604.3599640913735,128.0
0.01,166.5,606.1785555347037,128.0
0.01,167.0,607.9822114366358,128.0
0.01,167.5,609.8212422901006,128.0
0.01,168.0,611.4304707160936,128.0
0.01,168.5,613.1903389135545,128.0
0.01,169.0,614.9543388334622,128.0
0.01,169.5,616.7691815401901,128.0
0.01,170.0,618.5753916253675,128.0
0.01,170.5,620.5274723932885,128.0
0.01,171.0,622.5017819722083,128.0
0.01,171.5,624.4412342037458,128.0
0.01,172.0,626.2169150691475,128.0
0.01,172.5,627.8139750857987,128.0
0.01,173.0,629.6624272668278,128.0
0.01,173.5,631.3672722168154,128.0
0.01,174.0,633.1473615983684,128.0
0.01,174.5,634.9815940853251,128.0
0.01,175.0,636.8211861123464,128.0
0.01,175.5,638.5632134755563,128.0
0.01,176.0,640.2999433385595,128.0
0.01,176.5,642.2020872943989,128.0
0.01,177.0,643.8597159600569,128.0
0.01,177.5,645.7586884132612,128.0
0.01,178.0,647.8046003814239,128.0
0.01,178.5,649.6636985651963,128.0
0.01,179.0,651.5661354402033,128.0
0.01,179.5,653.2760139497403,128.0
0.01,180.0,655.2061471249059,128.0
0.01,180.5,657.0941136496136,128.0
0.01,181.0,658.8447940128425,128.0
0.01,181.5,660.6135070498439,128.0
0.01,182.0,662.3140229925672,128.0
0.01,182.5,664.017744616691,128.0
0.01,183.0,665.9948299559759,128.0
0.01,183.5,667.8329848748372,128.0
0.01,184.0,669.6264362133029,128.0
0.01,184.5,671.2607243288192,128.0
0.01,185.0,673.080469198857,128.0
0.01,185.5,674.8226278604719,128.0
0.01,186.0,676.7870709046151,128.0
0.01,186.5,678.6355898769799,128.0
0.01,187.0,680.3570448372933,128.0
0.01,187.5,682.1695606203044,128.0
0.01,188.0,684.0316818167742,128.0
0.01,188.5,685.8338983840189,128.0
0.01,189.0,687.6048147048109,128.0
0.01,189.5,689.5072904721433,128.0
0.01,190.0,691.3911897149219,128.0
0.01,190.5,693.1208849838841,128.0
0.01,191.0,694.9407216355604,128.0
0.01,191.5,696.7295877368884,128.0
0.01,192.0,698.6802175235244,128.0
0.01,192.5,700.5855461217076,128.0
0.01,193.0,702.394914252639,128.0
0.01,193.5,704.4393121850113,128.0
0.01,194.0,706.2322738591565,128.0
0.01,194.5,707.8596958998846,128.0
0.01,195.0,709.7927963461914,128.0
0.01,195.5,711.6205674665567,128.0
0.01,196.0,713.4001268410965,128.0
0.01,196.5,715.3209579856095,128.0
0.01,197.0,717.2781793274289,128.0
0.01,197.5,718.7621861259654,128.0
0.01,198.0,720.3351419743536,128.0
0.01,198.5,722.2932067560569,128.0
0.01,199.0,723.9617749246196,128.0
0.01,199.5,725.8004839201016,128.0
0.01,200.0,727.5070632277235,128.0
0.1,0.0,0.0,128.0
0.1,0.5,2.6107479688915403,128.0
0.1,1.0,5.900634419429443,128.0
0.1,1.5,9.814735691920578,128.0
0.1,2.0,13.653901956646203,128.0
0.1,2.5,17.81081809291221,128.0
0.1,3.0,21.8215425724785,128.0
0.1,3.5,25.712806892160433,128.0
0.1,4.0,29.623415986830558,128.0
0.1,4.5,33.31545325901736,128.0
0.1,5.0,37.271871910928965,128.0
0.1,5.5,40.965936743522505,128.0
0.1,6.0,44.7883838624728,128.0
0.1,6.5,48.53521766143107,128.0
0.1,7.0,52.54772238807309,128.0
0.1,7.5,56.42325318584534,128.0
0.1,8.0,60.30674727046651,128.0
0.1,8.5,64.18847694462835,128.0
0.1,9.0,67.74919344750268,128.0
0.1,9.5,71.4610413318783,128.0
0.1,10.0,75.25174127181705,128.0
0.1,10.5,79.14470617249563,128.0
0.1,11.0,83.120385867262,128.0
0.1,11.5,86.84441455310937,128.0
0.1,12.0,90.569064959208,128.0
0.1,12.5,94.23235937956227,128.0
0.1,13.0,98.10371118358495,128.0
0.1,13.5,101.99392918252337,128.0
0.1,14.0,105.66551983602555,128.0
0.1,14.5,109.52224812468094,128.0
0.1,15.0,113.49467653349086,128.0
0.1,15.5,117.37044953467652,128.0
0.1,16.0,121.05305133387444,128.0
0.1,16.5,124.988348439778,128.0
0.1,17.0,128.86424675330906,128.0
0.1,17.5,132.5010870158741,128.0
0.1,18.0,136.20885964787576,128.0
0.1,18.5,140.11400395361332,128.0
0.1,19.0,143.86831325455063,128.0
0.1,19.5,147.8963468828901,128.0
0.1,20.0,151.75222742174105,128.0
0.1,20.5,155.65544984532715,128.0
0.1,21.0,159.65779896096075,128.0
0.1,21.5,163.4502513019099,128.0
0.1,22.0,167.2477242548179,128.0
0.1,22.5,171.0209604678826,128.0
0.1,23.0,174.90642730331567,128.0
0.1,23.5,178.82533349815543,128.0
0.1,24.0,182.68419595211384,128.0
0.1,24.5,186.47106674485408,128.0
0.1,25.0,190.17236832644824,128.0
0.1,25.5,194.20155243992494,128.0
0.1,26.0,197.8983011159062,128.0
0.1,26.5,201.62725988947358,128.0
0.1,27.0,205.26038571726968,128.0
0.1,27.5,209.20412269961884,128.0
0.1,28.0,212.86847743211305,128.0
0.1,28.5,216.73653524416164,128.0
0.1,29.0,220.51169288728337,128.0
0.1,29.5,224.09570740425283,128.0
0.1,30.0,227.85019772737442,128.0
0.1,30.5,231.7355029727616,128.0
0.1,31.0,235.62104683865383,128.0
0.1,31.5,239.69349432698186,128.0
0.1,32.0,243.56713913945435,128.0
0.1,32.5,247.33945275752868,128.0
0.1,33.0,251.3094087145268,128.0
0.1,33.5,255.35076398619998,128.0
0.1,34.0,259.2188424389773,128.0
0.1,34.5,262.97640460329995,128.0
0.1,35.0,266.5042659897602,128.0
0.1,35.5,270.3768699744298,128.0
0.1,36.0,274.3734356668925,128.0
0.1,36.5,278.3334051105855,128.0
0.1,37.0,282.1086235997415,128.0
0.1,37.5,286.21417791887984,128.0
0.1,38.0,290.0390383283495,128.0
0.1,38.5,293.74822853573994,128.0
0.1,39.0,297.79227638238825,128.0
0.1,39.5,301.5026934133455,128.0
0.1,40.0,305.4952562645143,128.0
0.1,40.5,309.3818402741769,128.0
0.1,41.0,313.3007779329225,128.0
0.1,41.5,317.26040221049055,128.0
0.1,42.0,320.8540943663952,128.0
0.1,42.5,324.741818139591,128.0
0.1,43.0,328.38367529952643,128.0
0.1,43.5,331.99758000584245,128.0
0.1,44.0,335.9056951158735,128.0
0.1,44.5,339.75908424012175,128.0
0.1,45.0,343.7411620945943,128.0
0.1,45.5,347.540919767916,128.0
0.1,46.0,351.2381775567928,128.0
0.1,46.5,355.0196386914358,128.0
0.1,47.0,358.81818115186456,128.0
0.1,47.5,362.63265697482336,128.0
0.1,48.0,366.48457502367364,128.0
0.1,48.5,370.0566548450753,128.0
0.1,49.0,373.8609323554901,128.0
0.1,49.5,377.7109097692148,128.0
0.1,50.0,381.4547577379008,128.0
0.1,50.5,385.20388070825646,128.0
0.1,51.0,389.14475758268895,128.0
0.1,51.5,392.91294492789314,128.0
0.1,52.0,397.1657760961826,128.0
0.1,52.5,400.8639910030107,128.0
0.1,53.0,404.7287520067411,128.0
0.1,53.5,408.57442080444207,128.0
0.1,54.0,412.59786574754537,128.0
0.1,54.5,416.39375605972674,128.0
0.1,55.0,420.3467998180328,128.0
0.1,55.5,424.09394197893806,128.0
0.1,56.0,427.9258100024117,128.0
0.1,56.5,431.84687058632625,128.0
0.1,57.0,436.033245403741,128.0
0.1,57.5,440.1494699568337,128.0
0.1,58.0,443.70014365850903,128.0
0.1,58.5,447.65797333992623,128.0
0.1,59.0,451.53966679569703,128.0
0.1,59.5,455.60905555956106,128.0
0.1,60.0,459.4299969830052,128.0
0.1,60.5,463.25877741830743,128.0
0.1,61.0,467.06851959423267,128.0
0.1,61.5,470.8436187549799,128.0
0.1,62.0,474.4628999358288,128.0
0.1,62.5,478.58561586108664,128.0
0.1,63.0,482.1357703443513,128.0
0.1,63.5,486.06302470928097,128.0
0.1,64.0,489.75819255556434,128.0
0.1,64.5,493.6243877363768,128.0
0.1,65.0,497.79497782212746,128.0
0.1,65.5,501.5703725453044,128.0
0.1,66.0,505.2174974905778,128.0
0.1,66.5,508.81584529036246,128.0
0.1,67.0,512.5666739117921,128.0
0.1,67.5,516.395527450723,128.0
0.1,68.0,520.1909332270415,128.0
0.1,68.5,524.2911259341406,128.0
0.1,69.0,528.1500978824886,128.0
0.1,69.5,532.2256574687091,128.0
0.1,70.0,536.3461865894084,128.0
0.1,70.5,540.4991649085412,128.0
0.1,71.0,544.5995062318801,128.0
0.1,71.5,548.2240211650478,128.0
0.1,72.0,551.8232112660733,128.0
0.1,72.5,555.575910959006,128.0
0.1,73.0,559.5942391165903,128.0
0.1,73.5,563.4078754192343,128.0
0.1,74.0,567.248337162288,128.0
0.1,74.5,571.0480657386524,128.0
0.1,75.0,574.7728262182485,128.0
0.1,75.5,578.5345492316958,128.0
0.1,76.0,581.9206972259822,128.0
0.1,76.5,585.6602593545124,128.0
0.1,77.0,589.4137974384231,128.0
0.1,77.5,593.1228449682247,128.0
0.1,78.0,596.8694905192413,128.0
0.1,78.5,600.518789334618,128.0
0.1,79.0,604.3659503210107,128.0
0.1,79.5,608.0852840414715,128.0
0.1,80.0,612.065914632052,128.0
0.1,80.5,615.688511608709,128.0
0.1,81.0,619.5180885912708,128.0
0.1,81.5,623.3454835738073,128.0
0.1,82.0,627.101322568456,128.0
0.1,82.5,631.1103154849503,128.0
0.1,83.0,634.9897669854079,128.0
0.1,83.5,638.721504498676,128.0
0.1,84.0,642.4513650359913,128.0
0.1,84.5,646.1034581696036,128.0
0.1,85.0,649.9283112354717,128.0
0.1,85.5,653.8128506764618,128.0
0.1,86.0,657.7852729674781,128.0
0.1,86.5,661.8180478585787,128.0
0.1,87.0,665.6316587193709,128.0
0.1,87.5,669.3716358373215,128.0
0.1,88.0,673.2762291439619,128.0
0.1,88.5,677.0401079742584,128.0
0.1,89.0,680.742549472748,128.0
0.1,89.5,684.2633323855591,128.0
0.1,90.0,688.3954414325111,128.0
0.1,90.5,691.8490108743366,128.0
0.1,91.0,695.8450220567747,128.0
0.1,91.5,699.8062300904464,128.0
0.1,92.0,703.9450011691059,128.0
0.1,92.5,707.6029519030545,128.0
0.1,93.0,711.4795536172612,128.0
0.1,93.5,715.4820249710192,128.0
0.1,94.0,719.3350495095525,128.0
0.1,94.5,723.0306739816162,128.0
0.1,95.0,726.9329704298627,128.0
0.1,95.5,730.7504580804014,128.0
0.1,96.0,734.6407251669145,128.0
0.1,96.5,738.4439970400751,128.0
0.1,97.0,742.3310360466318,128.0
0.1,97.5,745.8788099269135,128.0
0.1,98.0,749.7552524371192,128.0
0.1,98.5,753.6005012444119,128.0
0.1,99.0,757.4399944277999,128.0
0.1,99.5,761.1975745554862,128.0
0.1,100.0,765.09396425914,128.0
0.1,100.5,769.0665453124308,128.0
0.1,101.0,772.7811556677436,128.0
0.1,101.5,776.6559286595183,128.0
0.1,102.0,780.4919100154042,128.0
0.1,102.5,784.0997097349975,128.0
0.1,103.0,788.1126546707613,128.0
0.1,103.5,792.0344651253033,128.0
0.1,104.0,795.5425523417323,128.0
0.1,104.5,799.2812762704823,128.0
0.1,105.0,803.0829929126002,128.0
0.1,105.5,806.9934440048914,128.0
0.1,106.0,810.7395592834083,128.0
0.1,106.5,814.7080010302246,128.0
0.1,107.0,818.5637393458497,128.0
0.1,107.5,822.2844005497811,128.0
0.1,108.0,826.2838302847813,128.0
0.1,108.5,830.0498319640526,128.0
0.1,109.0,834.0223250030816,128.0
0.1,109.5,837.8417588701143,128.0
0.1,110.0,841.5664593942518,128.0
0.1,110.5,845.2540115758866,128.0
0.1,111.0,849.0416852607775,128.0
0.1,111.5,852.765164117405,128.0
0.1,112.0,856.7263366569754,128.0
0.1,112.5,860.646726724371,128.0
0.1,113.0,864.6904041946061,128.0
0.1,113.5,868.5637540642207,128.0
0.1,114.0,872.6924276250695,128.0
0.1,114.5,876.6367224062712,128.0
0.1,115.0,880.3142625830981,128.0
0.1,115.5,884.1671167655104,128.0
0.1,116.0,887.8029102500432,128.0
0.1,116.5,891.3578050281842,128.0
0.1,117.0,895.1779442785494,128.0
0.1,117.5,898.8685402776258,128.0
0.1,118.0,902.555926433346,128.0
0.1,118.5,906.4204108707124,128.0
0.1,119.0,910.1030208609352,128.0
0.1,119.5,914.2846893203653,128.0
0.1,120.0,918.2011424346695,128.0
0.1,120.5,921.9869699839419,128.0
0.1,121.0,925.6679689987219,128.0
0.1,121.5,929.4414137038993,128.0
0.1,122.0,933.4456370069023,128.0
0.1,122.5,937.2335796622501,128.0
0.1,123.0,940.8820417998216,128.0
0.1,123.5,944.5778951726934,128.0
0.1,124.0,948.3998546330209,128.0
0.1,124.5,952.2664821131015,128.0
0.1,125.0,956.2400962244941,128.0
0.1,125.5,960.0796143734826,128.0
0.1,126.0,963.8333248796096,128.0
0.1,126.5,967.5866672637554,128.0
0.1,127.0,971.4607773808233,128.0
0.1,127.5,975.3583686532063,128.0
0.1,128.0,979.3557668428751,128.0
0.1,128.5,982.9450154000813,128.0
0.1,129.0,986.8050643980093,128.0
0.1,129.5,990.8172095028427,128.0
0.1,130.0,994.7055294688913,128.0
0.1,130.5,998.6582650484597,128.0
0.1,131.0,1002.5416819033031,128.0
0.1,131.5,1006.122017018883,128.0
0.1,132.0,1010.1565620577328,128.0
0.1,132.5,1014.0825232972505,128.0
0.1,133.0,1017.9201716496871,128.0
0.1,133.5,1021.6038992177744,128.0
0.1,134.0,1025.4870623487684,128.0
0.1,134.5,1029.3210025020494,128.0
0.1,135.0,1033.0930480691184,128.0
0.1,135.5,1037.0737029776606,128.0
0.1,136.0,1040.9895943345814,128.0
0.1,136.5,1044.8105220581797,128.0
0.1,137.0,1048.6238193406555,128.0
0.1,137.5,1052.2846235996285,128.0
0.1,138.0,1056.093821662592,128.0
0.1,138.5,1059.9417290962722,128.0
0.1,139.0,1063.9061146223794,128.0
0.1,139.5,1067.6307708004956,128.0
0.1,140.0,1071.396186504513,128.0
0.1,140.5,1075.2178095321021,128.0
0.1,141.0,1079.0018243251268,128.0
0.1,141.5,1082.8823333951914,128.0
0.1,142.0,1086.5103943613108,128.0
0.1,142.5,1090.2472996059473,128.0
0.1,143.0,1094.1181832990162,128.0
0.1,143.5,1097.696249078467,128.0
0.1,144.0,1101.2893949243332,128.0
0.1,144.5,1105.186519452595,128.0
0.1,145.0,1109.0594931297283,128.0
0.1,145.5,1113.0652501892232,128.0
0.1,146.0,1116.6376873119862,128.0
0.1,146.5,1120.2608319068008,128.0
0.1,147.0,1123.7435534262268,128.0
0.1,147.5,1127.5628008549506,128.0
0.1,148.0,1131.3823424805723,128.0
0.1,148.5,1135.033851285567,128.0
0.1,149.0,1138.9992613857785,128.0
0.1,149.5,1142.9175449173504,128.0
0.1,150.0,1146.707373157727,128.0
0.1,150.5,1150.4557935904397,128.0
0.1,151.0,1154.0379932749997,128.0
0.1,151.5,1157.7411813564993,128.0
0.1,152.0,1161.4369056494834,128.0
0.1,152.5,1165.3749640078931,128.0
0.1,153.0,1169.2179823357897,128.0
0.1,153.5,1173.0075500047078,128.0
0.1,154.0,1177.0525326268855,128.0
0.1,154.5,1180.9899564828966,128.0
0.1,155.0,1184.6927358943262,128.0
0.1,155.5,1188.7844769643127,128.0
0.1,156.0,1192.9269232692784,128.0
0.1,156.5,1196.9388542578074,128.0
0.1,157.0,1200.8545703660643,128.0
0.1,157.5,1204.6853052212014,128.0
0.1,158.0,1208.4227444249125,128.0
0.1,158.5,1212.1895233669395,128.0
0.1,159.0,1216.1557687629067,128.0
0.1,159.5,1220.0347695256623,128.0
0.1,160.0,1223.8320421261164,128.0
0.1,160.5,1227.6853967675365,128.0
0.1,161.0,1231.4044472669223,128.0
0.1,161.5,1235.3821639394964,128.0
0.1,162.0,1239.1150069444047,128.0
0.1,162.5,1242.817793489288,128.0
0.1,163.0,1246.5016435028765,128.0
0.1,163.5,1250.100083360477,128.0
0.1,164.0,1253.800582120279,128.0
0.1,164.5,1257.9723871145914,128.0
0.1,165.0,1261.8501530175186,128.0
0.1,165.5,1265.9338325788042,128.0
0.1,166.0,1269.754867634933,128.0
0.1,166.5,1273.564823224613,128.0
0.1,167.0,1277.392009607544,128.0
0.1,167.5,1281.3308977223546,128.0
0.1,168.0,1285.2142841085492,128.0
0.1,168.5,1288.929450489046,128.0
0.1,169.0,1292.7976672168886,128.0
0.1,169.5,1296.6404172460564,128.0
0.1,170.0,1300.6149734066325,128.0
0.1,170.5,1304.4049362481242,128.0
0.1,171.0,1308.1200790954567,128.0
0.1,171.5,1311.8903194808533,128.0
0.1,172.0,1315.5829284618376,128.0
0.1,172.5,1319.7919120274514,128.0
0.1,173.0,1323.3759791264456,128.0
0.1,173.5,1327.2011979560207,128.0
0.1,174.0,1330.8928119696698,128.0
0.1,174.5,1334.608088468045,128.0
0.1,175.0,1338.4889946045873,128.0
0.1,175.5,1341.9748802161043,128.0
0.1,176.0,1345.6598905118412,128.0
0.1,176.5,1349.4321974573909,128.0
0.1,177.0,1353.3944690472804,128.0
0.1,177.5,1357.0758944197971,128.0
0.1,178.0,1360.7434445259926,128.0
0.1,178.5,1364.573620465403,128.0
0.1,179.0,1368.2202130558758,128.0
0.1,179.5,1372.0949699375594,128.0
0.1,180.0,1375.8764630515423,128.0
0.1,180.5,1379.7050924603718,128.0
0.1,181.0,1383.6470748185036,128.0
0.1,181.5,1387.3712792066074,128.0
0.1,182.0,1391.1110228484356,128.0
0.1,182.5,1395.0953496120064,128.0
0.1,183.0,1399.1229576121418,128.0
0.1,183.5,1403.0609283069837,128.0
0.1,184.0,1406.8253625311856,128.0
0.1,184.5,1410.3022475700732,128.0
0.1,185.0,1414.1773527314517,128.0
0.1,185.5,1417.9491554115918,128.0
0.1,186.0,1421.648242963323,128.0
0.1,186.5,1425.7920000189642,128.0
0.1,187.0,1429.5760758677566,128.0
0.1,187.5,1433.5238390732743,128.0
0.1,188.0,1437.0611404888389,128.0
0.1,188.5,1441.0096435329856,128.0
0.1,189.0,1444.8473610124743,128.0
0.1,189.5,1448.7432722377914,128.0
0.1,190.0,1452.5540708854628,128.0
0.1,190.5,1456.333655751072,128.0
0.1,191.0,1460.1190408189836,128.0
0.1,191.5,1463.9435646731008,128.0
0.1,192.0,1468.0233742967343,128.0
0.1,192.5,1471.67295924784,128.0
0.1,193.0,1475.652101046132,128.0
0.1,193.5,1479.6205763031635,128.0
0.1,194.0,1483.4178844849444,128.0
0.1,194.5,1487.3605136491374,128.0
0.1,195.0,1491.0104127254294,128.0
0.1,195.5,1494.6567696415627,128.0
0.1,196.0,1498.5954723362088,128.0
0.1,196.5,1502.3048926212668,128.0
0.1,197.0,1506.1702293157098,128.0
0.1,197.5,1510.0677780994854,128.0
0.1,198.0,1514.1425586399387,128.0
0.1,198.5,1518.0169733567166,128.0
0.1,199.0,1521.9780311283412,128.0
0.1,199.5,1526.0163183728378,128.0
0.1,200.0,1529.987984186965,128.0
1.0,0.0,0.0,128.0
1.0,0.5,4.448594381206448,128.0
1.0,1.0,11.897443037459208,128.0
1.0,1.5,19.63275277460539,128.0
1.0,2.0,27.703423696338454,128.0
1.0,2.5,35.55504138344638,128.0
1.0,3.0,43.39303866645665,128.0
1.0,3.5,51.255551633193626,128.0
1.0,4.0,59.33523392131055,128.0
1.0,4.5,67.39879269388588,128.0
1.0,5.0,75.32007705972423,128.0
1.0,5.5,83.2415060986012,128.0
1.0,6.0,91.1806896167408,128.0
1.0,6.5,99.01813014021738,128.0
1.0,7.0,106.98586738313477,128.0
1.0,7.5,114.94721624848611,128.0
1.0,8.0,123.02444729863234,128.0
1.0,8.5,130.93443245212126,128.0
1.0,9.0,138.59361485476975,128.0
1.0,9.5,146.52051862198044,128.0
1.0,10.0,154.35759805180527,128.0
1.0,10.5,162.2894368456928,128.0
1.0,11.0,170.26313634043913,128.0
1.0,11.5,178.25518145527258,128.0
1.0,12.0,186.04839753276775,128.0
1.0,12.5,194.06928179750957,128.0
1.0,13.0,201.9015161906929,128.0
1.0,13.5,209.87130070019853,128.0
1.0,14.0,217.7277753411072,128.0
1.0,14.5,225.89286527239864,128.0
1.0,15.0,233.8318773869085,128.0
1.0,15.5,242.02009076689916,128.0
1.0,16.0,249.90918070863086,128.0
1.0,16.5,257.76809240743876,128.0
1.0,17.0,265.75000963124,128.0
1.0,17.5,273.60543985949573,128.0
1.0,18.0,281.536495760674,128.0
1.0,18.5,289.41539606608865,128.0
1.0,19.0,297.5241878466658,128.0
1.0,19.5,305.4901462849808,128.0
1.0,20.0,313.65045579141963,128.0
1.0,20.5,321.43662919478487,128.0
1.0,21.0,329.3364950582072,128.0
1.0,21.5,337.4463590489587,128.0
1.0,22.0,345.50877350717326,128.0
1.0,22.5,353.7364993626256,128.0
1.0,23.0,361.7998215490145,128.0
1.0,23.5,369.8087733072994,128.0
1.0,24.0,377.61180839629804,128.0
1.0,24.5,385.49519531489335,128.0
1.0,25.0,393.59608690403036,128.0
1.0,25.5,401.6592748253112,128.0
1.0,26.0,409.66028955974144,128.0
1.0,26.5,417.69777236349546,128.0
1.0,27.0,425.5323848954645,128.0
1.0,27.5,433.4941870330671,128.0
1.0,28.0,441.39808806840176,128.0
1.0,28.5,449.27265075136813,128.0
1.0,29.0,457.22857286169835,128.0
1.0,29.5,464.8872271969882,128.0
1.0,30.0,472.87375826820073,128.0
1.0,30.5,480.7899566071084,128.0
1.0,31.0,488.7408315935131,128.0
1.0,31.5,496.57204246481587,128.0
1.0,32.0,504.7825715576531,128.0
1.0,32.5,512.6427745654813,128.0
1.0,33.0,520.7808171450465,128.0
1.0,33.5,528.8665387405147,128.0
1.0,34.0,536.9874281690587,128.0
1.0,34.5,545.0202958527997,128.0
1.0,35.0,552.9869033783037,128.0
1.0,35.5,560.6674358966619,128.0
1.0,36.0,568.6460273049718,128.0
1.0,36.5,576.5277613362662,128.0
1.0,37.0,584.3329163197884,128.0
1.0,37.5,592.4485497581084,128.0
1.0,38.0,600.4624343914891,128.0
1.0,38.5,608.6221631645291,128.0
1.0,39.0,616.5022316596,128.0
1.0,39.5,624.2924558053592,128.0
1.0,40.0,632.2439484710267,128.0
1.0,40.5,640.1398578787835,128.0
1.0,41.0,648.0136610963648,128.0
1.0,41.5,655.8884972270889,128.0
1.0,42.0,663.7744153494637,128.0
1.0,42.5,671.6672585635381,128.0
1.0,43.0,679.4975842981893,128.0
1.0,43.5,687.4588121602644,128.0
1.0,44.0,695.5590246953041,128.0
1.0,44.5,703.459340304036,128.0
1.0,45.0,711.4668263015157,128.0
1.0,45.5,719.6427699016783,128.0
1.0,46.0,727.7889199809241,128.0
1.0,46.5,735.9788784448172,128.0
1.0,47.0,743.9490636758984,128.0
1.0,47.5,752.1461465532659,128.0
1.0,48.0,760.087397479582,128.0
1.0,48.5,767.9337636450728,128.0
1.0,49.0,775.8275317014876,128.0
1.0,49.5,783.6582797814821,128.0
1.0,50.0,791.665609094543,128.0
1.0,50.5,799.5064414528939,128.0
1.0,51.0,807.5579667761102,128.0
1.0,51.5,815.5465818229011,128.0
1.0,52.0,823.6815891473491,128.0
1.0,52.5,831.5805055573921,128.0
1.0,53.0,839.63834576647,128.0
1.0,53.5,847.5598301030302,128.0
1.0,54.0,855.6107018511696,128.0
1.0,54.5,863.6738366705695,128.0
1.0,55.0,871.5412776711626,128.0
1.0,55.5,879.5244936072904,128.0
1.0,56.0,887.5629889107179,128.0
1.0,56.5,895.7458507965766,128.0
1.0,57.0,903.7264267566807,128.0
1.0,57.5,911.6677511362128,128.0
1.0,58.0,919.699058688531,128.0
1.0,58.5,927.4666198880641,128.0
1.0,59.0,935.469474303153,128.0
1.0,59.5,943.415189608462,128.0
1.0,60.0,951.3809134793844,128.0
1.0,60.5,959.5144831804471,128.0
1.0,61.0,967.3937426890345,128.0
1.0,61.5,975.1017519023457,128.0
1.0,62.0,982.918973979452,128.0
1.0,62.5,990.8160621033196,128.0
1.0,63.0,998.750773230469,128.0
1.0,63.5,1006.5892223076025,128.0
1.0,64.0,1014.6848552949936,128.0
1.0,64.5,1022.7054340352449,128.0
1.0,65.0,1030.6889825063834,128.0
1.0,65.5,1038.5690913989854,128.0
1.0,66.0,1046.652729799959,128.0
1.0,66.5,1054.5670646411886,128.0
1.0,67.0,1062.353463664749,128.0
1.0,67.5,1070.4098963728402,128.0
1.0,68.0,1078.5713876039438,128.0
1.0,68.5,1086.3985100920042,128.0
1.0,69.0,1094.16869118718,128.0
1.0,69.5,1102.2097858055454,128.0
1.0,70.0,1110.1478965732465,128.0
1.0,70.5,1117.91830215076,128.0
1.0,71.0,1125.9898417361126,128.0
1.0,71.5,1133.899676106094,128.0
1.0,72.0,1141.704741636284,128.0
1.0,72.5,1149.6954191638692,128.0
1.0,73.0,1157.9920826476368,128.0
1.0,73.5,1166.049471707923,128.0
1.0,74.0,1173.9752688696176,128.0
1.0,74.5,1181.8628232261258,128.0
1.0,75.0,1189.8446159966977,128.0
1.0,75.5,1197.580672031479,128.0
1.0,76.0,1205.5687988293862,128.0
1.0,76.5,1213.728336830442,128.0
1.0,77.0,1221.7310441235122,128.0
1.0,77.5,1229.5277626217935,128.0
1.0,78.0,1237.211710232004,128.0
1.0,78.5,1245.1671972894944,128.0
1.0,79.0,1253.4170969031225,128.0
1.0,79.5,1261.2886662355852,128.0
1.0,80.0,1269.2310826571188,128.0
1.0,80.5,1276.823328858873,128.0
1.0,81.0,1284.547944021058,128.0
1.0,81.5,1292.4779139324507,128.0
1.0,82.0,1300.3890140222506,128.0
1.0,82.5,1308.1998604796713,128.0
1.0,83.0,1316.2723165713928,128.0
1.0,83.5,1324.2574690870042,128.0
1.0,84.0,1332.517515147516,128.0
1.0,84.5,1340.444116703162,128.0
1.0,85.0,1348.4154024013158,128.0
1.0,85.5,1356.448043187475,128.0
1.0,86.0,1364.1197300252704,128.0
1.0,86.5,1372.0169783908746,128.0
1.0,87.0,1379.815089197456,128.0
1.0,87.5,1387.6795504372067,128.0
1.0,88.0,1395.6502171998218,128.0
1.0,88.5,1403.7211639615698,128.0
1.0,89.0,1411.5639949487147,128.0
1.0,89.5,1419.4979442657063,128.0
1.0,90.0,1427.5420892884993,128.0
1.0,90.5,1435.6062288033554,128.0
1.0,91.0,1443.2716494601843,128.0
1.0,91.5,1451.1856007013914,128.0
1.0,92.0,1459.0828666550938,128.0
1.0,92.5,1466.9235792161362,128.0
1.0,93.0,1474.7962109174734,128.0
1.0,93.5,1482.9158820821997,128.0
1.0,94.0,1490.8488491264375,128.0
1.0,94.5,1498.5329769496352,128.0
1.0,95.0,1506.415634767168,128.0
1.0,95.5,1514.5404298367396,128.0
1.0,96.0,1522.2954994166562,128.0
1.0,96.5,1530.1718510457576,128.0
1.0,97.0,1538.2793913466235,128.0
1.0,97.5,1546.2826007978397,128.0
1.0,98.0,1554.0441206866692,128.0
1.0,98.5,1562.0282433685197,128.0
1.0,99.0,1569.9118900841436,128.0
1.0,99.5,1577.8621717598055,128.0
1.0,100.0,1585.8808291953803,128.0
1.0,100.5,1593.7066898216785,128.0
1.0,101.0,1601.4469495557487,128.0
1.0,101.5,1609.2907404213502,128.0
1.0,102.0,1617.5200474038097,128.0
1.0,102.5,1625.346928356674,128.0
1.0,103.0,1633.1308583428886,128.0
1.0,103.5,1641.0704609235247,128.0
1.0,104.0,1648.9648430169032,128.0
1.0,104.5,1656.8224861161839,128.0
1.0,105.0,1664.780070662433,128.0
1.0,105.5,1672.725328911568,128.0
1.0,106.0,1680.8875401438272,128.0
1.0,106.5,1688.8749631457981,128.0
1.0,107.0,1696.7277043848503,128.0
1.0,107.5,1704.7186670736469,128.0
1.0,108.0,1712.7078244175834,128.0
1.0,108.5,1720.844432245814,128.0
1.0,109.0,1729.0236697721452,128.0
1.0,109.5,1736.976314691489,128.0
1.0,110.0,1744.7666581165345,128.0
1.0,110.5,1752.6994620588816,128.0
1.0,111.0,1760.4685533705947,128.0
1.0,111.5,1768.4615965289988,128.0
1.0,112.0,1776.2739816294427,128.0
1.0,112.5,1784.0879900995274,128.0
1.0,113.0,1792.0938682430537,128.0
1.0,113.5,1799.7695675520486,128.0
1.0,114.0,1807.799044019821,128.0
1.0,114.5,1815.8732801826845,128.0
1.0,115.0,1823.9126675809773,128.0
1.0,115.5,1831.9038301298046,128.0
1.0,116.0,1839.8104603609074,128.0
1.0,116.5,1847.9396546347664,128.0
1.0,117.0,1855.8562235966615,128.0
1.0,117.5,1863.9607671466904,128.0
1.0,118.0,1871.7684565934112,128.0
1.0,118.5,1879.6967887225296,128.0
1.0,119.0,1887.5760954554942,128.0
1.0,119.5,1895.5679302458036,128.0
1.0,120.0,1903.5717304320856,128.0
1.0,120.5,1911.6805827855965,128.0
1.0,121.0,1919.5203461885794,128.0
1.0,121.5,1927.3319802194503,128.0
1.0,122.0,1935.4324847798641,128.0
1.0,122.5,1943.3272141476295,128.0
1.0,123.0,1951.4377241689895,128.0
1.0,123.5,1959.4743679497174,128.0
1.0,124.0,1967.355855719737,128.0
1.0,124.5,1975.4907152096707,128.0
1.0,125.0,1983.3218087228847,128.0
1.0,125.5,1991.2570180432945,128.0
1.0,126.0,1999.177170148721,128.0
1.0,126.5,2007.207970120308,128.0
1.0,127.0,2015.1379273959294,128.0
1.0,127.5,2023.3113620809413,128.0
1.0,128.0,2031.355373764901,128.0
1.0,128.5,2039.3257510626986,128.0
1.0,129.0,2047.4450539160432,128.0
1.0,129.5,2055.4605146578006,128.0
1.0,130.0,2063.4544274675477,128.0
1.0,130.5,2071.2019171080783,128.0
1.0,131.0,2079.0326196780325,128.0
1.0,131.5,2087.0140098204765,128.0
1.0,132.0,2095.1006568980224,128.0
1.0,132.5,2103.012765381379,128.0
1.0,133.0,2111.078779104958,128.0
1.0,133.5,2119.0452968688433,128.0
1.0,134.0,2127.3079778151396,128.0
1.0,134.5,2135.3604342213084,128.0
1.0,135.0,2143.2314500910074,128.0
1.0,135.5,2150.9989054163916,128.0
1.0,136.0,2158.7004189180348,128.0
1.0,136.5,2166.2505437561954,128.0
1.0,137.0,2174.161648098826,128.0
1.0,137.5,2182.2231263338554,128.0
1.0,138.0,2190.330850192697,128.0
1.0,138.5,2198.0487707482043,128.0
1.0,139.0,2205.7326663237864,128.0
1.0,139.5,2213.701795126818,128.0
1.0,140.0,2221.783866034302,128.0
1.0,140.5,2229.8454262461755,128.0
1.0,141.0,2237.861990646492,128.0
1.0,141.5,2245.92140030633,128.0
1.0,142.0,2253.7741346129587,128.0
1.0,142.5,2261.519969599797,128.0
1.0,143.0,2269.5426000311454,128.0
1.0,143.5,2277.444807851306,128.0
1.0,144.0,2285.544557352099,128.0
1.0,144.5,2293.4421303193317,128.0
1.0,145.0,2301.3962990130076,128.0
1.0,145.5,2309.3639579640794,128.0
1.0,146.0,2317.196646923947,128.0
1.0,146.5,2325.1316255101765,128.0
1.0,147.0,2332.8963353797108,128.0
1.0,147.5,2340.8147340275923,128.0
1.0,148.0,2348.730523262644,128.0
1.0,148.5,2356.718900705553,128.0
1.0,149.0,2364.520764324875,128.0
1.0,149.5,2372.5581193596004,128.0
1.0,150.0,2380.476157864011,128.0
1.0,150.5,2388.6210364323015,128.0
1.0,151.0,2396.9393741197655,128.0
1.0,151.5,2405.090397465724,128.0
1.0,152.0,2413.157340374156,128.0
1.0,152.5,2421.212498452887,128.0
1.0,153.0,2429.236904604139,128.0
1.0,153.5,2437.2175185608985,128.0
1.0,154.0,2445.1323636916904,128.0
1.0,154.5,2452.9754997184777,128.0
1.0,155.0,2461.003115313105,128.0
1.0,155.5,2468.7254847228246,128.0
1.0,156.0,2476.62366495755,128.0
1.0,156.5,2484.427409674644,128.0
1.0,157.0,2492.394383856888,128.0
1.0,157.5,2500.3799835263044,128.0
1.0,158.0,2508.3106826208304,128.0
1.0,158.5,2516.214845318441,128.0
1.0,159.0,2524.2094380516924,128.0
1.0,159.5,2532.1710627962284,128.0
1.0,160.0,2540.246007579463,128.0
1.0,160.5,2548.0576397639293,128.0
1.0,161.0,2556.03754944856,128.0
1.0,161.5,2563.8418140822805,128.0
1.0,162.0,2572.0810863946895,128.0
1.0,162.5,2580.076442331545,128.0
1.0,163.0,2587.9773128732836,128.0
1.0,163.5,2595.7340433243617,128.0
1.0,164.0,2603.8279709024982,128.0
1.0,164.5,2611.88370712684,128.0
1.0,165.0,2619.8077067520676,128.0
1.0,165.5,2627.813120802555,128.0
1.0,166.0,2636.0774076340444,128.0
1.0,166.5,2644.1952217512408,128.0
1.0,167.0,2652.083966226241,128.0
1.0,167.5,2660.304113804468,128.0
1.0,168.0,2668.275158194942,128.0
1.0,168.5,2676.2599144322185,128.0
1.0,169.0,2684.2366557553114,128.0
1.0,169.5,2692.3317269927434,128.0
1.0,170.0,2700.1073286309756,128.0
1.0,170.5,2707.911269752502,128.0
1.0,171.0,2715.835596874325,128.0
1.0,171.5,2724.041002584244,128.0
1.0,172.0,2732.0754879208944,128.0
1.0,172.5,2739.966277055653,128.0
1.0,173.0,2747.973720797973,128.0
1.0,173.5,2755.951227052449,128.0
1.0,174.0,2763.9333958511597,128.0
1.0,174.5,2771.7412821638222,128.0
1.0,175.0,2779.627401506452,128.0
1.0,175.5,2787.6773196041026,128.0
1.0,176.0,2795.6223921602605,128.0
1.0,176.5,2803.7246612051263,128.0
1.0,177.0,2811.5989389976758,128.0
1.0,177.5,2819.6414047559165,128.0
1.0,178.0,2827.525004888072,128.0
1.0,178.5,2835.581926917363,128.0
1.0,179.0,2843.437045751624,128.0
1.0,179.5,2851.5207468445697,128.0
1.0,180.0,2859.557941003015,128.0
1.0,180.5,2867.712656734563,128.0
1.0,181.0,2875.839323713574,128.0
1.0,181.5,2883.7259759605026,128.0
1.0,182.0,2891.7569317416246,128.0
1.0,182.5,2899.911686747585,128.0
1.0,183.0,2907.845340490102,128.0
1.0,183.5,2915.82469061557,128.0
1.0,184.0,2923.9518427341563,128.0
1.0,184.5,2931.8667046666806,128.0
1.0,185.0,2939.9539038984512,128.0
1.0,185.5,2947.7843974632715,128.0
1.0,186.0,2955.654520971987,128.0
1.0,186.5,2963.8657803826723,128.0
1.0,187.0,2971.9475402834487,128.0
1.0,187.5,2979.796316006221,128.0
1.0,188.0,2987.6949003787718,128.0
1.0,188.5,2995.6809808812436,128.0
1.0,189.0,3003.690447175658,128.0
1.0,189.5,3011.5865085641976,128.0
1.0,190.0,3019.3461180649606,128.0
1.0,190.5,3027.231162221767,128.0
1.0,191.0,3034.8357492525197,128.0
1.0,191.5,3042.4801766600167,128.0
1.0,192.0,3050.274026685755,128.0
1.0,192.5,3058.3117260999743,128.0
1.0,193.0,3066.066768635756,128.0
1.0,193.5,3074.0556725501924,128.0
1.0,194.0,3081.9844752120152,128.0
1.0,194.5,3090.0480388806645,128.0
1.0,195.0,3097.9366922475756,128.0
1.0,195.5,3105.9292760670746,128.0
1.0,196.0,3113.8352163823115,128.0
1.0,196.5,3121.708601996577,128.0
1.0,197.0,3129.802789962934,128.0
1.0,197.5,3137.92896365705,128.0
1.0,198.0,3145.919268884533,128.0
1.0,198.5,3153.8851350188384,128.0
1.0,199.0,3161.8920259850984,128.0
1.0,199.5,3169.918596805396,128.0
1.0,200.0,3177.8303731598126,128.0
10.0,0.0,0.0,128.0
10.0,0.5,2.6271193041834344,128.0
10.0,1.0,10.005222197555604,128.0
10.0,1.5,19.164187277794483,128.0
10.0,2.0,28.89106677877401,128.0
10.0,2.5,38.69880906114552,128.0
10.0,3.0,48.66333530115552,128.0
10.0,3.5,58.727357000238285,128.0
10.0,4.0,68.81850049642262,128.0
10.0,4.5,78.95441654349773,128.0
10.0,5.0,88.92493202512529,128.0
10.0,5.5,99.05058947720016,128.0
10.0,6.0,109.12134788233763,128.0
10.0,6.5,119.33487775325989,128.0
10.0,7.0,129.35295122808083,128.0
10.0,7.5,139.35063500478594,128.0
10.0,8.0,149.64950426031285,128.0
10.0,8.5,159.64751476601643,128.0
10.0,9.0,169.82319378977255,128.0
10.0,9.5,179.95110172652,128.0
10.0,10.0,189.99438258637775,128.0
10.0,10.5,199.91158098209013,128.0
10.0,11.0,209.9468548930803,128.0
10.0,11.5,219.86309312876762,128.0
10.0,12.0,229.9714433641493,128.0
10.0,12.5,239.8986536582658,128.0
10.0,13.0,249.8755506992357,128.0
10.0,13.5,259.8715303722549,128.0
10.0,14.0,269.89874939086747,128.0
10.0,14.5,279.99218171795565,128.0
10.0,15.0,290.0882131814161,128.0
10.0,15.5,300.0921738050682,128.0
10.0,16.0,310.07782556976065,128.0
10.0,16.5,320.2925345727804,128.0
10.0,17.0,330.3406673301173,128.0
10.0,17.5,340.2641085527795,128.0
10.0,18.0,350.4452354806864,128.0
10.0,18.5,360.54185111381105,128.0
10.0,19.0,370.6045910100693,128.0
10.0,19.5,380.63391127049397,128.0
10.0,20.0,390.527081876182,128.0
10.0,20.5,400.5223023671909,128.0
10.0,21.0,410.5839963307635,128.0
10.0,21.5,420.59647175449373,128.0
10.0,22.0,430.44502389906086,128.0
10.0,22.5,440.49797413555086,128.0
10.0,23.0,450.6097874692811,128.0
10.0,23.5,460.81075881090766,128.0
10.0,24.0,470.8834544421496,128.0
10.0,24.5,481.07335314816044,128.0
10.0,25.0,491.12870735500644,128.0
10.0,25.5,501.021076896944,128.0
10.0,26.0,511.09132551910915,128.0
10.0,26.5,520.8658163236307,128.0
10.0,27.0,530.7660054697267,128.0
10.0,27.5,540.7907262609951,128.0
10.0,28.0,550.6787441625529,128.0
10.0,28.5,560.7367657935731,128.0
10.0,29.0,570.8656034253725,128.0
10.0,29.5,580.9218024020362,128.0
10.0,30.0,590.8027015804449,128.0
10.0,30.5,600.819033573674,128.0
10.0,31.0,611.021561804677,128.0
10.0,31.5,620.9917208157157,128.0
10.0,32.0,631.1123873205191,128.0
10.0,32.5,641.2447236084075,128.0
10.0,33.0,651.2317044706421,128.0
10.0,33.5,661.3639067184638,128.0
10.0,34.0,671.2606513187711,128.0
10.0,34.5,681.1353589401615,128.0
10.0,35.0,691.0649863421381,128.0
10.0,35.5,701.028824310161,128.0
10.0,36.0,711.0689997640374,128.0
10.0,36.5,721.0050551236643,128.0
10.0,37.0,730.9859589868452,128.0
10.0,37.5,740.9020045351668,128.0
10.0,38.0,750.7165423438951,128.0
10.0,38.5,760.7165254875941,128.0
10.0,39.0,770.6691034966789,128.0
10.0,39.5,780.6565553370936,128.0
10.0,40.0,790.7313602700901,128.0
10.0,40.5,800.645506111587,128.0
10.0,41.0,810.7513443809922,128.0
10.0,41.5,820.6366796817676,128.0
10.0,42.0,830.6617467249152,128.0
10.0,42.5,840.6760532155697,128.0
10.0,43.0,850.6892216788444,128.0
10.0,43.5,860.807050159892,128.0
10.0,44.0,870.6470004329818,128.0
10.0,44.5,880.8172003689964,128.0
10.0,45.0,890.8335903134488,128.0
10.0,45.5,900.8095916073859,128.0
10.0,46.0,910.7208490409723,128.0
10.0,46.5,920.6503647082594,128.0
10.0,47.0,930.8421714557522,128.0
10.0,47.5,940.8939727917298,128.0
10.0,48.0,950.9653505035324,128.0
10.0,48.5,960.9895435701756,128.0
10.0,49.0,970.9689803169395,128.0
10.0,49.5,981.0075915538551,128.0
10.0,50.0,990.8937700061351,128.0
10.0,50.5,1000.6951683770036,128.0
10.0,51.0,1010.7719914236853,128.0
10.0,51.5,1020.7050115389072,128.0
10.0,52.0,1030.6065081347524,128.0
10.0,52.5,1040.404816911575,128.0
10.0,53.0,1050.2777866612364,128.0
10.0,53.5,1060.2981526124079,128.0
10.0,54.0,1070.3032405307795,128.0
10.0,54.5,1080.4125426582966,128.0
10.0,55.0,1090.6034641562455,128.0
10.0,55.5,1100.701832354876,128.0
10.0,56.0,1110.6122774749688,128.0
10.0,56.5,1120.530327437758,128.0
10.0,57.0,1130.6899945513792,128.0
10.0,57.5,1140.5952548127934,128.0
10.0,58.0,1150.5917991982078,128.0
10.0,58.5,1160.684932354378,128.0
10.0,59.0,1170.5888384060186,128.0
10.0,59.5,1180.5372582709176,128.0
10.0,60.0,1190.4360252295603,128.0
10.0,60.5,1200.5743532700246,128.0
10.0,61.0,1210.6532366274994,128.0
10.0,61.5,1220.816255214013,128.0
10.0,62.0,1230.877357568102,128.0
10.0,62.5,1241.0010223693132,128.0
10.0,63.0,1251.2492679878726,128.0
10.0,63.5,1261.2169582033182,128.0
10.0,64.0,1271.1024047522246,128.0
10.0,64.5,1281.0803355728149,128.0
10.0,65.0,1290.9352023380688,128.0
10.0,65.5,1301.056177251438,128.0
10.0,66.0,1311.0223307953033,128.0
10.0,66.5,1321.0360987251183,128.0
10.0,67.0,1331.0293462055809,128.0
10.0,67.5,1341.0192609740302,128.0
10.0,68.0,1350.9742915024876,128.0
10.0,68.5,1361.0497956480783,128.0
10.0,69.0,1371.165486226912,128.0
10.0,69.5,1381.2381430314854,128.0
10.0,70.0,1391.1756941422332,128.0
10.0,70.5,1401.1292854381281,128.0
10.0,71.0,1411.1232918730989,128.0
10.0,71.5,1421.1222606173774,128.0
10.0,72.0,1431.2239779078138,128.0
10.0,72.5,1441.2450697350384,128.0
10.0,73.0,1451.310363507766,128.0
10.0,73.5,1461.309973721948,128.0
10.0,74.0,1471.3377247967273,128.0
10.0,74.5,1481.2989276866376,128.0
10.0,75.0,1491.2338470981626,128.0
10.0,75.5,1500.9927647305515,128.0
10.0,76.0,1510.7874992254262,128.0
10.0,76.5,1520.618632861249,128.0
10.0,77.0,1530.5964109414276,128.0
10.0,77.5,1540.586823202239,128.0
10.0,78.0,1550.6347462388865,128.0
10.0,78.5,1560.7553350827534,128.0
10.0,79.0,1570.761516113721,128.0
10.0,79.5,1580.7662517838082,128.0
10.0,80.0,1590.8076687214793,128.0
10.0,80.5,1600.7642842249536,128.0
10.0,81.0,1610.8415186411644,128.0
10.0,81.5,1620.8341223073517,128.0
10.0,82.0,1630.7362442356944,128.0
10.0,82.5,1640.8974909072372,128.0
10.0,83.0,1650.8827730939797,128.0
10.0,83.5,1660.9488986177716,128.0
10.0,84.0,1670.984204024981,128.0
10.0,84.5,1681.0068839448982,128.0
10.0,85.0,1691.234310000901,128.0
10.0,85.5,1701.09368141371,128.0
10.0,86.0,1711.1886352934434,128.0
10.0,86.5,1721.2853314374242,128.0
10.0,87.0,1731.0626427145125,128.0
10.0,87.5,1741.09152765292,128.0
10.0,88.0,1751.1004311612564,128.0
10.0,88.5,1761.1171818508792,128.0
10.0,89.0,1771.150508218901,128.0
10.0,89.5,1781.08125530008,128.0
10.0,90.0,1791.0517014594031,128.0
10.0,90.5,1801.0956483343707,128.0
10.0,91.0,1810.9806076948048,128.0
10.0,91.5,1820.8672031363517,128.0
10.0,92.0,1830.9311734424548,128.0
10.0,92.5,1840.9620220408447,128.0
10.0,93.0,1851.0930794004366,128.0
10.0,93.5,1861.0599804702492,128.0
10.0,94.0,1871.0508117097138,128.0
10.0,94.5,1881.0956135966487,128.0
10.0,95.0,1891.3141504072457,128.0
10.0,95.5,1901.3127555228693,128.0
10.0,96.0,1911.5370666206788,128.0
10.0,96.5,1921.4998839786556,128.0
10.0,97.0,1931.553670243756,128.0
10.0,97.5,1941.523075495992,128.0
10.0,98.0,1951.6178621130875,128.0
10.0,98.5,1961.750737407257,128.0
10.0,99.0,1971.7378100471378,128.0
10.0,99.5,1981.884433211016,128.0
10.0,100.0,1991.707102890463,128.0
10.0,100.5,2001.661786621397,128.0
10.0,101.0,2011.633338138047,128.0
10.0,101.5,2021.6087453412242,128.0
10.0,102.0,2031.6109599594342,128.0
10.0,102.5,2041.7687051401517,128.0
10.0,103.0,2051.651554316143,128.0
10.0,103.5,2061.638187907125,128.0
10.0,104.0,2071.7754138982114,128.0
10.0,104.5,2081.643578535031,128.0
10.0,105.0,2091.7705764885877,128.0
10.0,105.5,2101.751908147976,128.0
10.0,106.0,2111.8270660311,128.0
10.0,106.5,2122.033934501895,128.0
10.0,107.0,2132.097002539688,128.0
10.0,107.5,2142.008751474181,128.0
10.0,108.0,2151.9016596798333,128.0
10.0,108.5,2161.855949735186,128.0
10.0,109.0,2171.664755299401,128.0
10.0,109.5,2181.5563506623075,128.0
10.0,110.0,2191.819617745088,128.0
10.0,110.5,2201.937418925615,128.0
10.0,111.0,2211.884923489103,128.0
10.0,111.5,2221.8292646148393,128.0
10.0,112.0,2231.7932209615556,128.0
10.0,112.5,2241.555140439359,128.0
10.0,113.0,2251.677639615806,128.0
10.0,113.5,2261.6952353912684,128.0
10.0,114.0,2271.6996101570026,128.0
10.0,114.5,2281.7619777540745,128.0
10.0,115.0,2291.8036503451162,128.0
10.0,115.5,2301.8879957783574,128.0
10.0,116.0,2311.9190133146503,128.0
10.0,116.5,2321.963991921342,128.0
10.0,117.0,2331.949116137072,128.0
10.0,117.5,2342.0196219355057,128.0
10.0,118.0,2352.076471056852,128.0
10.0,118.5,2362.0940278083567,128.0
10.0,119.0,2372.1356596578075,128.0
10.0,119.5,2382.0791989645354,128.0
10.0,120.0,2392.188420227825,128.0
10.0,120.5,2402.0174356826724,128.0
10.0,121.0,2412.1344483066123,128.0
10.0,121.5,2422.186959702684,128.0
10.0,122.0,2432.1159993018628,128.0
10.0,122.5,2442.071268096658,128.0
10.0,123.0,2451.8905224985447,128.0
10.0,123.5,2461.7730467316046,128.0
10.0,124.0,2471.6622283183383,128.0
10.0,124.5,2481.634146423184,128.0
10.0,125.0,2491.5495332091286,128.0
10.0,125.5,2501.404070462664,128.0
10.0,126.0,2511.4584491272426,128.0
10.0,126.5,2521.3950381459285,128.0
10.0,127.0,2531.5753919750055,128.0
10.0,127.5,2541.4822146481947,128.0
10.0,128.0,2551.4076505738085,128.0
10.0,128.5,2561.4334826836093,128.0
10.0,129.0,2571.3485532492277,128.0
10.0,129.5,2581.291038910006,128.0
10.0,130.0,2591.332165624542,128.0
10.0,130.5,2601.2616042785703,128.0
10.0,131.0,2611.28516134076,128.0
10.0,131.5,2621.3137371225935,128.0
10.0,132.0,2631.381592650637,128.0
10.0,132.5,2641.497996124628,128.0
10.0,133.0,2651.552176608617,128.0
10.0,133.5,2661.661105392349,128.0
10.0,134.0,2671.7787636297935,128.0
10.0,134.5,2681.932870106547,128.0
10.0,135.0,2692.0078344494564,128.0
10.0,135.5,2701.9801679311213,128.0
10.0,136.0,2711.887416440396,128.0
10.0,136.5,2721.962455322934,128.0
10.0,137.0,2732.2949630242547,128.0
10.0,137.5,2742.36776609482,128.0
10.0,138.0,2752.589726245983,128.0
10.0,138.5,2762.7726455457023,128.0
10.0,139.0,2772.898409329081,128.0
10.0,139.5,2782.921472761911,128.0
10.0,140.0,2792.942629638376,128.0
10.0,140.5,2802.8897118847517,128.0
10.0,141.0,2812.7655394431113,128.0
10.0,141.5,2822.7485168384455,128.0
10.0,142.0,2832.87483771446,128.0
10.0,142.5,2843.0693894653036,128.0
10.0,143.0,2853.0872324289894,128.0
10.0,143.5,2863.042807652339,128.0
10.0,144.0,2873.2200789130375,128.0
10.0,144.5,2883.303776973656,128.0
10.0,145.0,2893.3573456932004,128.0
10.0,145.5,2903.584635487053,128.0
10.0,146.0,2913.793005749823,128.0
10.0,146.5,2923.7726462222417,128.0
10.0,147.0,2933.665797002468,128.0
10.0,147.5,2943.599663220363,128.0
10.0,148.0,2953.5199342654273,128.0
10.0,148.5,2963.688317322453,128.0
10.0,149.0,2973.7301269805603,128.0
10.0,149.5,2983.9510137965635,128.0
10.0,150.0,2994.0108706420624,128.0
10.0,150.5,3004.2057242062174,128.0
10.0,151.0,3014.3549897638227,128.0
10.0,151.5,3024.6911770519037,128.0
10.0,152.0,3034.7256945226536,128.0
10.0,152.5,3044.995240499759,128.0
10.0,153.0,3055.093279012929,128.0
10.0,153.5,3065.1449362625285,128.0
10.0,154.0,3075.200523479303,128.0
10.0,154.5,3085.294916464217,128.0
10.0,155.0,3095.2673114182226,128.0
10.0,155.5,3105.1230706255874,128.0
10.0,156.0,3115.110526811694,128.0
10.0,156.5,3124.970287372803,128.0
10.0,157.0,3134.8494997617136,128.0
10.0,157.5,3145.164403061104,128.0
10.0,158.0,3155.2259617937248,128.0
10.0,158.5,3164.966054302114,128.0
10.0,159.0,3175.066984845407,128.0
10.0,159.5,3185.218784754535,128.0
10.0,160.0,3195.165851288469,128.0
10.0,160.5,3204.950005419153,128.0
10.0,161.0,3215.0083426932433,128.0
10.0,161.5,3224.8411622738577,128.0
10.0,162.0,3234.9501678096563,128.0
10.0,162.5,3244.9684368449043,128.0
10.0,163.0,3255.063788512087,128.0
10.0,163.5,3264.993598840726,128.0
10.0,164.0,3275.029519388121,128.0
10.0,164.5,3284.8921953771473,128.0
10.0,165.0,3294.800813905553,128.0
10.0,165.5,3304.7802014675167,128.0
10.0,166.0,3314.72379662693,128.0
10.0,166.5,3324.8790001325046,128.0
10.0,167.0,3334.9654340303787,128.0
10.0,167.5,3345.001073723173,128.0
10.0,168.0,3354.9940058904394,128.0
10.0,168.5,3365.028247724127,128.0
10.0,169.0,3375.1821007558965,128.0
10.0,169.5,3385.1122007624517,128.0
10.0,170.0,3395.072111061249,128.0
10.0,170.5,3404.98131506941,128.0
10.0,171.0,3415.3819344239155,128.0
10.0,171.5,3425.4765188846604,128.0
10.0,172.0,3435.5198185511604,128.0
10.0,172.5,3445.755792346476,128.0
10.0,173.0,3455.6915422879515,128.0
10.0,173.5,3465.575106654691,128.0
10.0,174.0,3475.631779422426,128.0
10.0,174.5,3485.8121089488895,128.0
10.0,175.0,3495.9273593088815,128.0
10.0,175.5,3506.0875356634983,128.0
10.0,176.0,3516.1516666962607,128.0
10.0,176.5,3526.245020306884,128.0
10.0,177.0,3536.354554952935,128.0
10.0,177.5,3546.4595005040055,128.0
10.0,178.0,3556.6469893924286,128.0
10.0,178.5,3566.704626493183,128.0
10.0,179.0,3576.8487014487155,128.0
10.0,179.5,3586.860997004739,128.0
10.0,180.0,3596.9366790555177,128.0
10.0,180.5,3606.985771604409,128.0
10.0,181.0,3617.080239848604,128.0
10.0,181.5,3627.0602688436315,128.0
10.0,182.0,3637.1343677778614,128.0
10.0,182.5,3647.2841902750506,128.0
10.0,183.0,3657.4334986068593,128.0
10.0,183.5,3667.5971380462624,128.0
10.0,184.0,3677.827226852336,128.0
10.0,184.5,3687.798270876596,128.0
10.0,185.0,3697.597108772582,128.0
10.0,185.5,3707.5456438298434,128.0
10.0,186.0,3717.6515808561626,128.0
10.0,186.5,3727.4383651154108,128.0
10.0,187.0,3737.314006973595,128.0
10.0,187.5,3747.2981892591097,128.0
10.0,188.0,3757.2470813959794,128.0
10.0,188.5,3767.2987479379685,128.0
10.0,189.0,3777.1970669073453,128.0
10.0,189.5,3787.2014585926745,128.0
10.0,190.0,3797.0773211622427,128.0
10.0,190.5,3807.079255324975,128.0
10.0,191.0,3817.3898822412216,128.0
10.0,191.5,3827.6154348231103,128.0
10.0,192.0,3837.630947882215,128.0
10.0,192.5,3847.501861006093,128.0
10.0,193.0,3857.619397866086,128.0
10.0,193.5,3867.6666156721576,128.0
10.0,194.0,3877.824958108068,128.0
10.0,194.5,3888.012690390436,128.0
10.0,195.0,3898.15283308034,128.0
10.0,195.5,3908.184880818535,128.0
10.0,196.0,3918.2804689940467,128.0
10.0,196.5,3928.3376662119663,128.0
10.0,197.0,3938.204237494185,128.0
10.0,197.5,3948.1950066491727,128.0
10.0,198.0,3958.2552160035752,128.0
10.0,198.5,3968.285655707413,128.0
10.0,199.0,3978.2907969720786,128.0
10.0,199.5,3988.2400837852933,128.0
10.0,200.0,3998.133032415159,128.0
