"DiscreteTimes","Mean","Var","M"
0.0,0.0,0.0,1024
0.1,0.046959664406402674,8.838106539061628e-6,1024
0.2,0.16523469930895782,2.9830679992995218e-5,1024
0.3,0.31867152901869694,5.434969667902475e-5,1024
0.4,0.48826314228449447,7.84248932572171e-5,1024
0.5,0.6637694494907282,0.00010351607029187379,1024
0.6,0.8429023397708041,0.00012920081441184623,1024
0.7,1.021865431574586,0.00015189688508315666,1024
0.8,1.1930342494684647,0.00017377417776910756,1024
0.9,1.3674714047139613,0.0001958729830385721,1024
1.0,1.5560101442096974,0.00021922415187613207,1024
1.1,1.7455171813812165,0.00023697032785985645,1024
1.2,1.9212824192799443,0.00026213473986022367,1024
1.3,2.085464182542002,0.00028916627140317195,1024
1.4,2.2713599090655063,0.0003121276158582947,1024
1.5,2.445066932545209,0.0003415128446529069,1024
1.6,2.6359745922640543,0.00036650470851888313,1024
1.7,2.8202757289103086,0.0003938288388405771,1024
1.8,3.0096539207717203,0.0004177322367065753,1024
1.9,3.1993140779305604,0.00044546486339526556,1024
2.0,3.3908960630882325,0.0004751443250710112,1024
2.1,3.589328392347251,0.0005018747554650715,1024
2.2,3.7854697184687067,0.0005265936017014879,1024
2.3,3.9857342683884496,0.000563728535141943,1024
2.4,4.180278266922509,0.0005941140053148486,1024
2.5,4.385373608007062,0.0006236614939769415,1024
2.6,4.577483823759488,0.0006554923019553758,1024
2.7,4.782734442182583,0.0006933525184368015,1024
2.8,4.9945185284313816,0.000729502253539296,1024
2.9,5.2193167482606615,0.0007701602318697981,1024
3.0,5.4299166074389245,0.0008088323256395336,1024
3.1,5.649959831797871,0.0008475681362721771,1024
3.2,5.871877880489158,0.0008960086774976162,1024
3.3,6.093932355171714,0.000932805747011456,1024
3.4,6.321971597887438,0.0009740199596644745,1024
3.5,6.5646614319092755,0.0010045966656038515,1024
3.6,6.8116561026826,0.001048853410535822,1024
3.7,7.057590560948153,0.0010908399586570202,1024
3.8,7.3004188114173,0.0011405223163142907,1024
3.9,7.553026233605901,0.0011887512384201157,1024
4.0,7.804761198859168,0.0012358551306238211,1024
4.1,8.064681462751144,0.0012879513737797364,1024
4.2,8.32397935911289,0.001342446641734474,1024
4.3,8.577681739133661,0.0013976551321480382,1024
4.4,8.835516353975121,0.001455733507690115,1024
4.5,9.12183542916562,0.00150995595309812,1024
4.6,9.387710591553237,0.0015794555650660894,1024
4.7,9.658522711308459,0.0016453820993181832,1024
4.8,9.939181633925484,0.0017091285148562434,1024
4.9,10.226939407503178,0.0017739710994198578,1024
5.0,10.502906164192167,0.0018464219264188873,1024
5.1,10.79320723556334,0.0019105685085591148,1024
5.2,11.08363145210011,0.0019787560363435258,1024
5.3,11.383547022532438,0.0020462221568589554,1024
5.4,11.699986409179376,0.0021144075350938703,1024
5.5,11.988574639831118,0.0021848098466093267,1024
5.6,12.297109213696686,0.0022692073750112704,1024
5.7,12.608544227191157,0.0023536018231726493,1024
5.8,12.91832977326995,0.002432982702887065,1024
5.9,13.23100476690162,0.002515801760665057,1024
6.0,13.554995666859659,0.002597196741910933,1024
6.1,13.880701543572615,0.0026791034430959995,1024
6.2,14.205718535545273,0.002781557051187294,1024
6.3,14.527782273441279,0.0028605998339474937,1024
6.4,14.864094517960059,0.002954880590339899,1024
6.5,15.193216292290138,0.003046381251972037,1024
6.6,15.537718903848768,0.0031359773643918933,1024
6.7,15.87455008858775,0.003227999172011745,1024
6.8,16.2043154737493,0.003337398596689813,1024
6.9,16.54598876867439,0.0034348804741128696,1024
7.0,16.891042731526767,0.0035340801833145313,1024
7.1,17.246801380956427,0.0036442484644601796,1024
7.2,17.59647627368433,0.003737394830573654,1024
7.3,17.956657665763395,0.003842198159189194,1024
7.4,18.308692765006093,0.0039628904099621685,1024
7.5,18.681318866559575,0.004074765687019263,1024
7.6,19.050059544082902,0.004185648914107242,1024
7.7,19.410929717303322,0.00429990083659282,1024
7.8,19.785969540154298,0.004437340001743635,1024
7.9,20.15895034600292,0.004541162007913075,1024
8.0,20.527807570421825,0.004651749245658541,1024
8.1,20.910160369992425,0.004768620203354408,1024
8.2,21.297309667432927,0.004916932005797737,1024
8.3,21.6899924175265,0.005076433687272164,1024
8.4,22.07533168143827,0.005207955278139568,1024
8.5,22.471547940985694,0.00533641557584099,1024
8.6,22.85538309181116,0.005438376667750726,1024
8.7,23.252942988019385,0.005574467459772939,1024
8.8,23.642567922646283,0.0057164769738916954,1024
8.9,24.03569957450416,0.0058764912929398175,1024
9.0,24.439197901188198,0.005988609321374424,1024
9.1,24.84520189326977,0.006151939579223402,1024
9.2,25.246466146354667,0.006281113238414708,1024
9.3,25.655949385950816,0.006410703846506081,1024
9.4,26.091965975881084,0.006548213575472906,1024
9.5,26.502293569111718,0.006671669567321096,1024
9.6,26.91740427512909,0.006815802419871891,1024
9.7,27.315495183234912,0.0069533240678508945,1024
9.8,27.745480356552463,0.007082891240273652,1024
9.9,28.16409538723899,0.007221228246029892,1024
10.0,28.576665323528996,0.007375834320636747,1024
10.1,29.014204750307858,0.007539080427097868,1024
10.2,29.43541197973584,0.007706573775478266,1024
10.3,29.865291797751723,0.007855218842258345,1024
10.4,30.294808325031575,0.008014316372056995,1024
10.5,30.721282406639908,0.008165237141980315,1024
10.6,31.141820678465756,0.008325025165490338,1024
10.7,31.57140434551771,0.008473045624385379,1024
10.8,32.006240893555564,0.008642070467812136,1024
10.9,32.44795365707396,0.008821326683280348,1024
11.0,32.88733390881341,0.009012578760547323,1024
11.1,33.32279755444745,0.009155202148175617,1024
11.2,33.761855038457504,0.009292534084727693,1024
11.3,34.21572890356747,0.009440308520071836,1024
11.4,34.66989457329938,0.0096450731944859,1024
11.5,35.121883950688925,0.00980119845032672,1024
11.6,35.57177713092984,0.009990167887879322,1024
11.7,36.0217968204254,0.010149403818966106,1024
11.8,36.4838050863738,0.010289166792885465,1024
11.9,36.95738047989416,0.01049618506389851,1024
12.0,37.42407367833026,0.010635889281463574,1024
12.1,37.88072166074887,0.010768970183170372,1024
12.2,38.33022493687029,0.010971060692687874,1024
12.3,38.7919604885082,0.011136924523921187,1024
12.4,39.2293315614556,0.011294729942773564,1024
12.5,39.699114645603785,0.011404790622254921,1024
12.6,40.164526720259374,0.011550900960161531,1024
12.7,40.6374550982263,0.01172639530702269,1024
12.8,41.11251993541287,0.011891933235520015,1024
12.9,41.581327067301046,0.012052126386450984,1024
13.0,42.07192547231375,0.012230058636738907,1024
13.1,42.539084136993786,0.01244482095291942,1024
13.2,43.02474554521214,0.012635567376208892,1024
13.3,43.51051557154826,0.01283300656844371,1024
13.4,43.99520647312193,0.013012749213908856,1024
13.5,44.48704372043801,0.013219457542421332,1024
13.6,44.97588899048363,0.013412641828463264,1024
13.7,45.444712566565485,0.013608013540705469,1024
13.8,45.94909372710941,0.01372275305063786,1024
13.9,46.43179264637414,0.01388990493400004,1024
14.0,46.92466032035194,0.014121370372286076,1024
14.1,47.410071277534016,0.01433418888579801,1024
14.2,47.89812192864362,0.014587944596136698,1024
14.3,48.37182076475346,0.014755366422651205,1024
14.4,48.877272714735334,0.014957855774198626,1024
14.5,49.37526720438798,0.015123402535624575,1024
14.6,49.88877097015624,0.015335587526580784,1024
14.7,50.40644008244889,0.015504543335336615,1024
14.8,50.89911204658158,0.015718870877104125,1024
14.9,51.417107456722206,0.015980094543180955,1024
15.0,51.93179807781045,0.01620128887004962,1024
15.1,52.428657354495925,0.016462967552352298,1024
15.2,52.93585165444153,0.01664440901049672,1024
15.3,53.463477803560984,0.01683605295258247,1024
15.4,53.9867006084291,0.017038069671146298,1024
15.5,54.5109245084575,0.017281671257674644,1024
15.6,55.0415804420357,0.01747206708099378,1024
15.7,55.559821212988744,0.017689906487484672,1024
15.8,56.08940458999468,0.0179175039940408,1024
15.9,56.61263037542579,0.018154842704149094,1024
16.0,57.13008425756981,0.018369241471731825,1024
16.1,57.660373735127635,0.018677228441527843,1024
16.2,58.174893228202336,0.018938269135850973,1024
16.3,58.70762813373142,0.019160591555749697,1024
16.4,59.24590574900792,0.01941300280984034,1024
16.5,59.77559383823318,0.019589478920841,1024
16.6,60.30434399635084,0.0198109005105304,1024
16.7,60.835937893189836,0.02008364163911801,1024
16.8,61.36418064226133,0.020326204948217408,1024
16.9,61.874851403623644,0.020585040975795315,1024
17.0,62.40238731346887,0.020846189394278965,1024
17.1,62.93951396429059,0.021061279159234617,1024
17.2,63.48116272412888,0.02132751271218636,1024
17.3,64.01127609025481,0.021531682284724216,1024
17.4,64.55933200312052,0.021793736724377562,1024
17.5,65.10445825683132,0.021953695979935812,1024
17.6,65.64365533742429,0.022108591557667593,1024
17.7,66.18786285345848,0.02236603566026439,1024
17.8,66.71646785209873,0.0225653881854986,1024
17.9,67.26681206013254,0.022760290405127448,1024
18.0,67.81338088067272,0.022937814763050297,1024
18.1,68.34445928631315,0.023218402867051655,1024
18.2,68.88100689426523,0.023424184185193243,1024
18.3,69.43747485405399,0.023676020121720695,1024
18.4,69.98426993276959,0.023952446271674553,1024
18.5,70.52992966249231,0.024167525255992174,1024
18.6,71.09446815333469,0.024366836003986755,1024
18.7,71.66567818112522,0.024591049231604295,1024
18.8,72.23482287315946,0.02488950886806718,1024
18.9,72.7837513403628,0.025158448962822082,1024
19.0,73.31864963004901,0.025446346842601976,1024
19.1,73.87761880532378,0.025677832934097426,1024
19.2,74.44934282125655,0.025974682636165487,1024
19.3,75.00843255128535,0.026267158715213464,1024
19.4,75.5692525649466,0.02652065090797592,1024
19.5,76.119122382939,0.026777729232614445,1024
19.6,76.66640708564881,0.02694618949188475,1024
19.7,77.21436034755378,0.027234601948002257,1024
19.8,77.7642174510914,0.027435921537327528,1024
19.9,78.31226392555335,0.027700583804234572,1024
20.0,78.87924898131021,0.027881710930786615,1024
0.0,0.0,0.0,128
0.1,0.04877813517189629,8.887573906961857e-6,128
0.2,0.15865223822585447,2.9012932466677128e-5,128
0.3,0.3120521048498686,5.2742527278281446e-5,128
0.4,0.4809668374638042,7.484429605107943e-5,128
0.5,0.6703117032454693,0.00010068307496650413,128
0.6,0.8481586513886618,0.00012608128435106827,128
0.7,1.0290158304472579,0.00015325827534914472,128
0.8,1.216727418863661,0.00018308692416020252,128
0.9,1.4047304587466463,0.00021190092560800742,128
1.0,1.5905431125363936,0.00024090479505961714,128
1.1,1.7887812253380215,0.000269529237712705,128
1.2,1.9889987707802994,0.000300896833292812,128
1.3,2.1900771175720024,0.00033462244932902394,128
1.4,2.3955008270991147,0.00037014302963654693,128
1.5,2.601081112027573,0.0004063550301355284,128
1.6,2.816754963665164,0.0004427061847602759,128
1.7,3.0358386234811214,0.0004809743668846762,128
1.8,3.2505227726938917,0.0005169728014744274,128
1.9,3.4573464250491255,0.0005588862911505054,128
2.0,3.6869399514019117,0.0006013212052563327,128
2.1,3.930992177381667,0.000651131591851316,128
2.2,4.158283510925252,0.0006966874713899565,128
2.3,4.39936852275749,0.0007455682354511235,128
2.4,4.648522838309332,0.0008003120837699727,128
2.5,4.8948673297078535,0.0008512457440299364,128
2.6,5.142747868053217,0.0009052651009238122,128
2.7,5.413082063942579,0.0009625008186660976,128
2.8,5.677124589568307,0.0010412968901080232,128
2.9,5.944600369296878,0.0011047183080548446,128
3.0,6.227210877010222,0.0011672441344521666,128
3.1,6.5006225109098175,0.0012409316579317369,128
3.2,6.7961749371196145,0.001307382448006579,128
3.3,7.092135493126681,0.0013861968595666489,128
3.4,7.378552557120489,0.0014721438748437898,128
3.5,7.683851784345751,0.00157874361008506,128
3.6,7.996925744938449,0.001676903524507891,128
3.7,8.306042256547313,0.0017629219543445365,128
3.8,8.622144965825322,0.0018499488069104722,128
3.9,8.942935251451035,0.0019415121656959342,128
4.0,9.265550532005578,0.002034325283551851,128
4.1,9.603872485243336,0.002132331490428937,128
4.2,9.943643829903715,0.002226731795651951,128
4.3,10.284138462950812,0.002336084085917576,128
4.4,10.628342474882308,0.002437205047567344,128
4.5,10.971971589461695,0.002530058613956512,128
4.6,11.313710906782498,0.0026328796996523372,128
4.7,11.663408451935393,0.0027343223085026227,128
4.8,12.043497243659054,0.002861751877838286,128
4.9,12.422041614517976,0.0029828862036025425,128
5.0,12.808684052913597,0.0031117513586328433,128
5.1,13.182369701414427,0.0032496395788161043,128
5.2,13.5680060013259,0.0033976037488290716,128
5.3,13.950025973287518,0.003538704870515541,128
5.4,14.333105924108674,0.003673657408256367,128
5.5,14.72034982788116,0.003843170230127211,128
5.6,15.11786872407055,0.003975546548361552,128
5.7,15.516335246959562,0.004110760036106866,128
5.8,15.939358241461866,0.004261130445911323,128
5.9,16.347083260073862,0.004407656386190564,128
6.0,16.738940456902473,0.004565052432262948,128
6.1,17.12314253749031,0.004699236729534132,128
6.2,17.526288197331628,0.004819229523909182,128
6.3,17.934764511149652,0.005001933357975294,128
6.4,18.355567437413804,0.005171340068529923,128
6.5,18.776263169210793,0.005321356862125287,128
6.6,19.18356064197621,0.005482612971739536,128
6.7,19.625349355790128,0.005684346675762032,128
6.8,20.042387149888075,0.005842391036572037,128
6.9,20.467657518519566,0.005996173337098495,128
7.0,20.903924052276025,0.0061749178208608466,128
7.1,21.351860962737543,0.006343082022209947,128
7.2,21.791944103984985,0.006521021696388484,128
7.3,22.235764110056177,0.0067202750126879734,128
7.4,22.68278601786116,0.006924234396575976,128
7.5,23.13488197083636,0.007130275404422886,128
7.6,23.596485886411447,0.007292923180778846,128
7.7,24.054475075523634,0.007476814313693928,128
7.8,24.513455293770733,0.007614970172753538,128
7.9,24.96638507745876,0.007808933207472995,128
8.0,25.425571740797757,0.00796525714147764,128
8.1,25.89866970592038,0.00815133095834036,128
8.2,26.372844245468283,0.008378782633534528,128
8.3,26.83172993246324,0.008586399206602265,128
8.4,27.301041142919857,0.00879034698119022,128
8.5,27.79320818101003,0.008992608842645283,128
8.6,28.278316922169818,0.009214295385955272,128
8.7,28.764082602492586,0.009428173044556986,128
8.8,29.2551466793235,0.009659872749954394,128
8.9,29.759806258222,0.009884373147657123,128
9.0,30.22921957497407,0.01014226261350155,128
9.1,30.728095757518226,0.01032930582455845,128
9.2,31.211572589162685,0.010548140017465044,128
9.3,31.695645293354076,0.010763139031442475,128
9.4,32.211972031500586,0.010974891105034823,128
9.5,32.70290466764294,0.011178836596660009,128
9.6,33.22121676390054,0.01142233599044117,128
9.7,33.71890115107478,0.011653098890425347,128
9.8,34.21476956801698,0.0118477480370755,128
9.9,34.71663238156358,0.012067765708758022,128
10.0,35.23717192988407,0.01230648496568588,128
10.1,35.74208797660071,0.012547187059176753,128
10.2,36.2338565481428,0.01279610657929697,128
10.3,36.752824806479076,0.012994341438397686,128
10.4,37.252751868291426,0.013237855461362517,128
10.5,37.75629266717839,0.013513835125498383,128
10.6,38.27106257517017,0.013771883932876702,128
10.7,38.78742012165077,0.014020793521876757,128
10.8,39.30481652985637,0.014228260813035399,128
10.9,39.846042734308725,0.014436834050787507,128
11.0,40.36966478948355,0.014641862436575158,128
11.1,40.90035569756772,0.014936902133699923,128
11.2,41.44346146899317,0.01514818762607257,128
11.3,41.98337911288359,0.01540779326039998,128
11.4,42.51618096180124,0.015697068488522533,128
11.5,43.05471492752833,0.01598269083411577,128
11.6,43.60247445160266,0.016235851151220806,128
11.7,44.14483269136499,0.01650242731166368,128
11.8,44.6773000320342,0.016771137125871804,128
11.9,45.21102580304282,0.017019225708519638,128
12.0,45.785495815123184,0.01726717460023954,128
12.1,46.348153289116155,0.017523158804023588,128
12.2,46.91489190288482,0.017793834200905464,128
12.3,47.47842159666098,0.018042331903980614,128
12.4,48.04827609218848,0.018296245638100547,128
12.5,48.606588032923774,0.01858552850364485,128
12.6,49.171036119064425,0.018837697756361703,128
12.7,49.73807788857788,0.019015226567151995,128
12.8,50.304861232569294,0.019291265749931247,128
12.9,50.862814210914834,0.019521682870858665,128
13.0,51.447849689317636,0.019863404778632545,128
13.1,52.04052057109461,0.020177531330467804,128
13.2,52.60862770233396,0.020521803652966263,128
13.3,53.18417629804704,0.02087770615208381,128
13.4,53.77729710536325,0.0211973896530215,128
13.5,54.36044374415759,0.021494833951857993,128
13.6,54.94880314732927,0.02180905413997164,128
13.7,55.51076940883329,0.022066352231177942,128
13.8,56.09306992588354,0.022419695115127515,128
13.9,56.65540586768119,0.022759313181027866,128
14.0,57.2201918701407,0.02312277536838204,128
14.1,57.799498367530084,0.02352712469265018,128
14.2,58.37150219117254,0.02383787345683417,128
14.3,58.977628322924105,0.024180777874936586,128
14.4,59.55090936559763,0.024464178690307363,128
14.5,60.12846542927951,0.024769429824603624,128
14.6,60.71136268730357,0.025071862858980592,128
14.7,61.27318528425505,0.02539440956907942,128
14.8,61.859166107904734,0.025657797429135484,128
14.9,62.45992369393978,0.02599067785287371,128
15.0,63.05654706969374,0.026301078084750115,128
15.1,63.64796982478687,0.026746561509531204,128
15.2,64.23925727321019,0.027039866026003813,128
15.3,64.84826477831308,0.027365354479401315,128
15.4,65.43013330590954,0.027648701628660705,128
15.5,66.00262628557923,0.027894990945777347,128
15.6,66.61127667727379,0.02816797421734177,128
15.7,67.20306296289444,0.028483853700295048,128
15.8,67.79675299705939,0.028784055508051642,128
15.9,68.3826573983121,0.02906289429414914,128
16.0,68.97997373763438,0.029319539377595304,128
16.1,69.58297298451399,0.029702608420572516,128
16.2,70.16960574383599,0.030083052964827908,128
16.3,70.77263827079675,0.030441267421193737,128
16.4,71.3767187519686,0.030848026358704483,128
16.5,71.97027646178859,0.031154926620272454,128
16.6,72.57927324896463,0.031480628462525855,128
16.7,73.21707744097667,0.03176588722216739,128
16.8,73.82460532355373,0.0320156887330514,128
16.9,74.44261692093228,0.03244140133197162,128
17.0,75.05964157117265,0.032815061851023106,128
17.1,75.67505415897348,0.03322885773007342,128
17.2,76.30097230274127,0.03358983739195653,128
17.3,76.91438546886435,0.033890149671029005,128
17.4,77.51028811308656,0.03424464072348585,128
17.5,78.13682264496579,0.03452107148262655,128
17.6,78.78553744934814,0.034866583365700234,128
17.7,79.39757551961945,0.03525689184243766,128
17.8,80.00969404680022,0.035623021610727404,128
17.9,80.61645224869908,0.03595941621448101,128
18.0,81.22337952127434,0.03629132064094846,128
18.1,81.83517679176013,0.03666728654702374,128
18.2,82.45150337548417,0.037034726497673774,128
18.3,83.06645762806164,0.03747895321930067,128
18.4,83.69948385277094,0.03777715867959023,128
18.5,84.3118717602009,0.03806107185014697,128
18.6,84.95265209535823,0.038382121182934596,128
18.7,85.56498078770807,0.038691617123878703,128
18.8,86.18778607979138,0.03900392310180664,128
18.9,86.8407844995374,0.03932004927721609,128
19.0,87.48259838496818,0.03962924289624868,128
19.1,88.10287530178519,0.039983998467195844,128
19.2,88.7236929683633,0.040295149712695474,128
19.3,89.38378851141829,0.040616109834888385,128
19.4,90.03233956640034,0.040903039894358596,128
19.5,90.68528174541582,0.041330397001799454,128
19.6,91.33207302498829,0.041614657274376056,128
19.7,91.96476421164333,0.04189285507307316,128
19.8,92.6087264201661,0.04220104435683461,128
19.9,93.24850432574345,0.042631195156843625,128
20.0,93.88384551278,0.04295208656067145,128
0.0,0.0,0.0,16
0.1,0.04444734843993327,9.423775999909287e-6,16
0.2,0.17217198127681332,3.123218427929668e-5,16
0.3,0.32927313408120323,5.974232430995974e-5,16
0.4,0.5144863524176521,9.036475235558436e-5,16
0.5,0.7142178293816732,0.00012415784877360818,16
0.6,0.9175782913496471,0.00015934789934874853,16
0.7,1.135158342392792,0.00020115718358148529,16
0.8,1.3637197428366372,0.0002455944172563448,16
0.9,1.6095971294716196,0.0002918868130711804,16
1.0,1.86183222954715,0.00035098069173932113,16
1.1,2.1194235013046083,0.00041173604579592516,16
1.2,2.3943865895839527,0.0004776384847439047,16
1.3,2.6597767868933655,0.0005549574003255743,16
1.4,2.93841046616362,0.0006337953707575998,16
1.5,3.2316289061088903,0.0007161720995176358,16
1.6,3.5296613090448385,0.0008204835305430718,16
1.7,3.835247436769142,0.0009218490253307348,16
1.8,4.1558827982906505,0.0010291107396359766,16
1.9,4.496618788047946,0.0011500954961732647,16
2.0,4.829097565307264,0.0012675540522803055,16
2.1,5.154610363456455,0.0013862767974037128,16
2.2,5.5105415411420315,0.001514953062501666,16
2.3,5.869875491082123,0.0016471814820208182,16
2.4,6.2417064009005765,0.0017940835057139357,16
2.5,6.614287955857371,0.0019357187891060708,16
2.6,6.990394407433993,0.002078576985376375,16
2.7,7.373129924261483,0.0022332737162724485,16
2.8,7.7769221479436395,0.002395147449274498,16
2.9,8.173575949924372,0.002556368283879369,16
3.0,8.590937246589814,0.002722987240468318,16
3.1,9.00404190307031,0.002915477735798127,16
3.2,9.423075531875185,0.003105996487554889,16
3.3,9.849204111528447,0.0032928436453912653,16
3.4,10.29764655726584,0.003502606734387544,16
3.5,10.733385223741537,0.0036840945260595637,16
3.6,11.164050065544227,0.0038594689038861673,16
3.7,11.617083056033483,0.004055452997481011,16
3.8,12.064764715688451,0.004263559598251687,16
3.9,12.502998050453625,0.004462981532136705,16
4.0,12.971891817739012,0.004686935655224962,16
4.1,13.443472760463159,0.004905440321693355,16
4.2,13.923557866795017,0.005105416224952231,16
4.3,14.405114237375095,0.0053112093803058735,16
4.4,14.87467225300688,0.005534464731587792,16
4.5,15.355040112330826,0.005743001989300305,16
4.6,15.84489559587851,0.005991072699029743,16
4.7,16.345309660706324,0.006209674716885988,16
4.8,16.85588901381389,0.0064731161040922,16
4.9,17.373423779155857,0.006733017373447809,16
5.0,17.886064934854755,0.006997476420785574,16
5.1,18.39464731383201,0.007242824145868001,16
5.2,18.91241779825806,0.007507299386665167,16
5.3,19.433644204724548,0.007779266848311613,16
5.4,19.950448498549132,0.008041654086884837,16
5.5,20.4880787677306,0.008327443916918411,16
5.6,21.017187976248287,0.008582764727812775,16
5.7,21.576123227781046,0.008910860677985853,16
5.8,22.113207613904496,0.009235510805381167,16
5.9,22.675338857993204,0.009549240398274133,16
6.0,23.215296680771516,0.009867149992456319,16
6.1,23.767861818935348,0.010175808495618652,16
6.2,24.321780477230664,0.010488988663165442,16
6.3,24.889607214799373,0.010764169525363965,16
6.4,25.4658570666304,0.011160206680328237,16
6.5,26.00504293636319,0.011504674224950811,16
6.6,26.562667216272896,0.011850238708714704,16
6.7,27.15269012540099,0.012210770458078706,16
6.8,27.73122274091267,0.012558663032931875,16
6.9,28.30516378031438,0.01294945425059397,16
7.0,28.887355668161256,0.013307347353516434,16
7.1,29.465878532743425,0.01363572981553599,16
7.2,30.058703376312106,0.014028681508353279,16
7.3,30.650894686641177,0.014360449347816414,16
7.4,31.242969922645756,0.014719186015051849,16
7.5,31.83812567146239,0.015089829422176754,16
7.6,32.40801380136934,0.015391549747160276,16
7.7,33.01484693742257,0.015745205262419237,16
7.8,33.60726168406587,0.016173182430741652,16
7.9,34.20598433001562,0.016552367683375827,16
8.0,34.821116036188826,0.01702181292298991,16
8.1,35.44143036142767,0.0174735262322589,16
8.2,36.061872540256815,0.01791644207584705,16
8.3,36.69245497392805,0.018338890255434885,16
8.4,37.3275644884343,0.018702336794847254,16
8.5,37.94495321345851,0.019188456251799744,16
8.6,38.556472860521936,0.01958250642424157,16
8.7,39.20234999890828,0.01998416010429527,16
8.8,39.83673740067102,0.02040196082464289,16
8.9,40.451687858151196,0.020813353458706777,16
9.0,41.08061036513304,0.021244898747028475,16
9.1,41.697534734313514,0.021619206635065686,16
9.2,42.34945330197357,0.022077388742445667,16
9.3,42.98660538066151,0.022559983552746153,16
9.4,43.62486311790744,0.023068410158336137,16
9.5,44.281245343237984,0.023500599349155805,16
9.6,44.92567138900536,0.023926435065990573,16
9.7,45.57028247010652,0.024412561457271543,16
9.8,46.216679008745956,0.02477395094977794,16
9.9,46.861492591407846,0.025267416649596832,16
10.0,47.49734850380113,0.025743634038844835,16
10.1,48.156466148914646,0.0262536863909208,16
10.2,48.79262569080698,0.026754136421482114,16
10.3,49.460772676401064,0.027254428936687555,16
10.4,50.12425175937253,0.027710551186027096,16
10.5,50.776051902965435,0.02820178280914136,16
10.6,51.40849088491477,0.02860102440888419,16
10.7,52.07063430391208,0.029061580505746674,16
10.8,52.72571968230762,0.02966313178688937,16
10.9,53.39747882456975,0.030137820624206814,16
11.0,54.06115468985365,0.030709359188416396,16
11.1,54.71831827369434,0.031207585738202977,16
11.2,55.39058304831464,0.031682831173470136,16
11.3,56.07176063734795,0.03228946939060061,16
11.4,56.74597026477471,0.03280670627260407,16
11.5,57.43340068998509,0.03331031493451078,16
11.6,58.09274762380811,0.03382987546622398,16
11.7,58.76965557410299,0.03429908065320787,16
11.8,59.426870247526736,0.03486474506545309,16
11.9,60.094569049749396,0.03540028538954413,16
12.0,60.76695006960533,0.03583831811106111,16
12.1,61.44015327802673,0.036315112092666184,16
12.2,62.116687862601665,0.03679553780426955,16
12.3,62.79706483588597,0.037246753830156576,16
12.4,63.49199888257691,0.03775648473092263,16
12.5,64.20859582342605,0.03832025626039255,16
12.6,64.90546722466922,0.03880803933867139,16
12.7,65.57007346254883,0.03934000357656398,16
12.8,66.2604139868598,0.03994637717987306,16
12.9,66.96837795830788,0.04054502253969337,16
13.0,67.67548491386533,0.041123423362947616,16
13.1,68.38861640210203,0.04167446515341775,16
13.2,69.0686243502916,0.042154373342449244,16
13.3,69.75758419161664,0.04282728770764262,16
13.4,70.45770403385855,0.04340746923103134,16
13.5,71.15026250676972,0.04390545874855558,16
13.6,71.86367186491577,0.04447045493962492,16
13.7,72.56236056360584,0.045100144077522844,16
13.8,73.2607232292504,0.04574217338557058,16
13.9,73.97407805116906,0.046273574499474106,16
14.0,74.67847474010689,0.04676268682618568,16
14.1,75.37046490814421,0.047263541292405294,16
14.2,76.07464240056404,0.04773718031670217,16
14.3,76.76768445311696,0.04811152652543082,16
14.4,77.44858023137598,0.04848786974278244,16
14.5,78.11484334691279,0.048897643117476214,16
14.6,78.79960709990762,0.049382609621345934,16
14.7,79.48503108894501,0.049878639749482465,16
14.8,80.14987229483633,0.05035257605995637,16
14.9,80.86362341498256,0.05084051072842441,16
15.0,81.5798855119828,0.0513916686142076,16
15.1,82.29127819292721,0.051962093480117995,16
15.2,83.01157037251461,0.052473857524539834,16
15.3,83.72843095866496,0.0530127228367562,16
15.4,84.45506740228346,0.05356673076936439,16
15.5,85.16555816909127,0.05412492701877664,16
15.6,85.89485124846587,0.054751131610495204,16
15.7,86.62678709045761,0.05529120951283877,16
15.8,87.36905425459963,0.05587459764090681,16
15.9,88.09323768628194,0.0565540320598898,16
16.0,88.82842257998038,0.057129254520511166,16
16.1,89.55398250583741,0.05773273192045283,16
16.2,90.27715850770925,0.05839688377760292,16
16.3,91.0431606249385,0.059115788580402374,16
16.4,91.77334248213872,0.059750961352666276,16
16.5,92.5270568854162,0.06049311879622827,16
16.6,93.26285017963792,0.06118758999309151,16
16.7,94.03225441046574,0.06182850983498843,16
16.8,94.78705250388543,0.06240505221233427,16
16.9,95.52537041160079,0.0629434005381661,16
17.0,96.25052735011049,0.06357181351213982,16
17.1,96.97778553981415,0.06419142835170326,16
17.2,97.71162975993288,0.06486512683553251,16
17.3,98.43687707650895,0.06542815955690605,16
17.4,99.18335693434314,0.06596936973877969,16
17.5,99.91250844072363,0.06657473017621358,16
17.6,100.65665028282316,0.06717200172835246,16
17.7,101.38207243676304,0.06767144107186344,16
17.8,102.13327229513033,0.06828858471939332,16
17.9,102.90721053459202,0.06906458692493951,16
18.0,103.65993789382257,0.0697486796280925,16
18.1,104.40032262378296,0.07031585908171593,16
18.2,105.11689388962122,0.07085912747780397,16
18.3,105.8626071175413,0.07153673811121114,16
18.4,106.59743441301188,0.07213291340202851,16
18.5,107.35548454780732,0.07269055589050868,16
18.6,108.10071941885558,0.07337094827012502,16
18.7,108.83809529872737,0.07404166099087225,16
18.8,109.6101851693295,0.07476883594823429,16
18.9,110.36923637441161,0.07544466842115193,16
19.0,111.09957181063064,0.07618889561115455,16
19.1,111.86244296415995,0.07680615683040364,16
19.2,112.5938055581107,0.07748341963007806,16
19.3,113.36290569092941,0.07828208703229786,16
19.4,114.12922841090132,0.07897654619615971,16
19.5,114.8865049195802,0.0797727316519904,16
19.6,115.65288233475103,0.08030088659096539,16
19.7,116.38711958496967,0.0808096400939742,16
19.8,117.12441951639924,0.08138548236003867,16
19.9,117.87586295978734,0.08183146220311435,16
20.0,118.5983202374148,0.08246831173223458,16
0.0,0.0,0.0,2048
0.1,0.04600275804069433,9.05871757391431e-6,2048
0.2,0.16003499023420287,2.8570273018419175e-5,2048
0.3,0.3110666372954644,5.393834369011669e-5,2048
0.4,0.46953186381836365,7.80760876514382e-5,2048
0.5,0.6479975366694277,0.00010257393750976327,2048
0.6,0.8269055023304535,0.00012664461693233866,2048
0.7,1.0054148128082647,0.00015000720926593194,2048
0.8,1.1862265129176768,0.00017258800150698575,2048
0.9,1.373691111111519,0.00019424328372973706,2048
1.0,1.561427467738493,0.0002169742643360258,2048
1.1,1.7338521144493622,0.00024207208145251934,2048
1.2,1.9220570332840239,0.0002626589406248003,2048
1.3,2.099173984695875,0.00028921414511377314,2048
1.4,2.2790530809923264,0.0003133550230841259,2048
1.5,2.463231795112511,0.0003389429459175408,2048
1.6,2.651864462767625,0.00036663555384908175,2048
1.7,2.839804511442558,0.00039567923769015474,2048
1.8,3.0216706335251886,0.0004161816209883339,2048
1.9,3.2065441090755336,0.000439701637795155,2048
2.0,3.3951695885921973,0.0004657724363892503,2048
2.1,3.581077186393493,0.0004947930916191705,2048
2.2,3.777610530058921,0.0005192864451615858,2048
2.3,3.9677734246378313,0.0005483963067379057,2048
2.4,4.15705780909989,0.0005740207260279927,2048
2.5,4.346913384717291,0.0006073015453777875,2048
2.6,4.535098747868712,0.0006369145243582964,2048
2.7,4.737005900876387,0.0006650734199403082,2048
2.8,4.942271606385635,0.0006987965133733817,2048
2.9,5.147150346674228,0.0007388208830003548,2048
3.0,5.36340344187599,0.0007703387957830354,2048
3.1,5.564466083220266,0.0008105672668785952,2048
3.2,5.782848286165659,0.0008426758981344461,2048
3.3,5.9964472806011475,0.0008805394092247431,2048
3.4,6.219702798060777,0.0009246304023401486,2048
3.5,6.440717398234376,0.0009601803193628456,2048
3.6,6.6670844239156155,0.0009965370062078392,2048
3.7,6.876485149483182,0.0010356509810490247,2048
3.8,7.109466693884942,0.0010794735414185008,2048
3.9,7.3402777469257945,0.0011158428855741252,2048
4.0,7.5729480635970425,0.001152280297240429,2048
4.1,7.800658957946557,0.0012000072700108094,2048
4.2,8.047361325017567,0.0012430055810921986,2048
4.3,8.29307879098614,0.0012903048630812208,2048
4.4,8.538979369049345,0.0013438571367317084,2048
4.5,8.789151212134094,0.0013925976155092067,2048
4.6,9.033871481435066,0.001449303062735735,2048
4.7,9.28926241143305,0.0015126137686787698,2048
4.8,9.556311951431752,0.0015680684375935995,2048
4.9,9.824231960481004,0.0016347622120575717,2048
5.0,10.097477250981779,0.0016975447987454138,2048
5.1,10.371886155292431,0.0017600716685149428,2048
5.2,10.64090281452299,0.001823862581359168,2048
5.3,10.933278693153806,0.0018923606244061286,2048
5.4,11.211567790908783,0.001962721224105429,2048
5.5,11.48679786323281,0.0020228703444142714,2048
5.6,11.76654856495824,0.0020934214674894615,2048
5.7,12.059771435746036,0.0021553103238993185,2048
5.8,12.349200615161829,0.002231597388987419,2048
5.9,12.648316571084994,0.002303248470380422,2048
6.0,12.952507788219584,0.002378231491917723,2048
6.1,13.244801064970085,0.0024516629176563596,2048
6.2,13.540576693663386,0.0025212650803792874,2048
6.3,13.854475184802446,0.0025916284074721714,2048
6.4,14.150368677909812,0.0026664116607248924,2048
6.5,14.461342654839507,0.002742603705929027,2048
6.6,14.779435630167221,0.0028325967326455173,2048
6.7,15.109491416707483,0.002919006463444208,2048
6.8,15.439666003102317,0.0029962084460559164,2048
6.9,15.753477638895856,0.003066672904785368,2048
7.0,16.069236937559467,0.00314263694798921,2048
7.1,16.399006364174273,0.003250668817506864,2048
7.2,16.73201011416824,0.0033326319511876043,2048
7.3,17.060059887703915,0.003399141205352557,2048
7.4,17.39511972403596,0.0035112944309296993,2048
7.5,17.74357503193622,0.0035981902288916914,2048
7.6,18.088797059016766,0.003667720156424442,2048
7.7,18.425981065582043,0.003767881560024766,2048
7.8,18.754632914289516,0.0038547819429444246,2048
7.9,19.110926417254735,0.003966754557857792,2048
8.0,19.46613593615363,0.004060638731767094,2048
8.1,19.808279496646566,0.0041549645876213515,2048
8.2,20.168494260692345,0.004232126065707215,2048
8.3,20.534144432744792,0.004310901682105872,2048
8.4,20.885483521572908,0.004397031010938344,2048
8.5,21.241712945455607,0.0045005053712699,2048
8.6,21.620308489620392,0.004611973613318887,2048
8.7,22.007265773145267,0.0047318178133573694,2048
8.8,22.382668233341146,0.0048603211494667835,2048
8.9,22.75965799117863,0.00497836978388414,2048
9.0,23.129216583792314,0.0051201572736456116,2048
9.1,23.50979880919235,0.005210137093398316,2048
9.2,23.88353711016972,0.005330035450851237,2048
9.3,24.259085587562215,0.005438122307615468,2048
9.4,24.63847286945158,0.005575827081600633,2048
9.5,25.01291476331256,0.005677776515576246,2048
9.6,25.406011433639947,0.005796125126411174,2048
9.7,25.797809902356082,0.005895463011645604,2048
9.8,26.18502225200549,0.0060071795316649955,2048
9.9,26.575564664231184,0.006136057646896388,2048
10.0,26.97941621321535,0.006272327317028927,2048
10.1,27.378029158423107,0.006389711564536589,2048
10.2,27.783717105248275,0.006491959843885796,2048
10.3,28.173793972440553,0.006599985951211802,2048
10.4,28.586888601144885,0.006745539121140292,2048
10.5,29.001071049397993,0.006879865050246778,2048
10.6,29.412181854245738,0.007011260498436888,2048
10.7,29.832733951155753,0.007154697982741311,2048
10.8,30.25934678996039,0.007278255074291647,2048
10.9,30.66580140011777,0.007400688648631549,2048
11.0,31.097601625143596,0.007518986220111644,2048
11.1,31.520209916474432,0.007639619697382601,2048
11.2,31.959058558027667,0.007787849144600966,2048
11.3,32.407954765697106,0.007918684417382048,2048
11.4,32.82160525274981,0.008091885377991985,2048
11.5,33.25186006058645,0.008256551884569842,2048
11.6,33.70091233464617,0.008409282884498574,2048
11.7,34.15614648986186,0.008558296863314923,2048
11.8,34.60698326222056,0.008752207726594253,2048
11.9,35.0746128471431,0.008897059569160305,2048
12.0,35.511952393836076,0.009052890362099685,2048
12.1,35.953325994643194,0.009210239807425573,2048
12.2,36.397682744431144,0.009361964713638031,2048
12.3,36.818155751003616,0.009491080169233472,2048
12.4,37.260392715129996,0.009611674207371775,2048
12.5,37.70490390384544,0.009773746573273926,2048
12.6,38.15832401768279,0.009903177341382971,2048
12.7,38.627119207564554,0.010113013935917315,2048
12.8,39.080131250986646,0.010301994383817075,2048
12.9,39.52154174497431,0.010485054371753713,2048
13.0,39.972169206604654,0.010657682729915678,2048
13.1,40.42039139625068,0.010865723856697493,2048
13.2,40.87810062206219,0.011033727225986103,2048
13.3,41.33100236868388,0.011177894817274603,2048
13.4,41.808659909497976,0.01133310725064677,2048
13.5,42.27669663062109,0.011476809816228626,2048
13.6,42.75047187611928,0.011630778791389816,2048
13.7,43.22397768070699,0.011784872724739458,2048
13.8,43.71217498484715,0.011963033617316897,2048
13.9,44.19287206289152,0.012136928630940765,2048
14.0,44.663015542929216,0.012320526865523398,2048
14.1,45.13217181076417,0.012521549741005082,2048
14.2,45.61173964089808,0.012710020899172773,2048
14.3,46.07781396377744,0.012905721714630855,2048
14.4,46.54271656243671,0.01307663750492511,2048
14.5,47.00672619622272,0.013260209131108659,2048
14.6,47.46298327881631,0.013472185229366771,2048
14.7,47.9220690553491,0.013631571244793134,2048
14.8,48.409418232224034,0.013809887214036988,2048
14.9,48.888599663085465,0.013996771901008028,2048
15.0,49.345207283046676,0.014138421731453665,2048
15.1,49.84791150312461,0.01428351854462313,2048
15.2,50.33312298317137,0.014407793476512382,2048
15.3,50.83226814446256,0.014586113238487422,2048
15.4,51.333038506167455,0.014744484456159543,2048
15.5,51.81856396665906,0.014896370079855325,2048
15.6,52.29657910295036,0.01511039885897052,2048
15.7,52.79953129587225,0.015306332205656801,2048
15.8,53.30794018682787,0.015530430723875515,2048
15.9,53.80461239977381,0.01573450318479844,2048
16.0,54.30614750264059,0.015899776427592955,2048
16.1,54.799014095370445,0.01606352649663911,2048
16.2,55.29194386994224,0.01629158154078688,2048
16.3,55.7692142052368,0.016494972961030908,2048
16.4,56.24972609715725,0.016683109885595807,2048
16.5,56.75780583505054,0.016912001926821754,2048
16.6,57.26494782252498,0.01714112683844388,2048
16.7,57.767972593192084,0.017419587983075042,2048
16.8,58.28553677173995,0.017610362309364233,2048
16.9,58.78818868120522,0.017789439813429758,2048
17.0,59.287582111185536,0.01795573686934969,2048
17.1,59.798208861150904,0.0181346851564406,2048
17.2,60.30193844763017,0.01830485736127994,2048
17.3,60.79600192787219,0.018543730555959835,2048
17.4,61.33338402647892,0.018695811606841955,2048
17.5,61.839344580655826,0.018877371592427788,2048
17.6,62.34316540933031,0.019056729144996332,2048
17.7,62.84667643045516,0.019246806464760582,2048
17.8,63.36359605075816,0.01945369411750104,2048
17.9,63.87806984516238,0.01961062631832238,2048
18.0,64.3801129059349,0.019817556109628966,2048
18.1,64.88263819196156,0.02003305157802059,2048
18.2,65.41368284415975,0.020237300838307614,2048
18.3,65.96607177838224,0.020450073924814502,2048
18.4,66.48101261066017,0.020672051906520644,2048
18.5,66.99541117690501,0.02087235492281324,2048
18.6,67.51739456602819,0.021086970083624184,2048
18.7,68.05727576211667,0.0213321091245433,2048
18.8,68.58494893038917,0.02152764105440189,2048
18.9,69.12656036885197,0.02174482827673538,2048
19.0,69.67504353421751,0.021942779143577246,2048
19.1,70.21620599837443,0.022158671023551454,2048
19.2,70.73914680310554,0.02245157074925544,2048
19.3,71.27625668582341,0.022661356975355682,2048
19.4,71.80834451665349,0.02291872730936664,2048
19.5,72.3393386015321,0.023116373583019195,2048
19.6,72.87911684983084,0.023354340300930667,2048
19.7,73.41049720290417,0.023576618625165177,2048
19.8,73.94716499995324,0.023799193724637752,2048
19.9,74.47419169381635,0.023963628303895753,2048
20.0,75.02083165844111,0.024194576151525125,2048
0.0,0.0,0.0,256
0.1,0.04332073130846988,8.754832063150747e-6,256
0.2,0.16105611187514993,2.969743149470787e-5,256
0.3,0.32193573366949996,5.396007315912421e-5,256
0.4,0.4878608295822433,7.958747687252553e-5,256
0.5,0.6580249223808322,0.00010283159748509671,256
0.6,0.8342083147932257,0.00012713188817964325,256
0.7,1.0170311021932192,0.0001524936539728997,256
0.8,1.2006834474630905,0.00017312099000376614,256
0.9,1.3880392064437146,0.00019910863098848957,256
1.0,1.5725053630577808,0.00022024988700242135,256
1.1,1.7706548370655335,0.000248496218645058,256
1.2,1.9618902057503689,0.0002778219112200119,256
1.3,2.1646035158736026,0.0003102855513994681,256
1.4,2.3570005075670886,0.00034103892353944576,256
1.5,2.547452118690488,0.0003762179886915274,256
1.6,2.7580030892127927,0.00040821031911103105,256
1.7,2.9674706280445786,0.0004365746363905105,256
1.8,3.1596327681025205,0.00047027425356968567,256
1.9,3.353394289804011,0.000504550989665884,256
2.0,3.55902394784113,0.0005408675761689761,256
2.1,3.771616538424545,0.000578624269667195,256
2.2,3.989849007663771,0.0006176937221650515,256
2.3,4.209571134505042,0.0006593803853455208,256
2.4,4.433176530081686,0.0007065282138234925,256
2.5,4.662568455272247,0.0007429776688654299,256
2.6,4.893287868125349,0.0007885022736158112,256
2.7,5.117768088548705,0.0008443744176432356,256
2.8,5.348387511316806,0.0008941162760778107,256
2.9,5.58437586515221,0.0009501409880435641,256
3.0,5.838450977294132,0.0010036391056036983,256
3.1,6.086694874864638,0.0010575271479212102,256
3.2,6.331873653313477,0.001124719929786982,256
3.3,6.607151495817362,0.0011847510271705346,256
3.4,6.885451779841751,0.0012536605327045105,256
3.5,7.156770868356171,0.001313976167881845,256
3.6,7.436234316096611,0.001373950136517578,256
3.7,7.727657183493629,0.0014301211171430842,256
3.8,8.022017624566217,0.0015012227791740193,256
3.9,8.32378358316916,0.0015666758484408961,256
4.0,8.613159928090932,0.0016413721453859735,256
4.1,8.911589985695999,0.0017229557570860986,256
4.2,9.21919328003414,0.001798657493608426,256
4.3,9.532960446093021,0.0018915137444912111,256
4.4,9.84670126910161,0.0019790430721212953,256
4.5,10.176123103349681,0.002063712721486061,256
4.6,10.502325677545027,0.0021626361549316377,256
4.7,10.822107150165111,0.002256257600163064,256
4.8,11.1537117704882,0.0023603969139779765,256
4.9,11.481117854655432,0.00247027060062925,256
5.0,11.809629814307815,0.002571095746430755,256
5.1,12.156910856282574,0.002669728369183169,256
5.2,12.510348427833156,0.0027927904688702637,256
5.3,12.867238738010727,0.0029035159855934005,256
5.4,13.228689722317327,0.0030128798144328918,256
5.5,13.58600925091253,0.0031371138240256177,256
5.6,13.941592346270266,0.0032376326631142526,256
5.7,14.304176400155953,0.0033566579808886644,256
5.8,14.686779817477046,0.003493237701262397,256
5.9,15.059237861891688,0.0036268595565560405,256
6.0,15.434916932970125,0.0037362138784128767,256
6.1,15.810353614195236,0.0038600274136320373,256
6.2,16.195422297914323,0.0039934458800005785,256
6.3,16.581645394859578,0.00413480949576872,256
6.4,16.94589261452129,0.004265610475295915,256
6.5,17.312399169546854,0.004390415629731345,256
6.6,17.711073468689474,0.004529953740684051,256
6.7,18.111558626962225,0.004665706167602817,256
6.8,18.510832435889228,0.0048143847035634554,256
6.9,18.90224356597911,0.0049624574327740475,256
7.0,19.31541998892622,0.0051278352859415515,256
7.1,19.72923311776023,0.005255980905826797,256
7.2,20.154425755370706,0.005435450067722057,256
7.3,20.57181136080863,0.005592251148893177,256
7.4,20.991351280251372,0.005769467727733909,256
7.5,21.41670414253985,0.0059076053922666365,256
7.6,21.820857403829187,0.006048323283865108,256
7.7,22.229975153745833,0.006159378353137298,256
7.8,22.646777923661894,0.006295047488971033,256
7.9,23.066493910516964,0.006449422564211665,256
8.0,23.50302536643434,0.006597832662860846,256
8.1,23.94011571896162,0.006744907965722807,256
8.2,24.380366140913562,0.006920725665944904,256
8.3,24.81653116559935,0.007043576492385672,256
8.4,25.265018931533206,0.007180528909108166,256
8.5,25.720041701285048,0.007402460043543261,256
8.6,26.165830519959925,0.007585832385276339,256
8.7,26.61258329784666,0.007769200776598467,256
8.8,27.054472479044563,0.0079378433764572,256
8.9,27.502547659837536,0.008103015470982647,256
9.0,27.957672880381345,0.008268072774562152,256
9.1,28.409954314450133,0.008441578174416127,256
9.2,28.8853950870377,0.008621584889703835,256
9.3,29.372278748734157,0.008854504223690635,256
9.4,29.81924347807763,0.009074366022684181,256
9.5,30.280192204561022,0.009248952608353254,256
9.6,30.733625091894123,0.00938755240635635,256
9.7,31.20413615041967,0.009548106547319668,256
9.8,31.674453997074284,0.009738810549141455,256
9.9,32.14884548381045,0.009957006485668898,256
10.0,32.63154560592769,0.010161745496833925,256
10.1,33.116510259084116,0.01038551628498663,256
10.2,33.589287426705944,0.01056506693171702,256
10.3,34.08449293446137,0.01077579981424872,256
10.4,34.56615247644447,0.010955604382131756,256
10.5,35.044380136386934,0.011211787080623897,256
10.6,35.5361714042334,0.01140792516182483,256
10.7,36.03398470902368,0.011578997680829223,256
10.8,36.52732878556108,0.011794605707421172,256
10.9,37.009362650648406,0.01196427088641557,256
11.0,37.500631213077334,0.012181809698894598,256
11.1,37.996781611561744,0.012397217556815698,256
11.2,38.486097009274424,0.01262105138702431,256
11.3,38.987438940280505,0.012844950474974502,256
11.4,39.510676178685934,0.013048167658640586,256
11.5,40.015611491226586,0.013252011473098787,256
11.6,40.522579443813754,0.013448502115882147,256
11.7,41.030776144036984,0.013662412736892447,256
11.8,41.53336816023976,0.013869677959564135,256
11.9,42.042527346622684,0.014022764494426158,256
12.0,42.5725474038661,0.014241446794357524,256
12.1,43.08212616171946,0.014495716065292751,256
12.2,43.60894743852295,0.014757848256924982,256
12.3,44.15811792807041,0.014979588946494274,256
12.4,44.67455880077077,0.015202651417711403,256
12.5,45.199376656519554,0.015438597042913671,256
12.6,45.72257237823156,0.015686795587501655,256
12.7,46.2489868531548,0.015891043811806255,256
12.8,46.764543858169716,0.016105485075149455,256
12.9,47.28468990809255,0.016396238735423774,256
13.0,47.80150183120612,0.016589949280689374,256
13.1,48.34591285177636,0.01678529558543391,256
13.2,48.88602831616785,0.017027738372066756,256
13.3,49.44220977953603,0.017221665793200183,256
13.4,49.98915176312934,0.01745448309317289,256
13.5,50.5436241052837,0.017739175052725216,256
13.6,51.08080529385247,0.01796605319689685,256
13.7,51.631205827513256,0.01822610739694963,256
13.8,52.18358582576652,0.01845590698158749,256
13.9,52.73342462280157,0.01872432124594019,256
14.0,53.284633096358064,0.018952204061151872,256
14.1,53.82302412730009,0.01918588143023027,256
14.2,54.33146654847096,0.019418888405163155,256
14.3,54.87264698474887,0.01970674608255871,256
14.4,55.42532327949738,0.020001340057540513,256
14.5,55.98571897268365,0.020234677773439912,256
14.6,56.5400365604034,0.020468036043116623,256
14.7,57.081146784354466,0.02072549375412079,256
14.8,57.639812350552276,0.021017058071893215,256
14.9,58.20050928519988,0.021278123073649666,256
15.0,58.76426746352203,0.021510652960692062,256
15.1,59.33552453817937,0.021783093083254497,256
15.2,59.88847814168172,0.022031290434757773,256
15.3,60.446652983104144,0.022329466840204374,256
15.4,61.038671798674706,0.02259791254289385,256
15.5,61.606697870801334,0.02287385494211049,256
15.6,62.179059079983496,0.023126278959060297,256
15.7,62.74366908860406,0.023491064089809877,256
15.8,63.33498684345747,0.023748310910734965,256
15.9,63.91253741868256,0.024011494147456437,256
16.0,64.48795821345603,0.024304441430239382,256
16.1,65.06447519321402,0.02460564660892309,256
16.2,65.66017369374568,0.024922842131277514,256
16.3,66.23842861257188,0.02517994993015557,256
16.4,66.82244565822631,0.025456819975320538,256
16.5,67.40777581889257,0.025707961360654286,256
16.6,67.99803028937833,0.026043781675910167,256
16.7,68.59312067345917,0.026257281207161202,256
16.8,69.19224757610786,0.0265470752588099,256
16.9,69.78326881273287,0.026815339100658805,256
17.0,70.36602262621209,0.027182023676954215,256
17.1,70.9541436218312,0.027457855711257115,256
17.2,71.54966595459979,0.02781570342643557,256
17.3,72.13086530217768,0.028178519275014993,256
17.4,72.72220460409633,0.028489700773936033,256
17.5,73.28989987847267,0.02881431226958581,256
17.6,73.88481852301271,0.02911733977864081,256
17.7,74.47936947879069,0.02944827098224634,256
17.8,75.06197827477351,0.029707132012018106,256
17.9,75.65480722295638,0.030028085892770815,256
18.0,76.23948991815548,0.030419395295982275,256
18.1,76.83726865236696,0.030721451590298522,256
18.2,77.45070093008806,0.03104449011846758,256
18.3,78.05843507529859,0.03138946947291013,256
18.4,78.64467031995967,0.03169742733676802,256
18.5,79.22290734742637,0.032019371464177895,256
18.6,79.82643054867468,0.03228788315184962,256
18.7,80.42246074032695,0.03255495706209593,256
18.8,81.03635964385172,0.03297069853994301,256
18.9,81.64204798703167,0.03330325977846898,256
19.0,82.2497020201037,0.03365689264153178,256
19.1,82.84970299286933,0.03393311900147691,256
19.2,83.47058989410118,0.0343446286198648,256
19.3,84.09817956712267,0.03471449422091161,256
19.4,84.72465774948495,0.03496147800826438,256
19.5,85.33993573737236,0.03521079440965459,256
19.6,85.95355618764509,0.03550383246152446,256
19.7,86.56468918581093,0.03579780130437399,256
19.8,87.18200102176546,0.036128397966738404,256
19.9,87.79926506413649,0.03643462037343062,256
20.0,88.39837993881004,0.036719148793999803,256
0.0,0.0,0.0,32
0.1,0.04807481648978704,9.069626529635175e-6,32
0.2,0.16981163442710429,3.084702529250765e-5,32
0.3,0.3212146031482064,5.637520451028504e-5,32
0.4,0.4897671650835346,8.40711944357962e-5,32
0.5,0.6751475093536959,0.00011054076968055968,32
0.6,0.8716071980675885,0.00013884596879190641,32
0.7,1.0662245877276308,0.00017040544221246849,32
0.8,1.2680703171650485,0.00020586923427575937,32
0.9,1.4857638291712247,0.0002472741137433161,32
1.0,1.7081392427146598,0.0002921952788831619,32
1.1,1.931730851897252,0.0003415690804660036,32
1.2,2.1609695846254424,0.00038843915239339784,32
1.3,2.395719741359379,0.0004361460870586425,32
1.4,2.6405426028166508,0.0004907575498573712,32
1.5,2.8942283498980412,0.000550306995823545,32
1.6,3.1501382848345014,0.000610346366658297,32
1.7,3.397082947888963,0.0006812954100710082,32
1.8,3.666843232771391,0.0007534479779063135,32
1.9,3.9339743758401107,0.0008315586738980132,32
2.0,4.2090114159576455,0.0009011006114139704,32
2.1,4.505054933326009,0.0009646171318166319,32
2.2,4.801645131131353,0.0010487689551778186,32
2.3,5.107014538927676,0.0011396296004265295,32
2.4,5.41523191892716,0.00121784099882964,32
2.5,5.734518236027853,0.0013082809367647513,32
2.6,6.0545798207857064,0.0013986999265154347,32
2.7,6.382693660241856,0.0014970820122153384,32
2.8,6.719447663290056,0.0016099155531893064,32
2.9,7.0727350198804215,0.0017291303638052482,32
3.0,7.413591118229258,0.0018523717456299454,32
3.1,7.758456116077521,0.001986387244602798,32
3.2,8.108295930053567,0.0021025807136659147,32
3.3,8.471795989697808,0.0022343845696738834,32
3.4,8.841826637305527,0.0023600740994210697,32
3.5,9.215242206081882,0.0024675119037064533,32
3.6,9.596717176193827,0.0025923690068463024,32
3.7,9.999951974863627,0.002752934708904623,32
3.8,10.402727110771036,0.0029181605966968967,32
3.9,10.787219164048864,0.0030609569760532683,32
4.0,11.209463221092344,0.0032152285351482604,32
4.1,11.611243477708957,0.003386703531024874,32
4.2,12.021715013487759,0.003544319808066712,32
4.3,12.4355842887038,0.003738835910493372,32
4.4,12.88640831164393,0.003911771767798178,32
4.5,13.323529667209321,0.004099979490617657,32
4.6,13.769531957611564,0.004295796207326986,32
4.7,14.21085283539255,0.004497594313514419,32
4.8,14.655351641136969,0.004708804167619938,32
4.9,15.120300728498837,0.00492280371865379,32
5.0,15.580234689791597,0.005158151679801413,32
5.1,16.04925339308503,0.0053961215596902935,32
5.2,16.50392777201805,0.005647976100499538,32
5.3,16.964860395200162,0.005857279753338517,32
5.4,17.416016612689635,0.006074000151439292,32
5.5,17.889536704925312,0.006322581579729001,32
5.6,18.35577357169826,0.006562372346200809,32
5.7,18.82364237360925,0.006780142786868639,32
5.8,19.30508910091492,0.007020868515214817,32
5.9,19.803665894148544,0.007289658298389771,32
6.0,20.301757832188706,0.00758662804142566,32
6.1,20.789521878672993,0.007828159354265242,32
6.2,21.295355339588024,0.008096565603631617,32
6.3,21.80423449796312,0.008330316349002255,32
6.4,22.30318696401922,0.008616173852986924,32
6.5,22.824688121654376,0.008880163060321725,32
6.6,23.328343679093074,0.009110455949750037,32
6.7,23.85897298646052,0.009371106868002313,32
6.8,24.371669565267158,0.009688218625875145,32
6.9,24.88615169372736,0.01000040886424138,32
7.0,25.411667881758934,0.010293770300464137,32
7.1,25.932877848182184,0.010598652662969475,32
7.2,26.44932728127191,0.010832264309262036,32
7.3,26.97116647931122,0.011113246019101346,32
7.4,27.51036956985343,0.011407009127941565,32
7.5,28.03680705933442,0.011732820010203029,32
7.6,28.549165014665313,0.012029277309179163,32
7.7,29.081239772307228,0.012286079082921338,32
7.8,29.60902407784696,0.01260910018549473,32
7.9,30.165216982206353,0.01296111520537659,32
8.0,30.73812302648988,0.013351527330142688,32
8.1,31.283697049814585,0.013672064287630922,32
8.2,31.84916801589643,0.013925036986007552,32
8.3,32.42113238624941,0.014210961164914434,32
8.4,32.993186425708394,0.014521257814644375,32
8.5,33.5637753799992,0.014869949991114453,32
8.6,34.13120388932585,0.015248483063483595,32
8.7,34.70412285445585,0.01561181029773098,32
8.8,35.28827233405156,0.015969130707033118,32
8.9,35.84915826237352,0.016330097486478724,32
9.0,36.42025939749344,0.016673227151261814,32
9.1,36.993327384519475,0.01706184771315744,32
9.2,37.561582323023735,0.017441512524397833,32
9.3,38.14717883735033,0.017797694217785785,32
9.4,38.73424685466062,0.01812925975035455,32
9.5,39.33423441465698,0.01850065198106217,32
9.6,39.92536721785846,0.018846122484159584,32
9.7,40.53104516202786,0.019165782869292925,32
9.8,41.1002388014936,0.019502993465905734,32
9.9,41.6828392249703,0.019846148164733502,32
10.0,42.273008280193004,0.020199021578336845,32
10.1,42.87911074851037,0.02056757321021081,32
10.2,43.479539596240755,0.020941656349651727,32
10.3,44.079841921228365,0.02132954132984633,32
10.4,44.67792736691793,0.021707626681640488,32
10.5,45.32119179376198,0.022067168470440306,32
10.6,45.915274758753135,0.02234305307812066,32
10.7,46.5198327651844,0.02268291050267402,32
10.8,47.13322962680693,0.023054019609186842,32
10.9,47.74730069436113,0.023484658049220952,32
11.0,48.3633800249295,0.02387637902059855,32
11.1,48.98411322953018,0.024302516798332854,32
11.2,49.609623816899685,0.024714347032913617,32
11.3,50.23098547635456,0.02518993373111882,32
11.4,50.8405097897764,0.025592410508399055,32
11.5,51.45189307461244,0.026065648991676415,32
11.6,52.06054248665997,0.02653117368193034,32
11.7,52.686602952649594,0.02692783195788074,32
11.8,53.315562059783595,0.02738384962348477,32
11.9,53.927727620016356,0.027708268446128285,32
12.0,54.533006534462146,0.028019014292439266,32
12.1,55.151158633014745,0.02837943853884337,32
12.2,55.763097035743364,0.028726789603096815,32
12.3,56.3801628105921,0.02915188720291242,32
12.4,56.992335049523014,0.02949267096286492,32
12.5,57.62414212775924,0.029909890066814705,32
12.6,58.250903280027586,0.030285651049346406,32
12.7,58.858212935999596,0.03068293270617487,32
12.8,59.50297324581874,0.03091747356601848,32
12.9,60.124387553924265,0.03128332804924603,32
13.0,60.769529511788406,0.03164954491949273,32
13.1,61.38602350486219,0.032042767698492194,32
13.2,62.03104050108135,0.032378621755331,32
13.3,62.682575559708944,0.03275396896223738,32
13.4,63.33058729090397,0.033209629883201267,32
13.5,64.0036505746474,0.03362868149959459,32
13.6,64.66131670542406,0.034023649104780916,32
13.7,65.30144112908721,0.03440328481057539,32
13.8,65.93954911328579,0.03486371694160872,32
13.9,66.59579913529485,0.0352585878061296,32
14.0,67.25609820947872,0.03571658868710219,32
14.1,67.90468890974434,0.036081476457646526,32
14.2,68.5735651801666,0.03640470604123337,32
14.3,69.25069782306366,0.03685167131165014,32
14.4,69.91296327420592,0.037369295781740156,32
14.5,70.5809220839375,0.03777613338038954,32
14.6,71.2336676502806,0.038068317654308306,32
14.7,71.8963640568711,0.03842001338132282,32
14.8,72.57017347607153,0.0388565631185409,32
14.9,73.23405975336547,0.039334602820084906,32
15.0,73.91697818125328,0.03984567429529653,32
15.1,74.57792564403567,0.04033643904340267,32
15.2,75.23018164797689,0.040757285671943214,32
15.3,75.87043579006783,0.04120587336311428,32
15.4,76.53555519392539,0.041700114478837605,32
15.5,77.19666873450288,0.04206611495650748,32
15.6,77.86924764048283,0.04251410654284911,32
15.7,78.5418210741517,0.04294099642915711,32
15.8,79.22556765389115,0.043387647480206515,32
15.9,79.90002351707437,0.04388261493337992,32
16.0,80.59278052716641,0.04428541254597771,32
16.1,81.28860486494838,0.04466971002151871,32
16.2,81.96982163378733,0.04507085589335728,32
16.3,82.66406743497743,0.045469347039448514,32
16.4,83.32517557656661,0.04586742679068816,32
16.5,83.9703811808497,0.046362298106972594,32
16.6,84.63704715929077,0.04679145686017946,32
16.7,85.33054229057427,0.04726558856014462,32
16.8,86.02610095838298,0.047796552243874406,32
16.9,86.70630102721748,0.048369725427460306,32
17.0,87.4042384137366,0.04886359810231943,32
17.1,88.09277884667569,0.04936895957124376,32
17.2,88.78153464216768,0.0500360231730505,32
17.3,89.46032247318503,0.050601813723063056,32
17.4,90.14826819614584,0.051057826288418394,32
17.5,90.80775614714666,0.051557445754669286,32
17.6,91.48244705706291,0.0518843471939624,32
17.7,92.17544382113282,0.05229366697106882,32
17.8,92.88035202748321,0.052739896786774466,32
17.9,93.58152409156662,0.05309486166098342,32
18.0,94.2850574190517,0.05351108714030215,32
18.1,94.96530366307788,0.05383735889541821,32
18.2,95.64971571277124,0.054200549355315306,32
18.3,96.35390279424969,0.05461068897513696,32
18.4,97.0485000910469,0.05497384661753493,32
18.5,97.73605947888105,0.05547881535406436,32
18.6,98.42867397537972,0.05599061180116497,32
18.7,99.10704488008042,0.05638846206868221,32
18.8,99.79054837591923,0.05686713726791803,32
18.9,100.45868796156667,0.05743100881288294,32
19.0,101.1604272627739,0.05791132162844948,32
19.1,101.8433688331005,0.05845063090543814,32
19.2,102.53347243061566,0.0589818182696434,32
19.3,103.22281471649332,0.059520562563672795,32
19.4,103.92721561549452,0.059989309270670796,32
19.5,104.6460936257561,0.06059073710759933,32
19.6,105.34409192274823,0.06119884647787843,32
19.7,106.03860939017108,0.06174667712121752,32
19.8,106.74694254793967,0.06217087628078776,32
19.9,107.46040990140277,0.06283416906003204,32
20.0,108.18915475219247,0.06333425306650856,32
0.0,0.0,0.0,512
0.1,0.044253493435905775,8.649247978969205e-6,512
0.2,0.16143039766945938,2.762322294943681e-5,512
0.3,0.30550367166059267,5.299842074245149e-5,512
0.4,0.47893768103398926,7.620281184502019e-5,512
0.5,0.661770653677182,9.911471244133856e-5,512
0.6,0.8447605989113516,0.00012151975054817399,512
0.7,1.024397460319167,0.00014582490254315324,512
0.8,1.2043154154772624,0.0001657228891687892,512
0.9,1.3853815437745376,0.0001887537759187333,512
1.0,1.5675969198862898,0.00021212580857295872,512
1.1,1.751536118290462,0.000238981264053997,512
1.2,1.9413570916579996,0.0002602611621989968,512
1.3,2.1329492372341847,0.00028397224202035635,512
1.4,2.324052706452345,0.00030785192764836735,512
1.5,2.5164834489093284,0.00033499334775104997,512
1.6,2.7101987849371816,0.0003608993435679892,512
1.7,2.8972374339992633,0.0003871008427587777,512
1.8,3.0852790920628905,0.0004158073850787315,512
1.9,3.292727223141791,0.00044800551297061614,512
2.0,3.4927161952223833,0.00048084875214082497,512
2.1,3.687552085567248,0.0005147793412499629,512
2.2,3.906380937780661,0.0005508141864381067,512
2.3,4.111577317433794,0.0005888015332494448,512
2.4,4.331729991076563,0.000627894066136919,512
2.5,4.549079457225639,0.0006790789995696318,512
2.6,4.757006042750955,0.0007112079434895016,512
2.7,4.981834178869738,0.0007563899870105024,512
2.8,5.207899836452999,0.0007987563282137639,512
2.9,5.434746999519816,0.0008391872141446034,512
3.0,5.678510224585321,0.0008900430907002003,512
3.1,5.911582972697809,0.0009339901896820006,512
3.2,6.155354488781884,0.0009859728535860472,512
3.3,6.403051107746655,0.0010383120958027709,512
3.4,6.649462083945982,0.0010890036654640633,512
3.5,6.890191238234717,0.0011408073307172723,512
3.6,7.142571423928735,0.0011935386761319669,512
3.7,7.412808681819234,0.001256946472892266,512
3.8,7.667476221731987,0.0013145453456808614,512
3.9,7.927714838347757,0.0013766394084933323,512
4.0,8.203714894775304,0.0014437807587314717,512
4.1,8.488558571090339,0.0015100457446669449,512
4.2,8.762904914050509,0.0015768752168930067,512
4.3,9.043872427346557,0.0016569346694086167,512
4.4,9.32386477311151,0.001719433394422173,512
4.5,9.601216811925124,0.0017818298448366208,512
4.6,9.897844207677416,0.0018569908979663137,512
4.7,10.193902870804553,0.0019206913751937179,512
4.8,10.493366118144758,0.001989794268789881,512
4.9,10.804781539977085,0.002070097161251261,512
5.0,11.132137367884553,0.002158615460426856,512
5.1,11.439847159886193,0.002247783108607733,512
5.2,11.754152650609324,0.0023382592544377583,512
5.3,12.064941948972004,0.0024418001341805374,512
5.4,12.388609239299084,0.0025263771721370405,512
5.5,12.730763424874171,0.0026096562205566963,512
5.6,13.07012849585472,0.0027011981535411673,512
5.7,13.387771252312517,0.002796752719266338,512
5.8,13.717148227563012,0.002861136362928767,512
5.9,14.050659506388387,0.0029445360838249368,512
6.0,14.38352343404887,0.0030484069130289697,512
6.1,14.727523981441266,0.0031329624538200137,512
6.2,15.090990600403739,0.003235791603649141,512
6.3,15.441795363297878,0.003337884313878123,512
6.4,15.798437429627295,0.003431036682756774,512
6.5,16.15622103192873,0.003539654815687613,512
6.6,16.51011523288774,0.0036507905450313223,512
6.7,16.87719174242474,0.0037746378362288418,512
6.8,17.233366601119563,0.0038816302413656667,512
6.9,17.60727781120204,0.003992101886512961,512
7.0,17.9724942129407,0.0041206432776780344,512
7.1,18.365548614744164,0.004272963672029219,512
7.2,18.737325314973113,0.004410601046360465,512
7.3,19.12207088926784,0.004547369758888032,512
7.4,19.507942757140167,0.004682416742286939,512
7.5,19.89205664209055,0.004807309632965473,512
7.6,20.272624010516367,0.004951633111912707,512
7.7,20.665141430074012,0.005095442518795149,512
7.8,21.051264231049693,0.005199743162720492,512
7.9,21.445237061767763,0.005308841720322676,512
8.0,21.8356828410093,0.005428083242414366,512
8.1,22.21729622438176,0.0055723725586111685,512
8.2,22.6360749624634,0.005706008101730727,512
8.3,23.051036408847985,0.005822805579094184,512
8.4,23.461949759818612,0.005966438248355337,512
8.5,23.886383006728305,0.006123810007533216,512
8.6,24.308042975776292,0.00629825880195604,512
8.7,24.739105272488146,0.00645093404695058,512
8.8,25.15197674557409,0.006587792052577193,512
8.9,25.573849951908336,0.006720227379578388,512
9.0,25.99651100872637,0.006905740432246813,512
9.1,26.42127843383826,0.007059164338598795,512
9.2,26.859801723317972,0.00720135628633897,512
9.3,27.274797856678493,0.007335113566166208,512
9.4,27.717302475095902,0.007483293755221146,512
9.5,28.148222142448382,0.00763290057857399,512
9.6,28.57452844271164,0.0077728229678803275,512
9.7,29.01959457765925,0.007921707993224652,512
9.8,29.46855995001353,0.008082230045220516,512
9.9,29.905368128467842,0.008224758255666645,512
10.0,30.35326884001107,0.008425035954612225,512
10.1,30.811354862795277,0.008599037076034056,512
10.2,31.270018426783725,0.008767887763832504,512
10.3,31.734671019943676,0.008952807099190834,512
10.4,32.19310140272344,0.009113978718425167,512
10.5,32.6549629866143,0.00929704804337226,512
10.6,33.13226140580759,0.009480413956901879,512
10.7,33.60331981874965,0.009663227448901395,512
10.8,34.072897836638845,0.009841803466617862,512
10.9,34.52866837026984,0.010035032064961038,512
11.0,34.98762845036281,0.010249674181026017,512
11.1,35.44201323097431,0.010437771047544332,512
11.2,35.92128999369683,0.010618994596115214,512
11.3,36.39204683723719,0.010767524440522558,512
11.4,36.865918445221084,0.010888378163476813,512
11.5,37.33917810654177,0.011062864997438408,512
11.6,37.82537373427003,0.011215627732212099,512
11.7,38.31126355470173,0.01142583256763141,512
11.8,38.7858730539864,0.011643494927859481,512
11.9,39.271814796759976,0.011811144584220366,512
12.0,39.756246456210874,0.012038433751110869,512
12.1,40.25086597302787,0.0122221462718607,512
12.2,40.72182110577206,0.012419551042313104,512
12.3,41.21302057623513,0.012618846049811996,512
12.4,41.704770731333475,0.012832581099929198,512
12.5,42.21519065815418,0.01299677909361538,512
12.6,42.69357884459441,0.013217824442567687,512
12.7,43.1866772354312,0.013416416438588263,512
12.8,43.69318196669264,0.013590898386293909,512
12.9,44.199852167000785,0.013779960255687208,512
13.0,44.710147220700314,0.014002884767091685,512
13.1,45.21409282664561,0.01419458127756007,512
13.2,45.713104580457106,0.014387981549918922,512
13.3,46.24370999247355,0.01459438455958801,512
13.4,46.770446344726565,0.014852228954941333,512
13.5,47.28425404660903,0.015066715170302405,512
13.6,47.7857276946303,0.015267329910194982,512
13.7,48.2983998374915,0.015451082585827385,512
13.8,48.80931432583559,0.01566504508128092,512
13.9,49.32040015421514,0.01592700378256602,512
14.0,49.848406349070004,0.016172438898533602,512
14.1,50.379279301934865,0.016406584894315377,512
14.2,50.91155001700064,0.0166635658095994,512
14.3,51.438687862000045,0.016922668231441958,512
14.4,51.98064091037634,0.01716809593601806,512
14.5,52.51191302391585,0.017372021505277366,512
14.6,53.02699925793896,0.01765859574427915,512
14.7,53.557455457529635,0.017899513725273545,512
14.8,54.083768790172996,0.018113444161914235,512
14.9,54.62908611093983,0.018369097185494822,512
15.0,55.16600406060531,0.018614011226949907,512
15.1,55.687408233270155,0.01889317638927384,512
15.2,56.21333291916816,0.019105614936706393,512
15.3,56.75984233372012,0.019322506176487893,512
15.4,57.317549616527266,0.019546028033876964,512
15.5,57.86313028746671,0.0198072331740756,512
15.6,58.41002156812,0.020052468425316737,512
15.7,58.9683708304758,0.020305000673698354,512
15.8,59.514329563625054,0.02055653985970626,512
15.9,60.046716872287696,0.02078293793098568,512
16.0,60.59483459785038,0.020982958312276256,512
16.1,61.16443765436126,0.02119245462308715,512
16.2,61.71986471306637,0.021484021896397094,512
16.3,62.285550090816805,0.021782890990269154,512
16.4,62.828586334426234,0.022020013387482582,512
16.5,63.3902311053486,0.022323772486716013,512
16.6,63.94284454374173,0.022625075394877903,512
16.7,64.48956523472727,0.022910882237405575,512
16.8,65.03830586404843,0.023160753905769108,512
16.9,65.60844339885351,0.02338095628381734,512
17.0,66.17439312107987,0.023673439588968052,512
17.1,66.73093347365234,0.023929784189709473,512
17.2,67.28713633570084,0.024198505365071496,512
17.3,67.85071411242437,0.024541659106124526,512
17.4,68.40638724428035,0.02482392919301891,512
17.5,68.99084605727086,0.025108540797648248,512
17.6,69.56542241822764,0.02543510175968092,512
17.7,70.14094740255277,0.025749922291234496,512
17.8,70.70194049394063,0.02604542243043161,512
17.9,71.24507041414867,0.026298834643465642,512
18.0,71.81496330273411,0.026491871808198873,512
18.1,72.38246551599796,0.026759030761691616,512
18.2,72.95760864554309,0.026998076459022552,512
18.3,73.53277578889895,0.027247945746861745,512
18.4,74.09884750713628,0.027494995834900355,512
18.5,74.67749496537296,0.027729647445370383,512
18.6,75.25796033858099,0.027981111912691047,512
18.7,75.84138981131726,0.028211090684561384,512
18.8,76.41993937164739,0.028465208225271744,512
18.9,76.99953155756579,0.02872335429690679,512
19.0,77.57092772640097,0.028957459452218268,512
19.1,78.14200591897293,0.029213095392031242,512
19.2,78.71315644154234,0.02947867300093235,512
19.3,79.29268404527829,0.029698343226233284,512
19.4,79.87722414396792,0.02999762069814982,512
19.5,80.4511509121442,0.030244185078553705,512
19.6,81.03636805087743,0.030569535510200148,512
19.7,81.62808357536356,0.0309372262671169,512
19.8,82.19816684285152,0.0313371238934045,512
19.9,82.7838532839545,0.0316300509261995,512
20.0,83.36472284636486,0.0319916972036703,512
0.0,0.0,0.0,64
0.1,0.049961452449035354,8.78595191191972e-6,64
0.2,0.1628741495534058,2.947366493181283e-5,64
0.3,0.3150115669477577,5.49940307386918e-5,64
0.4,0.4903902573901025,8.299984938219481e-5,64
0.5,0.6689702159205096,0.00010963685276934679,64
0.6,0.8543100157937668,0.0001393261192974475,64
0.7,1.0532813227485995,0.00016362640451581372,64
0.8,1.2481515439336808,0.00018969157173763287,64
0.9,1.44587189373019,0.00022200838598006163,64
1.0,1.6474696590087525,0.00025295710344411395,64
1.1,1.8423604860857747,0.0002858564347147733,64
1.2,2.048296632461068,0.00032262166082198084,64
1.3,2.252467505571908,0.0003606248348460801,64
1.4,2.472872782585532,0.0004031373014448423,64
1.5,2.699093754046184,0.0004441887009376096,64
1.6,2.9181496565636595,0.00048687796820921694,64
1.7,3.1502712615602477,0.000539282984902201,64
1.8,3.3929194637229054,0.0005932695701748598,64
1.9,3.6412582527827997,0.0006464818733475872,64
2.0,3.9008897603802164,0.0007050828158238211,64
2.1,4.16659898350461,0.0007665028499679343,64
2.2,4.4413994564182255,0.0008365598352590533,64
2.3,4.716154235891235,0.0008962282398156207,64
2.4,4.989392574594807,0.000962416220243676,64
2.5,5.254160223883498,0.0010353504488235473,64
2.6,5.5220374398905,0.0010991593745371304,64
2.7,5.815413458410316,0.0011809914462914226,64
2.8,6.122517012621878,0.0012598275906112527,64
2.9,6.43491463834872,0.001341763517422119,64
3.0,6.73714146032421,0.0014373705961745887,64
3.1,7.067513077427068,0.0015391511211636085,64
3.2,7.385067810190331,0.0016421941310244058,64
3.3,7.707139462521574,0.0017277021410961265,64
3.4,8.031003113268019,0.0018337581287435334,64
3.5,8.356786244976647,0.0019314961500853912,64
3.6,8.678693624648293,0.0020387912902545837,64
3.7,9.016979702387934,0.0021482968277368696,64
3.8,9.359232820627813,0.002262137170046674,64
3.9,9.699646298233187,0.0023811150130788527,64
4.0,10.067580160381198,0.0025124139445634507,64
4.1,10.425730677291202,0.002644386199014649,64
4.2,10.81052467272728,0.002760381033612694,64
4.3,11.194818835933667,0.0028959982480846703,64
4.4,11.583415231267209,0.003028949346997647,64
4.5,11.965262198316386,0.0031912257563514075,64
4.6,12.350564841738779,0.003331383458239842,64
4.7,12.734092936031857,0.0034639268682132053,64
4.8,13.127313571957496,0.0036103994077821967,64
4.9,13.537381104987528,0.0037505595204872194,64
5.0,13.929137721006144,0.0038921059329453072,64
5.1,14.343316943922208,0.004045315947296117,64
5.2,14.751269912047242,0.004201644240501938,64
5.3,15.16871443454591,0.004378634901029462,64
5.4,15.591371343354794,0.004561805755330105,64
5.5,16.012187718314763,0.0047508663538675545,64
5.6,16.44163972343458,0.004934473747327873,64
5.7,16.878375586628103,0.005089728918493381,64
5.8,17.30120620958256,0.0052651853301497326,64
5.9,17.74579325701326,0.005450372479499964,64
6.0,18.208791848186156,0.005623422212161337,64
6.1,18.65246595148166,0.0058017447270140195,64
6.2,19.116666075805604,0.006022446569165793,64
6.3,19.56943715038479,0.006233468010023151,64
6.4,20.046082969166484,0.006452110561510487,64
6.5,20.520398737581484,0.0066377504379685915,64
6.6,20.990325724547375,0.00685165143527333,64
6.7,21.476196399072943,0.0070240210141948,64
6.8,21.970286160433293,0.007266249351163043,64
6.9,22.445685403350367,0.007487620498115776,64
7.0,22.9325816124355,0.007711878887100794,64
7.1,23.4113714258822,0.00794324075089164,64
7.2,23.898163537744605,0.008137878424917332,64
7.3,24.390647593153567,0.008345484907754606,64
7.4,24.879193314683494,0.00857227418768431,64
7.5,25.366034105221363,0.008768372465958359,64
7.6,25.85526174583217,0.009000780117643893,64
7.7,26.35402091197217,0.009214252467205213,64
7.8,26.853870344866277,0.009436739553679647,64
7.9,27.349761316465674,0.009647856733261639,64
8.0,27.836064172868543,0.00989045707004434,64
8.1,28.335582988558446,0.010102680423789107,64
8.2,28.84109841224642,0.010334066461146381,64
8.3,29.345547129329113,0.010574335787212957,64
8.4,29.85137370723514,0.010812855476582528,64
8.5,30.36194627759318,0.011061363402578907,64
8.6,30.87543826624098,0.011247292306377155,64
8.7,31.390600710300088,0.011423577424946554,64
8.8,31.91309737862323,0.011641388566227644,64
8.9,32.41516627774902,0.01184294418302113,64
9.0,32.947562943045,0.012059955210489432,64
9.1,33.47368963603574,0.012237241734809287,64
9.2,34.020081060063546,0.012523448329521064,64
9.3,34.57022889421609,0.012807660651331222,64
9.4,35.12895966572404,0.013147166172162304,64
9.5,35.66858346249638,0.01342860410588026,64
9.6,36.22465957273291,0.013710144096977992,64
9.7,36.79187900316095,0.014066718166424866,64
9.8,37.343611268108575,0.014352964217051985,64
9.9,37.89241890350696,0.014676196826086582,64
10.0,38.43713492131753,0.0149991800677141,64
10.1,38.97324676585125,0.015274802920171615,64
10.2,39.531853130409466,0.01555119708331784,64
10.3,40.07773685630168,0.015834935444973386,64
10.4,40.64606143214965,0.0161094829990558,64
10.5,41.19539171833591,0.01640695417332213,64
10.6,41.742161713184466,0.01672844394032564,64
10.7,42.302483385057634,0.017024236162610007,64
10.8,42.866367539178206,0.017351447807774138,64
10.9,43.42893232697656,0.01766328240723629,64
11.0,43.99781251168919,0.01796088877692422,64
11.1,44.554509968081696,0.01827738678202763,64
11.2,45.12315707246848,0.018615108096106645,64
11.3,45.69576221461407,0.0189475836123059,64
11.4,46.276830698723074,0.019261418389884873,64
11.5,46.86500933750954,0.019595476416589427,64
11.6,47.44478840657193,0.019970473163501985,64
11.7,48.027194043981,0.020283073721326542,64
11.8,48.604554204721566,0.02057398542293175,64
11.9,49.19991350189856,0.020894344196473243,64
12.0,49.77550345598632,0.021184018844778985,64
12.1,50.35226763274637,0.021535345871234755,64
12.2,50.94988380501309,0.0219650808123961,64
12.3,51.55936483258971,0.022248102358411306,64
12.4,52.16286233452406,0.022510435736786585,64
12.5,52.77406919822106,0.022821215613816646,64
12.6,53.371762664441206,0.023080101925097393,64
12.7,53.96953764946442,0.023372796052951735,64
12.8,54.59480080465893,0.02370080924688227,64
12.9,55.179801712938186,0.02398361871886457,64
13.0,55.78776579902442,0.02428796533680399,64
13.1,56.36174007034147,0.024589521632324765,64
13.2,56.95415655302745,0.024961823082654107,64
13.3,57.56061552983444,0.02528151261049736,64
13.4,58.15553914230937,0.025588848002512786,64
13.5,58.75985155272772,0.02591202584683063,64
13.6,59.3865966088202,0.026187920240345518,64
13.7,59.9972646366284,0.02652652583092596,64
13.8,60.615543411799635,0.026881465900334564,64
13.9,61.22189528951795,0.027240638342069527,64
14.0,61.83461074657452,0.02764148441981132,64
14.1,62.45178728044798,0.02800953347824958,64
14.2,63.04644512406741,0.02841218895432827,64
14.3,63.646599393707284,0.028807993727569658,64
14.4,64.27847055397342,0.029109683133357957,64
14.5,64.89961051424915,0.029459575826387963,64
14.6,65.53347679773172,0.029814975643278063,64
14.7,66.17270043850486,0.030123993195067002,64
14.8,66.78988397316775,0.030460294639878403,64
14.9,67.38514570950971,0.03082893381567559,64
15.0,68.00094767920116,0.03111675066295427,64
15.1,68.62287055158531,0.03150296270832814,64
15.2,69.25355269428961,0.03187230795871127,64
15.3,69.88198444658161,0.03215388849496318,64
15.4,70.5117966120909,0.03257572634508825,64
15.5,71.13718218886018,0.03299777215100608,64
15.6,71.76290795917578,0.03340937168732566,64
15.7,72.36336798780384,0.03361026903512373,64
15.8,72.97393654272332,0.0340107714314038,64
15.9,73.5974832187175,0.03433055618545011,64
16.0,74.22038499891774,0.03465171847446604,64
16.1,74.85437962870586,0.03505288085098284,64
16.2,75.50213272293891,0.03546755675440225,64
16.3,76.14130324924419,0.0359223061895454,64
16.4,76.77438506594667,0.036317052925340286,64
16.5,77.41418737414851,0.03667102368554073,64
16.6,78.06519004289298,0.03702703727738394,64
16.7,78.73551451846086,0.03745141115543599,64
16.8,79.38016906299826,0.03789729907164465,64
16.9,80.01551406403419,0.038243457829428215,64
17.0,80.6558299222587,0.03860483287510139,64
17.1,81.3082856433895,0.03899630338327771,64
17.2,81.93424355474113,0.03939054849912619,64
17.3,82.56517311706617,0.03979269359285821,64
17.4,83.20987745075195,0.04016155565119937,64
17.5,83.84557199532627,0.04052355319337498,64
17.6,84.49417664585712,0.04086975278427381,64
17.7,85.14628240732745,0.04121910575608012,64
17.8,85.8124144003183,0.04163905451262397,64
17.9,86.44458515410486,0.04209734482722895,64
18.0,87.0906954196573,0.042415476404999305,64
18.1,87.74494522957214,0.042700419203083526,64
18.2,88.39943104267836,0.04303594814044621,64
18.3,89.07901449632044,0.043421779402615476,64
18.4,89.733598149576,0.04374966992186403,64
18.5,90.37912532798848,0.044026124032645886,64
18.6,91.03558904117006,0.04441030631769495,64
18.7,91.72075178848814,0.0448559481697457,64
18.8,92.3586430292522,0.04520097538507174,64
18.9,93.04236932013363,0.04562917859650778,64
19.0,93.68608196056401,0.046074024363703725,64
19.1,94.36121215981328,0.04643531942065386,64
19.2,95.01900138444137,0.04677835956531676,64
19.3,95.66812668908042,0.04708713237062158,64
19.4,96.30627895670766,0.047335207509923954,64
19.5,96.93697863704422,0.047731634811302825,64
19.6,97.57730100579448,0.04799717960380878,64
19.7,98.23175331796205,0.04846589773089906,64
19.8,98.89926557218607,0.048864613901312005,64
19.9,99.56381214041517,0.04926305124123585,64
20.0,100.2255916462302,0.049633508231198484,64
0.0,0.0,0.0,8
0.1,0.05591609645851271,9.904230942018554e-6,8
0.2,0.17930168117384476,3.4088035965624484e-5,8
0.3,0.36135349447368914,6.45919092763072e-5,8
0.4,0.5536333727004953,0.00010251457916270406,8
0.5,0.7634614861504854,0.0001469399591164162,8
0.6,0.9919068054499836,0.00019972742155678386,8
0.7,1.2462173799813387,0.00025311043875285015,8
0.8,1.513466588987893,0.00031995851792009355,8
0.9,1.791942761332848,0.0004026912687649351,8
1.0,2.090288526752453,0.0004901710746684077,8
1.1,2.3852392674752423,0.000581088413351466,8
1.2,2.6977468031297063,0.0006757764836428928,8
1.3,3.015420647282605,0.0007961094114551739,8
1.4,3.3543147006101055,0.0009274645278751125,8
1.5,3.707868121554883,0.0010682313892901854,8
1.6,4.058021743515097,0.001224972715444492,8
1.7,4.4289570667552525,0.0013738441131495064,8
1.8,4.8038527063196526,0.001553296496406331,8
1.9,5.192771145345558,0.0017255283186406996,8
2.0,5.602868019842667,0.0019190836553798533,8
2.1,6.013413056703611,0.002118826003372527,8
2.2,6.448215681913868,0.002332969797329297,8
2.3,6.880109394030294,0.002565754527599078,8
2.4,7.307246549479379,0.002768404785013528,8
2.5,7.759833141328447,0.00297618272227724,8
2.6,8.208585558499982,0.003217170558161714,8
2.7,8.65591944340432,0.003461683780785423,8
2.8,9.121034857515834,0.003708550906689045,8
2.9,9.582954600801859,0.00398836856511246,8
3.0,10.065892481157524,0.004275505766137799,8
3.1,10.555677131145083,0.004567300629324498,8
3.2,11.048347400989055,0.004848863983900281,8
3.3,11.565772045817406,0.00514250908500563,8
3.4,12.063999658440563,0.005420107728983565,8
3.5,12.57495221141192,0.00571639213752783,8
3.6,13.098623106232475,0.006026799689808438,8
3.7,13.615694801793838,0.00635043774630045,8
3.8,14.135292168751237,0.006677034596864906,8
3.9,14.66096529488553,0.0070049327064824925,8
4.0,15.201500149992127,0.007356668198655809,8
4.1,15.770966837160353,0.007732298732659229,8
4.2,16.32331118719032,0.008101420627944717,8
4.3,16.90316992250479,0.008467351668500473,8
4.4,17.47449879882973,0.008846489061404225,8
4.5,18.06936735169212,0.009219128908757134,8
4.6,18.66328381745975,0.009680908208795632,8
4.7,19.23362024255486,0.010038883833333226,8
4.8,19.827489567779022,0.010431475210537245,8
4.9,20.41396508561096,0.010848233880610453,8
5.0,21.01181814336662,0.01123842230405784,8
5.1,21.613783461307055,0.01159647068514295,8
5.2,22.210058733899157,0.012044840570620458,8
5.3,22.818689863347373,0.01238109137209444,8
5.4,23.411916829593235,0.012787556460970453,8
5.5,24.02732946032084,0.01314858514782618,8
5.6,24.637903685880307,0.013528124436368756,8
5.7,25.25476183881154,0.013931823638559177,8
5.8,25.88319328258115,0.014360390267827572,8
5.9,26.51186695518589,0.014772842147111359,8
6.0,27.126667419450193,0.015197242440433627,8
6.1,27.756149059975304,0.015656860031049963,8
6.2,28.371064534512925,0.016189368673670462,8
6.3,29.00476161812958,0.016708601151623044,8
6.4,29.648616934357868,0.01723101550257548,8
6.5,30.273553517618566,0.017693560456202576,8
6.6,30.901501232036274,0.018227715757843536,8
6.7,31.556696767330624,0.018697844325579756,8
6.8,32.197765227546356,0.01920150058646459,8
6.9,32.82894654655605,0.01973848014773979,8
7.0,33.477591253132225,0.020230992365235748,8
7.1,34.114005193954156,0.020737268430921937,8
7.2,34.75816342545889,0.021155917670283894,8
7.3,35.42006123431258,0.02168603543328251,8
7.4,36.082704450730574,0.022155670100196433,8
7.5,36.7431742171463,0.022664287473144806,8
7.6,37.42424211692784,0.02323437609686234,8
7.7,38.104671546799196,0.023720255842602497,8
7.8,38.786344147216305,0.024201532546227405,8
7.9,39.43940146202494,0.024640891151829037,8
8.0,40.107323672895994,0.025130464525370717,8
8.1,40.78568905241078,0.02567556824098973,8
8.2,41.462563251886586,0.026160199973473408,8
8.3,42.1735156826903,0.02672418160984064,8
8.4,42.86716827968065,0.027272084956356718,8
8.5,43.55402959555144,0.027819971969246234,8
8.6,44.26188255043952,0.028396228572559978,8
8.7,44.941737512482156,0.029000899236715953,8
8.8,45.64849799588917,0.02964494753427588,8
8.9,46.32002522102808,0.030408789634263814,8
9.0,47.01606957846991,0.030975792363343874,8
9.1,47.72654010337436,0.031647877028037764,8
9.2,48.414600394666465,0.032233963248263456,8
9.3,49.11291160316679,0.03279481305896387,8
9.4,49.815928925745425,0.03333503782364278,8
9.5,50.50739724234499,0.03400097816912272,8
9.6,51.222602322074096,0.03453684406659036,8
9.7,51.926667653715334,0.03515722414144197,8
9.8,52.62398495456544,0.03570272564749693,8
9.9,53.33145500018535,0.03623586992845275,8
10.0,54.02653659364155,0.036743054844790395,8
10.1,54.70872752303147,0.03731379962111013,8
10.2,55.42415206223139,0.0378689919395647,8
10.3,56.14106667698387,0.03841524422568483,8
10.4,56.87860593069302,0.03895192322351649,8
10.5,57.595642435418746,0.03956280675322865,8
10.6,58.30425558119869,0.040198994544316274,8
10.7,59.00748407395119,0.040812081453870226,8
10.8,59.713881913260046,0.041431862251630966,8
10.9,60.40456713975057,0.0419112388325213,8
11.0,61.10474423482993,0.042435476754382015,8
11.1,61.82434570423387,0.04301754420390878,8
11.2,62.54189387567889,0.04361664505013211,8
11.3,63.24716210157799,0.04423297042861874,8
11.4,63.965729178829726,0.04481246246398012,8
11.5,64.7034561236861,0.045454789387446695,8
11.6,65.4133103415866,0.04607618203524622,8
11.7,66.14837075115075,0.046613073775255504,8
11.8,66.86722700760906,0.04727837643027495,8
11.9,67.59802383733114,0.047877002756009764,8
12.0,68.31386559060212,0.04851295973398156,8
12.1,69.07925812978974,0.04923312352526815,8
12.2,69.83183135493843,0.04998621759136192,8
12.3,70.58985762291556,0.05077845665310765,8
12.4,71.32121371004084,0.05152126782277327,8
12.5,72.0633616049839,0.05228836658348482,8
12.6,72.7946487896047,0.053009050540740635,8
12.7,73.5083082909371,0.05377996548401112,8
12.8,74.23659004824354,0.054511777386042355,8
12.9,74.95178203699808,0.05507726887767102,8
13.0,75.67009184129083,0.05566791090021062,8
13.1,76.40891473327808,0.05619761787160196,8
13.2,77.12924053526282,0.05691074652871724,8
13.3,77.85881173577944,0.0576550158329526,8
13.4,78.60322001581265,0.05833627837586472,8
13.5,79.362550067498,0.05906119841632216,8
13.6,80.1279911428598,0.05978280321647395,8
13.7,80.88611773749582,0.06059336381792559,8
13.8,81.62517065485298,0.06133230992401995,8
13.9,82.37195967658805,0.06203406677403627,8
14.0,83.1202892831262,0.06262056612059833,8
14.1,83.88229574317883,0.06343690787911337,8
14.2,84.61383408347767,0.06414776403626908,8
14.3,85.37568240914023,0.06479348580860474,8
14.4,86.13235183258021,0.06537650637082791,8
14.5,86.88881177793382,0.06615597240531607,8
14.6,87.63071949542373,0.06683122493135749,8
14.7,88.3905949454579,0.06753378478009837,8
14.8,89.15442642547552,0.06830985258215821,8
14.9,89.91269187437037,0.06888371209199247,8
15.0,90.68448482070286,0.0694703326143072,8
15.1,91.45210827121464,0.07023896599259034,8
15.2,92.22439501810136,0.07086088796127467,8
15.3,93.00346352463426,0.07157670430660495,8
15.4,93.80162450149675,0.07234060379104208,8
15.5,94.57577970446182,0.07304661905576512,8
15.6,95.34179745697784,0.07372992991670689,8
15.7,96.09582070132926,0.07451732226470795,8
15.8,96.84774342876163,0.07529783789232582,8
15.9,97.62548406582798,0.07592456798584858,8
16.0,98.43018406229469,0.07661433230275258,8
16.1,99.18116601675698,0.07727290740373931,8
16.2,99.9767865717472,0.07776512217051289,8
16.3,100.76703984607207,0.07851327488215865,8
16.4,101.56474636719618,0.07921283664915037,8
16.5,102.3402099123494,0.07999237830728614,8
16.6,103.11526918934142,0.08072178270147695,8
16.7,103.89975786193463,0.08146896555037088,8
16.8,104.6643939897527,0.08208028164479175,8
16.9,105.43827599451288,0.0826837394613016,8
17.0,106.22044855303585,0.0832936546487242,8
17.1,106.98083023469015,0.08399676066005604,8
17.2,107.76371231176743,0.08460706397856532,8
17.3,108.54576966166252,0.08522694492539001,8
17.4,109.33736487293858,0.08582682732073892,8
17.5,110.09211682838892,0.08650715376378344,8
17.6,110.87349503967317,0.08726700465240371,8
17.7,111.65330120021272,0.08794509379604312,8
17.8,112.46456900204518,0.08882001304952622,8
17.9,113.25485320202161,0.0895343202832411,8
18.0,114.0568878400005,0.09040973350623,8
18.1,114.83043574974177,0.0912102847957539,8
18.2,115.60872466209321,0.09208846016549718,8
18.3,116.379349384831,0.09283842881174827,8
18.4,117.15853573870127,0.09356038222614818,8
18.5,117.95521722898827,0.09426846061038552,8
18.6,118.73284733101306,0.09491403812959778,8
18.7,119.51868372826353,0.09568975630966914,8
18.8,120.2991964878399,0.09630341969481025,8
18.9,121.08132313373028,0.09709288767587838,8
19.0,121.88362051735443,0.09781449801075755,8
19.1,122.66736417978088,0.09870523442236527,8
19.2,123.45068064035182,0.09970551703903388,8
19.3,124.24127217383447,0.10055998256629599,8
19.4,125.02833696006886,0.10149893946503893,8
19.5,125.79205342023403,0.10235538585426736,8
19.6,126.57881860446912,0.10320802750451116,8
19.7,127.40027945891097,0.10397595555651404,8
19.8,128.22512287013066,0.10484701368139918,8
19.9,129.0305847644256,0.10558043645248069,8
20.0,129.83389853561164,0.10621621049734438,8
