"DiscreteTimes","Duration","Mean","Var","M","Alg"
0.0,10.0,0.27843066739868694,4.100638668398785e-5,1024,"Direct MC"
0.1,10.0,0.5271635424389295,7.135153033567353e-5,1024,"Direct MC"
0.2,10.0,0.7270190829307779,9.21005205427594e-5,1024,"Direct MC"
0.3,10.0,0.91795588116523,0.00011318394178933184,1024,"Direct MC"
0.4,10.0,1.1042744084416014,0.00013422654975529992,1024,"Direct MC"
0.5,10.0,1.2854016932106345,0.0001562949724430478,1024,"Direct MC"
0.6,10.0,1.4715995526952055,0.0001798327744447094,1024,"Direct MC"
0.7,10.0,1.662466397786373,0.0002024099498026608,1024,"Direct MC"
0.8,10.0,1.846251340283813,0.00022560012559777243,1024,"Direct MC"
0.9,10.0,2.0221672736105067,0.0002510665192012215,1024,"Direct MC"
1.0,10.0,2.211979606834207,0.00027863348382529057,1024,"Direct MC"
1.1,10.0,2.4032826837796115,0.00030354475676375013,1024,"Direct MC"
1.2,10.0,2.5947275667615664,0.0003278334846792387,1024,"Direct MC"
1.3,10.0,2.7909321570799692,0.00035189603938410045,1024,"Direct MC"
1.4,10.0,2.976611886502269,0.00037733428686247285,1024,"Direct MC"
1.5,10.0,3.166897217068376,0.0004014581595385275,1024,"Direct MC"
1.6,10.0,3.362605522482608,0.00043091172102002295,1024,"Direct MC"
1.7,10.0,3.551621999264923,0.00045628416795819417,1024,"Direct MC"
1.8,10.0,3.7439609372981155,0.00048797102187309217,1024,"Direct MC"
1.9,10.0,3.943917173167862,0.0005226441782410835,1024,"Direct MC"
2.0,10.0,4.154153948487789,0.0005549999773254738,1024,"Direct MC"
2.1,10.0,4.362060954081466,0.000588303627897225,1024,"Direct MC"
2.2,10.0,4.564443844187903,0.0006225345436774404,1024,"Direct MC"
2.3,10.0,4.774928426081286,0.0006657499338201081,1024,"Direct MC"
2.4,10.0,4.987163202501602,0.0007069216940323716,1024,"Direct MC"
2.5,10.0,5.205840985282748,0.0007458231790674174,1024,"Direct MC"
2.6,10.0,5.416379050031211,0.000786808316405,1024,"Direct MC"
2.7,10.0,5.63168870304723,0.0008299850031312397,1024,"Direct MC"
2.8,10.0,5.850860793101068,0.0008790613370987391,1024,"Direct MC"
2.9,10.0,6.0753889615745695,0.0009183714484791038,1024,"Direct MC"
3.0,10.0,6.304445645198457,0.0009656948402120288,1024,"Direct MC"
3.1,10.0,6.5414394844083,0.0010174187414358849,1024,"Direct MC"
3.2,10.0,6.777074213446126,0.0010708710688216586,1024,"Direct MC"
3.3,10.0,7.029739164069473,0.0011210197542480867,1024,"Direct MC"
3.4,10.0,7.2682107329475345,0.0011677864544146525,1024,"Direct MC"
3.5,10.0,7.521418685203284,0.0012174178486737723,1024,"Direct MC"
3.6,10.0,7.7673350890892285,0.0012750955232324562,1024,"Direct MC"
3.7,10.0,8.022281448620147,0.0013337376586670772,1024,"Direct MC"
3.8,10.0,8.29111466608837,0.0013944579406259074,1024,"Direct MC"
3.9,10.0,8.55457209255435,0.001452571362431858,1024,"Direct MC"
4.0,10.0,8.821577970158454,0.0015166967441467213,1024,"Direct MC"
4.1,10.0,9.09140231468703,0.0015824919750275649,1024,"Direct MC"
4.2,10.0,9.362988698390483,0.0016483069134849131,1024,"Direct MC"
4.3,10.0,9.637370698848748,0.0017105892800261457,1024,"Direct MC"
4.4,10.0,9.911911692360928,0.0017757787722847667,1024,"Direct MC"
4.5,10.0,10.201079610006252,0.0018500629382678295,1024,"Direct MC"
4.6,10.0,10.488213565668705,0.00191974884714873,1024,"Direct MC"
4.7,10.0,10.775676661657387,0.0019849183824918117,1024,"Direct MC"
4.8,10.0,11.079443559567833,0.0020692538828225265,1024,"Direct MC"
4.9,10.0,11.37995647152052,0.002142328779578055,1024,"Direct MC"
5.0,10.0,11.676727722804982,0.002207176375868541,1024,"Direct MC"
5.1,10.0,11.980566206841438,0.002266550562829325,1024,"Direct MC"
5.2,10.0,12.293102527638391,0.002345476678433035,1024,"Direct MC"
5.3,10.0,12.593977995756633,0.0024284173822254657,1024,"Direct MC"
5.4,10.0,12.906791851142625,0.0025040700178979324,1024,"Direct MC"
5.5,10.0,13.203067395371416,0.0025923510662196974,1024,"Direct MC"
5.6,10.0,13.531951940132853,0.0026754664701453897,1024,"Direct MC"
5.7,10.0,13.84207232552497,0.002750729174414242,1024,"Direct MC"
5.8,10.0,14.162402881842645,0.002852873727945979,1024,"Direct MC"
5.9,10.0,14.494039761661472,0.0029474356071371977,1024,"Direct MC"
6.0,10.0,14.839011346630258,0.003037308533166927,1024,"Direct MC"
6.1,10.0,15.166274686318024,0.0031364717025783536,1024,"Direct MC"
6.2,10.0,15.487763741972387,0.0032216569683684282,1024,"Direct MC"
6.3,10.0,15.813306525949013,0.0033157368301229887,1024,"Direct MC"
6.4,10.0,16.145368691000126,0.0034183737077234824,1024,"Direct MC"
6.5,10.0,16.493322409808727,0.0035159199302033663,1024,"Direct MC"
6.6,10.0,16.848888537651195,0.0036207601899598727,1024,"Direct MC"
6.7,10.0,17.203668932757903,0.003715256373916863,1024,"Direct MC"
6.8,10.0,17.555828335339775,0.003826237909344357,1024,"Direct MC"
6.9,10.0,17.911065139001476,0.003930701860072663,1024,"Direct MC"
7.0,10.0,18.271782180354105,0.004040430404065073,1024,"Direct MC"
7.1,10.0,18.627766070245826,0.004156265478191665,1024,"Direct MC"
7.2,10.0,18.995378231489422,0.004263334555924783,1024,"Direct MC"
7.3,10.0,19.35423000336228,0.004366558145015023,1024,"Direct MC"
7.4,10.0,19.723304652280508,0.004497698992852941,1024,"Direct MC"
7.5,10.0,20.104081727463978,0.0046299419652683135,1024,"Direct MC"
7.6,10.0,20.46704090634347,0.004753036680173265,1024,"Direct MC"
7.7,10.0,20.852830079942343,0.004883684562377994,1024,"Direct MC"
7.8,10.0,21.242510902722557,0.005009613828806433,1024,"Direct MC"
7.9,10.0,21.607953369200374,0.0051212960087537295,1024,"Direct MC"
8.0,10.0,21.99583814213875,0.005266231801933515,1024,"Direct MC"
8.1,10.0,22.384272343596496,0.005373764969578003,1024,"Direct MC"
8.2,10.0,22.785610137477256,0.005504527442108885,1024,"Direct MC"
8.3,10.0,23.182341555168097,0.005590262918090933,1024,"Direct MC"
8.4,10.0,23.558559671549716,0.005705026627987444,1024,"Direct MC"
8.5,10.0,23.969467995720564,0.005810083634791494,1024,"Direct MC"
8.6,10.0,24.375696715998977,0.005924462972785351,1024,"Direct MC"
8.7,10.0,24.79071364549768,0.00604519140013795,1024,"Direct MC"
8.8,10.0,25.21251276883008,0.006164554646217733,1024,"Direct MC"
8.9,10.0,25.61973056736562,0.006313373011276914,1024,"Direct MC"
9.0,10.0,26.029260804252228,0.006450751098191199,1024,"Direct MC"
9.1,10.0,26.446529030658677,0.006574298992536864,1024,"Direct MC"
9.2,10.0,26.88143155604026,0.006719346792379053,1024,"Direct MC"
9.3,10.0,27.31087979208695,0.00685116309232492,1024,"Direct MC"
9.4,10.0,27.70587956466231,0.006981969176042859,1024,"Direct MC"
9.5,10.0,28.116395438816376,0.007113042708298384,1024,"Direct MC"
9.6,10.0,28.546653549006137,0.007265512944124897,1024,"Direct MC"
9.7,10.0,28.97943896412977,0.00739354042897101,1024,"Direct MC"
9.8,10.0,29.42274328671545,0.007534072489918858,1024,"Direct MC"
9.9,10.0,29.862646097142388,0.0076715839031203815,1024,"Direct MC"
10.0,10.0,30.303249403197277,0.0078051683951276445,1024,"Direct MC"
0.0,10.0,0.26931698039905155,4.0682679360103256e-5,128,"Direct MC"
0.1,10.0,0.5140611933799779,6.855308545333548e-5,128,"Direct MC"
0.2,10.0,0.728555114088696,9.268105219266816e-5,128,"Direct MC"
0.3,10.0,0.9207640417656159,0.00011972943615685516,128,"Direct MC"
0.4,10.0,1.123828835039177,0.00014477179069860924,128,"Direct MC"
0.5,10.0,1.3134902872552812,0.00017332221687332722,128,"Direct MC"
0.6,10.0,1.4998825440941421,0.00020111726606169032,128,"Direct MC"
0.7,10.0,1.7003059667405978,0.00023361548395845402,128,"Direct MC"
0.8,10.0,1.8903188338164725,0.0002681711427481985,128,"Direct MC"
0.9,10.0,2.096261754856932,0.00029855030630156107,128,"Direct MC"
1.0,10.0,2.2952866726672934,0.0003385407365336583,128,"Direct MC"
1.1,10.0,2.4942698877054297,0.0003747985149714812,128,"Direct MC"
1.2,10.0,2.707366604916801,0.00040857438939802406,128,"Direct MC"
1.3,10.0,2.9176882893401306,0.00044888582923889765,128,"Direct MC"
1.4,10.0,3.139294305676561,0.0004882445986810931,128,"Direct MC"
1.5,10.0,3.3666874194331,0.0005328233861627646,128,"Direct MC"
1.6,10.0,3.5878939536079204,0.0005777546476368104,128,"Direct MC"
1.7,10.0,3.8333718976264457,0.0006321770466882784,128,"Direct MC"
1.8,10.0,4.06302360841041,0.000675583791492371,128,"Direct MC"
1.9,10.0,4.297058383168943,0.0007268076933337549,128,"Direct MC"
2.0,10.0,4.545623054087774,0.0007799925479958537,128,"Direct MC"
2.1,10.0,4.802281454829077,0.0008287846724780198,128,"Direct MC"
2.2,10.0,5.0650805030101855,0.0008949795540592892,128,"Direct MC"
2.3,10.0,5.323630000731287,0.0009620665134833366,128,"Direct MC"
2.4,10.0,5.589682964185571,0.001034193262836166,128,"Direct MC"
2.5,10.0,5.858826308672965,0.001101762663444493,128,"Direct MC"
2.6,10.0,6.136198857944923,0.0011654006896105263,128,"Direct MC"
2.7,10.0,6.4059530022202615,0.0012406897116921706,128,"Direct MC"
2.8,10.0,6.6969676916404195,0.001319986304623134,128,"Direct MC"
2.9,10.0,6.984688410309884,0.001387522699105923,128,"Direct MC"
3.0,10.0,7.292607067608912,0.0014642030891966738,128,"Direct MC"
3.1,10.0,7.609327116212793,0.0015446900044766819,128,"Direct MC"
3.2,10.0,7.926160201600334,0.001634789015974008,128,"Direct MC"
3.3,10.0,8.232384999160766,0.0017341193195148023,128,"Direct MC"
3.4,10.0,8.570631884547641,0.0018401716692809963,128,"Direct MC"
3.5,10.0,8.901370613998395,0.0019463608124731554,128,"Direct MC"
3.6,10.0,9.223185744331667,0.002032775832285813,128,"Direct MC"
3.7,10.0,9.549029488917997,0.002127489705394564,128,"Direct MC"
3.8,10.0,9.889413111069281,0.0022294220567066585,128,"Direct MC"
3.9,10.0,10.23573171013008,0.0023366494173001316,128,"Direct MC"
4.0,10.0,10.576850051570066,0.002434848195210385,128,"Direct MC"
4.1,10.0,10.940688562667182,0.002542975630415559,128,"Direct MC"
4.2,10.0,11.297645237628894,0.0026577873218743245,128,"Direct MC"
4.3,10.0,11.668101245265518,0.0027681261627287707,128,"Direct MC"
4.4,10.0,12.03884858138086,0.0028986034048494947,128,"Direct MC"
4.5,10.0,12.40456501433013,0.0030196873068495758,128,"Direct MC"
4.6,10.0,12.762735981325818,0.003168178296570121,128,"Direct MC"
4.7,10.0,13.140342338543467,0.0032949358307343616,128,"Direct MC"
4.8,10.0,13.530866629662889,0.0034272436439669917,128,"Direct MC"
4.9,10.0,13.906028582438513,0.0035743642248017467,128,"Direct MC"
5.0,10.0,14.286173055375519,0.0037123009221864643,128,"Direct MC"
5.1,10.0,14.660793293902772,0.003887913254482881,128,"Direct MC"
5.2,10.0,15.058404939276697,0.004027337976423118,128,"Direct MC"
5.3,10.0,15.458572148744613,0.00418273087496566,128,"Direct MC"
5.4,10.0,15.862124795769505,0.004352791035286217,128,"Direct MC"
5.5,10.0,16.271452290263824,0.004508302799303262,128,"Direct MC"
5.6,10.0,16.68377248222484,0.004668722141625318,128,"Direct MC"
5.7,10.0,17.090175432275416,0.004829265404339419,128,"Direct MC"
5.8,10.0,17.510866547175652,0.0049873953781580565,128,"Direct MC"
5.9,10.0,17.93968249926987,0.005138947061124091,128,"Direct MC"
6.0,10.0,18.358614212373983,0.005292117994701912,128,"Direct MC"
6.1,10.0,18.780868365526317,0.00542394766830094,128,"Direct MC"
6.2,10.0,19.220945371916784,0.005587306859243817,128,"Direct MC"
6.3,10.0,19.64822157008762,0.005762183091588376,128,"Direct MC"
6.4,10.0,20.09551820835443,0.005951364052028296,128,"Direct MC"
6.5,10.0,20.529007470760988,0.006139143807698497,128,"Direct MC"
6.6,10.0,20.972348049622255,0.006342021076228951,128,"Direct MC"
6.7,10.0,21.413371541309704,0.006536757644338752,128,"Direct MC"
6.8,10.0,21.861386370262572,0.006687770143096384,128,"Direct MC"
6.9,10.0,22.32291937510365,0.006871938735330026,128,"Direct MC"
7.0,10.0,22.784795436306176,0.007130120930688888,128,"Direct MC"
7.1,10.0,23.242012670417335,0.007295276348386281,128,"Direct MC"
7.2,10.0,23.714715345941343,0.00751780432624208,128,"Direct MC"
7.3,10.0,24.204827508528112,0.007717575665602814,128,"Direct MC"
7.4,10.0,24.670119702806,0.007912211226640506,128,"Direct MC"
7.5,10.0,25.14811739706057,0.008107806981613635,128,"Direct MC"
7.6,10.0,25.62059431396219,0.008347539527866044,128,"Direct MC"
7.7,10.0,26.107474966433582,0.00853181309756614,128,"Direct MC"
7.8,10.0,26.594492592353152,0.008715114405444212,128,"Direct MC"
7.9,10.0,27.062972387363704,0.008893934605601011,128,"Direct MC"
8.0,10.0,27.528852219732897,0.009102134825721595,128,"Direct MC"
8.1,10.0,28.004488668324054,0.009307930921815876,128,"Direct MC"
8.2,10.0,28.482130020743494,0.009511601880900607,128,"Direct MC"
8.3,10.0,28.980408659650315,0.009744296015896794,128,"Direct MC"
8.4,10.0,29.475647002306125,0.009943721389473323,128,"Direct MC"
8.5,10.0,29.963151485161774,0.010160549738963895,128,"Direct MC"
8.6,10.0,30.459680371495033,0.010361956308559735,128,"Direct MC"
8.7,10.0,30.958445773403522,0.010600481847829149,128,"Direct MC"
8.8,10.0,31.455211652150645,0.010803233284015692,128,"Direct MC"
8.9,10.0,31.94760855042244,0.011055129533816007,128,"Direct MC"
9.0,10.0,32.449029097177785,0.01128219420716313,128,"Direct MC"
9.1,10.0,32.96127048840953,0.011465447109350166,128,"Direct MC"
9.2,10.0,33.468311376154794,0.011664940218515964,128,"Direct MC"
9.3,10.0,34.00285303494588,0.011862541804589323,128,"Direct MC"
9.4,10.0,34.53087251610653,0.012062323845655214,128,"Direct MC"
9.5,10.0,35.05158985448182,0.012272847539170783,128,"Direct MC"
9.6,10.0,35.57643826022765,0.012498219762948291,128,"Direct MC"
9.7,10.0,36.09486709902674,0.012746767289576593,128,"Direct MC"
9.8,10.0,36.611756194391496,0.012950512246220026,128,"Direct MC"
9.9,10.0,37.1399599664094,0.013189227628133597,128,"Direct MC"
10.0,10.0,37.66566715001644,0.013436919602899274,128,"Direct MC"
0.0,10.0,0.25773713891554423,4.298248528689121e-5,4096,"Direct MC"
0.1,10.0,0.5021697834010945,6.911567434089205e-5,4096,"Direct MC"
0.2,10.0,0.7059721225059575,9.009981946601118e-5,4096,"Direct MC"
0.3,10.0,0.9058317267440325,0.00010877135397024463,4096,"Direct MC"
0.4,10.0,1.0892173406166046,0.00013275218431857546,4096,"Direct MC"
0.5,10.0,1.2556991629616336,0.00015580637248219865,4096,"Direct MC"
0.6,10.0,1.4299179994768008,0.00017639476300754838,4096,"Direct MC"
0.7,10.0,1.6144406084359784,0.00019527849231749838,4096,"Direct MC"
0.8,10.0,1.78610418984818,0.00021651568852295688,4096,"Direct MC"
0.9,10.0,1.97193876144512,0.0002380152247035611,4096,"Direct MC"
1.0,10.0,2.1532107680557537,0.00026126573945972414,4096,"Direct MC"
1.1,10.0,2.332358977749381,0.0002834292232166613,4096,"Direct MC"
1.2,10.0,2.511888675287812,0.00030701051289938787,4096,"Direct MC"
1.3,10.0,2.694025170185149,0.0003313904314220429,4096,"Direct MC"
1.4,10.0,2.879575373699101,0.00035569687759986134,4096,"Direct MC"
1.5,10.0,3.059781705982463,0.00038141134954347393,4096,"Direct MC"
1.6,10.0,3.2337583934372414,0.0004101369433257678,4096,"Direct MC"
1.7,10.0,3.413844598637876,0.00043497870389281007,4096,"Direct MC"
1.8,10.0,3.597263336487121,0.00046056746764501445,4096,"Direct MC"
1.9,10.0,3.7750716762390613,0.0004847832216825678,4096,"Direct MC"
2.0,10.0,3.9565894620296436,0.0005165876303797469,4096,"Direct MC"
2.1,10.0,4.15025290386947,0.0005363887644923138,4096,"Direct MC"
2.2,10.0,4.326621228914566,0.0005690006542849019,4096,"Direct MC"
2.3,10.0,4.515332848241429,0.0005953988173641946,4096,"Direct MC"
2.4,10.0,4.695362671263614,0.0006252024605035714,4096,"Direct MC"
2.5,10.0,4.895039409523742,0.0006562109599575674,4096,"Direct MC"
2.6,10.0,5.0959815736434,0.0006907644423613246,4096,"Direct MC"
2.7,10.0,5.285559809554804,0.0007219897357366416,4096,"Direct MC"
2.8,10.0,5.478422054922336,0.0007532851027753141,4096,"Direct MC"
2.9,10.0,5.686382120130108,0.0007838591426087813,4096,"Direct MC"
3.0,10.0,5.885802311776928,0.0008185052933435727,4096,"Direct MC"
3.1,10.0,6.092897114358395,0.0008608694228605582,4096,"Direct MC"
3.2,10.0,6.299480128259465,0.000894156739808741,4096,"Direct MC"
3.3,10.0,6.505428433280503,0.0009257304003196191,4096,"Direct MC"
3.4,10.0,6.726088897704333,0.0009707029043468113,4096,"Direct MC"
3.5,10.0,6.930490469889317,0.0010095893986359961,4096,"Direct MC"
3.6,10.0,7.149318900678606,0.0010426115766007126,4096,"Direct MC"
3.7,10.0,7.382793700172855,0.001090787471640505,4096,"Direct MC"
3.8,10.0,7.610332209273594,0.0011230617634194148,4096,"Direct MC"
3.9,10.0,7.8425404767987175,0.0011628300641647203,4096,"Direct MC"
4.0,10.0,8.051904270523828,0.0012120460775238424,4096,"Direct MC"
4.1,10.0,8.272598205752665,0.0012514253951032355,4096,"Direct MC"
4.2,10.0,8.515575942742258,0.0012896916548834742,4096,"Direct MC"
4.3,10.0,8.763698252405444,0.0013361650010940513,4096,"Direct MC"
4.4,10.0,9.005792148139378,0.001377745173162677,4096,"Direct MC"
4.5,10.0,9.268655888874632,0.001422788235923294,4096,"Direct MC"
4.6,10.0,9.522984528126669,0.0014774319042865462,4096,"Direct MC"
4.7,10.0,9.777621497447484,0.00152958215384368,4096,"Direct MC"
4.8,10.0,10.033116731377932,0.0015839772126241384,4096,"Direct MC"
4.9,10.0,10.282434219633151,0.0016348565454616226,4096,"Direct MC"
5.0,10.0,10.539715030992904,0.001685464194029257,4096,"Direct MC"
5.1,10.0,10.78777341397892,0.0017396593758466387,4096,"Direct MC"
5.2,10.0,11.05838124337483,0.0017956974502546664,4096,"Direct MC"
5.3,10.0,11.326049829232874,0.0018523729714827863,4096,"Direct MC"
5.4,10.0,11.602971713590115,0.00191594140175565,4096,"Direct MC"
5.5,10.0,11.876478100879535,0.001969921529968717,4096,"Direct MC"
5.6,10.0,12.15188696164558,0.0020305099185661947,4096,"Direct MC"
5.7,10.0,12.431250169701418,0.0021031874859307564,4096,"Direct MC"
5.8,10.0,12.708265021948092,0.0021607036234305645,4096,"Direct MC"
5.9,10.0,12.992212040054525,0.0022303492286830265,4096,"Direct MC"
6.0,10.0,13.272553350945637,0.0022774147377590025,4096,"Direct MC"
6.1,10.0,13.564640081203514,0.002330387826481927,4096,"Direct MC"
6.2,10.0,13.86904040757367,0.0024118888912186436,4096,"Direct MC"
6.3,10.0,14.158236193074993,0.002474260914616182,4096,"Direct MC"
6.4,10.0,14.455024798321666,0.002532937402972403,4096,"Direct MC"
6.5,10.0,14.744357214523916,0.002597769933668101,4096,"Direct MC"
6.6,10.0,15.05304547499728,0.0026765834702150043,4096,"Direct MC"
6.7,10.0,15.354983434150983,0.002739076864584958,4096,"Direct MC"
6.8,10.0,15.678225448699616,0.0028202364883779343,4096,"Direct MC"
6.9,10.0,16.00048866216911,0.002888229820698104,4096,"Direct MC"
7.0,10.0,16.315619177927445,0.002958954547794554,4096,"Direct MC"
7.1,10.0,16.628963897647427,0.003013130327348515,4096,"Direct MC"
7.2,10.0,16.940891438029066,0.003098827875918927,4096,"Direct MC"
7.3,10.0,17.279831850877994,0.003188018094645913,4096,"Direct MC"
7.4,10.0,17.609880533289328,0.0032719393882401013,4096,"Direct MC"
7.5,10.0,17.928227515547107,0.0033495216883174792,4096,"Direct MC"
7.6,10.0,18.266501015754045,0.0034336372007576182,4096,"Direct MC"
7.7,10.0,18.600537545016415,0.003537902380600693,4096,"Direct MC"
7.8,10.0,18.923069029304326,0.003626399623622305,4096,"Direct MC"
7.9,10.0,19.26294556744345,0.0037184337863563365,4096,"Direct MC"
8.0,10.0,19.60679708428906,0.003805026627582933,4096,"Direct MC"
8.1,10.0,19.949697171886328,0.003889264125837344,4096,"Direct MC"
8.2,10.0,20.302479870435835,0.003971738223785137,4096,"Direct MC"
8.3,10.0,20.651172501735996,0.004072621322337239,4096,"Direct MC"
8.4,10.0,20.99521277807369,0.004171407326947037,4096,"Direct MC"
8.5,10.0,21.335608947406804,0.004260882375931963,4096,"Direct MC"
8.6,10.0,21.686449880997824,0.004357413665926171,4096,"Direct MC"
8.7,10.0,22.04815848888018,0.004456748786041461,4096,"Direct MC"
8.8,10.0,22.406487792106212,0.004553011452589403,4096,"Direct MC"
8.9,10.0,22.7623537176335,0.004644090968261066,4096,"Direct MC"
9.0,10.0,23.112555550828414,0.004742498953466566,4096,"Direct MC"
9.1,10.0,23.454896074333597,0.004847493932590867,4096,"Direct MC"
9.2,10.0,23.820828509085963,0.004961000876393473,4096,"Direct MC"
9.3,10.0,24.18419123195314,0.0050768134496488255,4096,"Direct MC"
9.4,10.0,24.550180622037132,0.00518574578025998,4096,"Direct MC"
9.5,10.0,24.918666722942884,0.005294972142209227,4096,"Direct MC"
9.6,10.0,25.2767678943075,0.0053885764343266866,4096,"Direct MC"
9.7,10.0,25.63959908558451,0.005500783972050474,4096,"Direct MC"
9.8,10.0,26.023711505377495,0.005633636398494233,4096,"Direct MC"
9.9,10.0,26.39739928868321,0.005763904991510899,4096,"Direct MC"
10.0,10.0,26.772069587585445,0.00588781868349259,4096,"Direct MC"
0.0,10.0,0.2561636441957821,3.99092123823576e-5,128,"SMC"
0.1,10.0,0.49665291304869935,6.691702132534821e-5,128,"SMC"
0.2,10.0,0.7030347176815547,8.994579563765112e-5,128,"SMC"
0.3,10.0,0.8980717781396593,0.00011498883280144023,128,"SMC"
0.4,10.0,1.0856517771732892,0.00013830240269141077,128,"SMC"
0.5,10.0,1.2667427727531346,0.00015823481996469384,128,"SMC"
0.6,10.0,1.4587117503214277,0.00017604957933210205,128,"SMC"
0.7,10.0,1.6361167760141335,0.000200196123930084,128,"SMC"
0.8,10.0,1.814597842733156,0.00022460048546972663,128,"SMC"
0.9,10.0,2.004974074355314,0.0002480284723192283,128,"SMC"
1.0,10.0,2.1801911200554813,0.00027388149092767884,128,"SMC"
1.1,10.0,2.355301492010014,0.00029813269829235693,128,"SMC"
1.2,10.0,2.5353232609849097,0.00032038181384565835,128,"SMC"
1.3,10.0,2.72163931049978,0.0003419123419972831,128,"SMC"
1.4,10.0,2.897734064596133,0.00036888631224099664,128,"SMC"
1.5,10.0,3.0767796167364008,0.0003936806138735553,128,"SMC"
1.6,10.0,3.261067237106999,0.0004151117871820792,128,"SMC"
1.7,10.0,3.4519193400664174,0.00043352162485725846,128,"SMC"
1.8,10.0,3.634586392662897,0.00045587111084394015,128,"SMC"
1.9,10.0,3.8149977918490228,0.000478351899570817,128,"SMC"
2.0,10.0,3.997619565086885,0.000504657115273681,128,"SMC"
2.1,10.0,4.185891576863984,0.000528637905960433,128,"SMC"
2.2,10.0,4.367118683106898,0.0005540918632556045,128,"SMC"
2.3,10.0,4.549423980110599,0.0005783286357986733,128,"SMC"
2.4,10.0,4.729507205107596,0.0006072363026213267,128,"SMC"
2.5,10.0,4.917297836442032,0.0006255616083140844,128,"SMC"
2.6,10.0,5.100215447845389,0.0006418128591402755,128,"SMC"
2.7,10.0,5.288898319971269,0.0006657593546932938,128,"SMC"
2.8,10.0,5.475182357127295,0.0006872348208738472,128,"SMC"
2.9,10.0,5.657714833834422,0.0007061364086836831,128,"SMC"
3.0,10.0,5.840395573260636,0.0007323269741633029,128,"SMC"
3.1,10.0,6.029453745707606,0.0007578901708534254,128,"SMC"
3.2,10.0,6.208737949321374,0.0007821545805927316,128,"SMC"
3.3,10.0,6.39209846995403,0.0008026101204808493,128,"SMC"
3.4,10.0,6.576284430083886,0.0008268808508957374,128,"SMC"
3.5,10.0,6.771070958201049,0.0008569616945776255,128,"SMC"
3.6,10.0,6.958678568409156,0.0008778400344211289,128,"SMC"
3.7,10.0,7.152800165212576,0.0008967822225407423,128,"SMC"
3.8,10.0,7.337678358691733,0.0009206338084744042,128,"SMC"
3.9,10.0,7.518443433459209,0.0009405762533838695,128,"SMC"
4.0,10.0,7.707635435470988,0.0009633093538327254,128,"SMC"
4.1,10.0,7.88065085753043,0.0009846066740646184,128,"SMC"
4.2,10.0,8.063690378732105,0.0010075422485420723,128,"SMC"
4.3,10.0,8.243910358400429,0.0010292817011836844,128,"SMC"
4.4,10.0,8.433961855306997,0.0010498638026248401,128,"SMC"
4.5,10.0,8.62005956626365,0.0010704304659459743,128,"SMC"
4.6,10.0,8.798710808245836,0.0010887331956634686,128,"SMC"
4.7,10.0,8.979032122812384,0.0011116453003166282,128,"SMC"
4.8,10.0,9.16375906392961,0.0011334993330752174,128,"SMC"
4.9,10.0,9.347150599857201,0.0011621147120230047,128,"SMC"
5.0,10.0,9.523285983012352,0.0011858746560269424,128,"SMC"
5.1,10.0,9.716682516416542,0.0012078208234432676,128,"SMC"
5.2,10.0,9.891342265354957,0.0012234941238867694,128,"SMC"
5.3,10.0,10.073049440790587,0.0012479082518515787,128,"SMC"
5.4,10.0,10.2389012780627,0.0012750396002987733,128,"SMC"
5.5,10.0,10.419097474468233,0.0012919270257493057,128,"SMC"
5.6,10.0,10.594196956536322,0.0013186591357216676,128,"SMC"
5.7,10.0,10.786357155215594,0.0013348150510003876,128,"SMC"
5.8,10.0,10.969522296841907,0.0013598296437415881,128,"SMC"
5.9,10.0,11.15053284795079,0.001386679830377736,128,"SMC"
6.0,10.0,11.335618444622783,0.001407194479785683,128,"SMC"
6.1,10.0,11.520218771037914,0.0014265310079292495,128,"SMC"
6.2,10.0,11.696018470322722,0.0014429888125005283,128,"SMC"
6.3,10.0,11.877197900580617,0.0014596334090557312,128,"SMC"
6.4,10.0,12.053589475923479,0.0014852629232846937,128,"SMC"
6.5,10.0,12.244585284213343,0.0015023636145997806,128,"SMC"
6.6,10.0,12.429551443449455,0.0015172220406070524,128,"SMC"
6.7,10.0,12.606524254185667,0.0015448937691422912,128,"SMC"
6.8,10.0,12.797668728972477,0.0015706494577734666,128,"SMC"
6.9,10.0,12.983609899673233,0.0015935947514708986,128,"SMC"
7.0,10.0,13.175060694112762,0.0016136648170102155,128,"SMC"
7.1,10.0,13.347905724115346,0.0016385586451922488,128,"SMC"
7.2,10.0,13.540396603825577,0.0016588614204147022,128,"SMC"
7.3,10.0,13.728104706205817,0.0016803565501662763,128,"SMC"
7.4,10.0,13.909402269397019,0.0017007688014896026,128,"SMC"
7.5,10.0,14.084394942174544,0.001714023937385967,128,"SMC"
7.6,10.0,14.2675643986657,0.0017325623257406224,128,"SMC"
7.7,10.0,14.450258631371783,0.001750924457679265,128,"SMC"
7.8,10.0,14.628258706101944,0.001770487920000949,128,"SMC"
7.9,10.0,14.808026158209355,0.0017917034928331026,128,"SMC"
8.0,10.0,14.987462038020091,0.0018147244960952445,128,"SMC"
8.1,10.0,15.16439223097688,0.0018384554060635406,128,"SMC"
8.2,10.0,15.353513374957856,0.00186075322943451,128,"SMC"
8.3,10.0,15.540968345984407,0.0018895392240173372,128,"SMC"
8.4,10.0,15.718601369819321,0.0019068272843940153,128,"SMC"
8.5,10.0,15.895956754422109,0.001926535770262604,128,"SMC"
8.6,10.0,16.081981671987982,0.0019531482612219174,128,"SMC"
8.7,10.0,16.2664509582734,0.001974012285750955,128,"SMC"
8.8,10.0,16.462429638114752,0.0019933266629044008,128,"SMC"
8.9,10.0,16.64975260685516,0.0020231757110179297,128,"SMC"
9.0,10.0,16.830267232994792,0.0020429795557473005,128,"SMC"
9.1,10.0,17.016926047489168,0.002064608744424067,128,"SMC"
9.2,10.0,17.19489954321346,0.0020858024385300065,128,"SMC"
9.3,10.0,17.37882361356331,0.0021203099702458423,128,"SMC"
9.4,10.0,17.566220777509404,0.002141766506957479,128,"SMC"
9.5,10.0,17.743412357148305,0.0021637631927449094,128,"SMC"
9.6,10.0,17.928953116514528,0.002187922630550024,128,"SMC"
9.7,10.0,18.113617668199815,0.0021977424848591896,128,"SMC"
9.8,10.0,18.297452852527805,0.002213285832123821,128,"SMC"
9.9,10.0,18.485328143183487,0.002244526281292181,128,"SMC"
10.0,10.0,18.664745601998497,0.002266429038068033,128,"SMC"
0.0,10.0,0.36044123876158946,NaN,1024,"TI"
0.1,10.0,0.6428725760406625,NaN,1024,"TI"
0.2,10.0,0.8796782104488455,NaN,1024,"TI"
0.3,10.0,1.1041925405438824,NaN,1024,"TI"
0.4,10.0,1.325199365216614,NaN,1024,"TI"
0.5,10.0,1.549251396215046,NaN,1024,"TI"
0.6,10.0,1.7675656106442048,NaN,1024,"TI"
0.7,10.0,1.9878650990867963,NaN,1024,"TI"
0.8,10.0,2.2002802676441937,NaN,1024,"TI"
0.9,10.0,2.425363692053622,NaN,1024,"TI"
1.0,10.0,2.6523123393806483,NaN,1024,"TI"
1.1,10.0,2.87839789958912,NaN,1024,"TI"
1.2,10.0,3.1066148823166513,NaN,1024,"TI"
1.3,10.0,3.3355621617795563,NaN,1024,"TI"
1.4,10.0,3.571131437266229,NaN,1024,"TI"
1.5,10.0,3.790724030854119,NaN,1024,"TI"
1.6,10.0,4.0325156383978795,NaN,1024,"TI"
1.7,10.0,4.273133890817928,NaN,1024,"TI"
1.8,10.0,4.501919272642986,NaN,1024,"TI"
1.9,10.0,4.743981822738085,NaN,1024,"TI"
2.0,10.0,4.999522076206823,NaN,1024,"TI"
2.1,10.0,5.232330365809275,NaN,1024,"TI"
2.2,10.0,5.486475619743238,NaN,1024,"TI"
2.3,10.0,5.740167438926017,NaN,1024,"TI"
2.4,10.0,5.9802345367958445,NaN,1024,"TI"
2.5,10.0,6.219199141666514,NaN,1024,"TI"
2.6,10.0,6.474449571229568,NaN,1024,"TI"
2.7,10.0,6.7304186890491655,NaN,1024,"TI"
2.8,10.0,6.984567160118435,NaN,1024,"TI"
2.9,10.0,7.2373486152844055,NaN,1024,"TI"
3.0,10.0,7.503930944048964,NaN,1024,"TI"
3.1,10.0,7.7499087749059505,NaN,1024,"TI"
3.2,10.0,8.008152902351972,NaN,1024,"TI"
3.3,10.0,8.272773226086125,NaN,1024,"TI"
3.4,10.0,8.540191312718274,NaN,1024,"TI"
3.5,10.0,8.809507110391845,NaN,1024,"TI"
3.6,10.0,9.074826514700195,NaN,1024,"TI"
3.7,10.0,9.344476469497115,NaN,1024,"TI"
3.8,10.0,9.616794572099186,NaN,1024,"TI"
3.9,10.0,9.884850365525574,NaN,1024,"TI"
4.0,10.0,10.166224996000995,NaN,1024,"TI"
4.1,10.0,10.451067007761287,NaN,1024,"TI"
4.2,10.0,10.723861541923476,NaN,1024,"TI"
4.3,10.0,10.992531448666758,NaN,1024,"TI"
4.4,10.0,11.28491619915,NaN,1024,"TI"
4.5,10.0,11.561466636243644,NaN,1024,"TI"
4.6,10.0,11.835520183605945,NaN,1024,"TI"
4.7,10.0,12.104423080624159,NaN,1024,"TI"
4.8,10.0,12.393411882442518,NaN,1024,"TI"
4.9,10.0,12.680229478733976,NaN,1024,"TI"
5.0,10.0,12.94331234313348,NaN,1024,"TI"
5.1,10.0,13.218236381247797,NaN,1024,"TI"
5.2,10.0,13.490831067642858,NaN,1024,"TI"
5.3,10.0,13.767256814867652,NaN,1024,"TI"
5.4,10.0,14.047596531408786,NaN,1024,"TI"
5.5,10.0,14.314192262651964,NaN,1024,"TI"
5.6,10.0,14.59564446034099,NaN,1024,"TI"
5.7,10.0,14.8727650971854,NaN,1024,"TI"
5.8,10.0,15.133958105450551,NaN,1024,"TI"
5.9,10.0,15.405968764245156,NaN,1024,"TI"
6.0,10.0,15.681988817277425,NaN,1024,"TI"
6.1,10.0,15.946364076126226,NaN,1024,"TI"
6.2,10.0,16.22457886507639,NaN,1024,"TI"
6.3,10.0,16.495886745218634,NaN,1024,"TI"
6.4,10.0,16.768859549187038,NaN,1024,"TI"
6.5,10.0,17.044066022664147,NaN,1024,"TI"
6.6,10.0,17.306674737359778,NaN,1024,"TI"
6.7,10.0,17.56452923254008,NaN,1024,"TI"
6.8,10.0,17.824211749289503,NaN,1024,"TI"
6.9,10.0,18.080911919837668,NaN,1024,"TI"
7.0,10.0,18.342302478451714,NaN,1024,"TI"
7.1,10.0,18.61799239051901,NaN,1024,"TI"
7.2,10.0,18.870025732423663,NaN,1024,"TI"
7.3,10.0,19.140443085231954,NaN,1024,"TI"
7.4,10.0,19.388198949862616,NaN,1024,"TI"
7.5,10.0,19.63407850151589,NaN,1024,"TI"
7.6,10.0,19.882549337362136,NaN,1024,"TI"
7.7,10.0,20.12362334068115,NaN,1024,"TI"
7.8,10.0,20.363548987831518,NaN,1024,"TI"
7.9,10.0,20.606245562623037,NaN,1024,"TI"
8.0,10.0,20.844786514923157,NaN,1024,"TI"
8.1,10.0,21.087728726014063,NaN,1024,"TI"
8.2,10.0,21.335640693500117,NaN,1024,"TI"
8.3,10.0,21.578014104398516,NaN,1024,"TI"
8.4,10.0,21.805377561134154,NaN,1024,"TI"
8.5,10.0,22.044559028875927,NaN,1024,"TI"
8.6,10.0,22.272743965462706,NaN,1024,"TI"
8.7,10.0,22.495607165099088,NaN,1024,"TI"
8.8,10.0,22.721815244067162,NaN,1024,"TI"
8.9,10.0,22.95229144992437,NaN,1024,"TI"
9.0,10.0,23.178862369524733,NaN,1024,"TI"
9.1,10.0,23.391511111734136,NaN,1024,"TI"
9.2,10.0,23.611756770832187,NaN,1024,"TI"
9.3,10.0,23.829005055303057,NaN,1024,"TI"
9.4,10.0,24.042719287905392,NaN,1024,"TI"
9.5,10.0,24.264812074883846,NaN,1024,"TI"
9.6,10.0,24.488169302632844,NaN,1024,"TI"
9.7,10.0,24.708901949277553,NaN,1024,"TI"
9.8,10.0,24.94389652204533,NaN,1024,"TI"
9.9,10.0,25.189736562748408,NaN,1024,"TI"
10.0,10.0,25.45845685405359,NaN,1024,"TI"
0.0,10.0,0.3944147956883777,NaN,128,"TI"
0.1,10.0,0.7562206858632692,NaN,128,"TI"
0.2,10.0,1.093217841981916,NaN,128,"TI"
0.3,10.0,1.40670784643599,NaN,128,"TI"
0.4,10.0,1.7136881203006815,NaN,128,"TI"
0.5,10.0,2.016470441779858,NaN,128,"TI"
0.6,10.0,2.3341402896821344,NaN,128,"TI"
0.7,10.0,2.647791721049036,NaN,128,"TI"
0.8,10.0,2.9513686804077373,NaN,128,"TI"
0.9,10.0,3.2678099441982966,NaN,128,"TI"
1.0,10.0,3.578686159717423,NaN,128,"TI"
1.1,10.0,3.898427017308017,NaN,128,"TI"
1.2,10.0,4.208230350935285,NaN,128,"TI"
1.3,10.0,4.528963394299641,NaN,128,"TI"
1.4,10.0,4.847453306949127,NaN,128,"TI"
1.5,10.0,5.176483215482001,NaN,128,"TI"
1.6,10.0,5.503225814265161,NaN,128,"TI"
1.7,10.0,5.834611688032957,NaN,128,"TI"
1.8,10.0,6.164617018014562,NaN,128,"TI"
1.9,10.0,6.494085893197721,NaN,128,"TI"
2.0,10.0,6.844520608947776,NaN,128,"TI"
2.1,10.0,7.187741041110458,NaN,128,"TI"
2.2,10.0,7.532172086809091,NaN,128,"TI"
2.3,10.0,7.870986000515727,NaN,128,"TI"
2.4,10.0,8.20296766621743,NaN,128,"TI"
2.5,10.0,8.561222799681413,NaN,128,"TI"
2.6,10.0,8.903536490070154,NaN,128,"TI"
2.7,10.0,9.254317696017079,NaN,128,"TI"
2.8,10.0,9.603072261887105,NaN,128,"TI"
2.9,10.0,9.953258588349124,NaN,128,"TI"
3.0,10.0,10.311747872279541,NaN,128,"TI"
3.1,10.0,10.67655787790592,NaN,128,"TI"
3.2,10.0,11.046683230978399,NaN,128,"TI"
3.3,10.0,11.420482256487215,NaN,128,"TI"
3.4,10.0,11.794850841454075,NaN,128,"TI"
3.5,10.0,12.169785604264638,NaN,128,"TI"
3.6,10.0,12.54444916643421,NaN,128,"TI"
3.7,10.0,12.917411046261783,NaN,128,"TI"
3.8,10.0,13.273412674466853,NaN,128,"TI"
3.9,10.0,13.641744858554736,NaN,128,"TI"
4.0,10.0,14.003105311435199,NaN,128,"TI"
4.1,10.0,14.349470310565101,NaN,128,"TI"
4.2,10.0,14.711154880404447,NaN,128,"TI"
4.3,10.0,15.077733724162643,NaN,128,"TI"
4.4,10.0,15.439018804427471,NaN,128,"TI"
4.5,10.0,15.81339900972684,NaN,128,"TI"
4.6,10.0,16.17252773175176,NaN,128,"TI"
4.7,10.0,16.54978231923412,NaN,128,"TI"
4.8,10.0,16.924499001214873,NaN,128,"TI"
4.9,10.0,17.301301714389748,NaN,128,"TI"
5.0,10.0,17.682154452897738,NaN,128,"TI"
5.1,10.0,18.04809277139492,NaN,128,"TI"
5.2,10.0,18.42788685383022,NaN,128,"TI"
5.3,10.0,18.793253267040015,NaN,128,"TI"
5.4,10.0,19.172712963340768,NaN,128,"TI"
5.5,10.0,19.563897170709403,NaN,128,"TI"
5.6,10.0,19.923887273904434,NaN,128,"TI"
5.7,10.0,20.312091233197034,NaN,128,"TI"
5.8,10.0,20.688417121500887,NaN,128,"TI"
5.9,10.0,21.062262692072867,NaN,128,"TI"
6.0,10.0,21.43562219993155,NaN,128,"TI"
6.1,10.0,21.803174159904856,NaN,128,"TI"
6.2,10.0,22.167840749495575,NaN,128,"TI"
6.3,10.0,22.543582387507655,NaN,128,"TI"
6.4,10.0,22.916932543624203,NaN,128,"TI"
6.5,10.0,23.270329437971917,NaN,128,"TI"
6.6,10.0,23.62327972153551,NaN,128,"TI"
6.7,10.0,23.999030001046417,NaN,128,"TI"
6.8,10.0,24.371675069808763,NaN,128,"TI"
6.9,10.0,24.742788791826033,NaN,128,"TI"
7.0,10.0,25.10123029817389,NaN,128,"TI"
7.1,10.0,25.464382986908323,NaN,128,"TI"
7.2,10.0,25.82795440745408,NaN,128,"TI"
7.3,10.0,26.191991182884298,NaN,128,"TI"
7.4,10.0,26.550344234650833,NaN,128,"TI"
7.5,10.0,26.903993303784098,NaN,128,"TI"
7.6,10.0,27.258807563143368,NaN,128,"TI"
7.7,10.0,27.587832578593805,NaN,128,"TI"
7.8,10.0,27.94263765900217,NaN,128,"TI"
7.9,10.0,28.28202472052402,NaN,128,"TI"
8.0,10.0,28.625104354074157,NaN,128,"TI"
8.1,10.0,28.953215034038422,NaN,128,"TI"
8.2,10.0,29.283352995689867,NaN,128,"TI"
8.3,10.0,29.614161704142646,NaN,128,"TI"
8.4,10.0,29.94654942855356,NaN,128,"TI"
8.5,10.0,30.274879624583345,NaN,128,"TI"
8.6,10.0,30.610409381268063,NaN,128,"TI"
8.7,10.0,30.94649865653489,NaN,128,"TI"
8.8,10.0,31.279152623038424,NaN,128,"TI"
8.9,10.0,31.602592214767547,NaN,128,"TI"
9.0,10.0,31.921056071141248,NaN,128,"TI"
9.1,10.0,32.24491330929064,NaN,128,"TI"
9.2,10.0,32.552634700461674,NaN,128,"TI"
9.3,10.0,32.86969430395241,NaN,128,"TI"
9.4,10.0,33.18678578530013,NaN,128,"TI"
9.5,10.0,33.49489887566842,NaN,128,"TI"
9.6,10.0,33.79503619110899,NaN,128,"TI"
9.7,10.0,34.11170911090309,NaN,128,"TI"
9.8,10.0,34.44088974970136,NaN,128,"TI"
9.9,10.0,34.78046099932076,NaN,128,"TI"
10.0,10.0,35.15040470413387,NaN,128,"TI"
0.0,10.0,0.35012515016544044,NaN,4096,"TI"
0.1,10.0,0.5822790480237886,NaN,4096,"TI"
0.2,10.0,0.7907184596866007,NaN,4096,"TI"
0.3,10.0,0.9978136131681854,NaN,4096,"TI"
0.4,10.0,1.1901541703519618,NaN,4096,"TI"
0.5,10.0,1.3766157194935813,NaN,4096,"TI"
0.6,10.0,1.5710375770864595,NaN,4096,"TI"
0.7,10.0,1.7593576240955522,NaN,4096,"TI"
0.8,10.0,1.9408046159711538,NaN,4096,"TI"
0.9,10.0,2.123059913690256,NaN,4096,"TI"
1.0,10.0,2.3190907013636433,NaN,4096,"TI"
1.1,10.0,2.5129090810918298,NaN,4096,"TI"
1.2,10.0,2.7151788753768047,NaN,4096,"TI"
1.3,10.0,2.9045231410015435,NaN,4096,"TI"
1.4,10.0,3.111274394028367,NaN,4096,"TI"
1.5,10.0,3.3059772378695316,NaN,4096,"TI"
1.6,10.0,3.5020044284031,NaN,4096,"TI"
1.7,10.0,3.6959504621445323,NaN,4096,"TI"
1.8,10.0,3.8944375461675205,NaN,4096,"TI"
1.9,10.0,4.089757642672787,NaN,4096,"TI"
2.0,10.0,4.294650872244257,NaN,4096,"TI"
2.1,10.0,4.50456403895963,NaN,4096,"TI"
2.2,10.0,4.702700737485906,NaN,4096,"TI"
2.3,10.0,4.8981965365798255,NaN,4096,"TI"
2.4,10.0,5.105238554482507,NaN,4096,"TI"
2.5,10.0,5.3144374182303515,NaN,4096,"TI"
2.6,10.0,5.52282895261774,NaN,4096,"TI"
2.7,10.0,5.732750458067153,NaN,4096,"TI"
2.8,10.0,5.943964228052243,NaN,4096,"TI"
2.9,10.0,6.153074027314734,NaN,4096,"TI"
3.0,10.0,6.376214522988845,NaN,4096,"TI"
3.1,10.0,6.584543841065969,NaN,4096,"TI"
3.2,10.0,6.81049908757034,NaN,4096,"TI"
3.3,10.0,7.026384071905139,NaN,4096,"TI"
3.4,10.0,7.248636656556549,NaN,4096,"TI"
3.5,10.0,7.46875513175453,NaN,4096,"TI"
3.6,10.0,7.684727852029037,NaN,4096,"TI"
3.7,10.0,7.903746125601687,NaN,4096,"TI"
3.8,10.0,8.132570992516603,NaN,4096,"TI"
3.9,10.0,8.352302718183441,NaN,4096,"TI"
4.0,10.0,8.582064293989392,NaN,4096,"TI"
4.1,10.0,8.802407663593556,NaN,4096,"TI"
4.2,10.0,9.033689701726594,NaN,4096,"TI"
4.3,10.0,9.265877861037495,NaN,4096,"TI"
4.4,10.0,9.502198934952183,NaN,4096,"TI"
4.5,10.0,9.734229690362755,NaN,4096,"TI"
4.6,10.0,9.970657562817607,NaN,4096,"TI"
4.7,10.0,10.20424827732291,NaN,4096,"TI"
4.8,10.0,10.438733135334623,NaN,4096,"TI"
4.9,10.0,10.67677751780571,NaN,4096,"TI"
5.0,10.0,10.91317314045123,NaN,4096,"TI"
5.1,10.0,11.13260506458634,NaN,4096,"TI"
5.2,10.0,11.367181829381781,NaN,4096,"TI"
5.3,10.0,11.59702529424179,NaN,4096,"TI"
5.4,10.0,11.829291161985418,NaN,4096,"TI"
5.5,10.0,12.068147214793516,NaN,4096,"TI"
5.6,10.0,12.310847893701863,NaN,4096,"TI"
5.7,10.0,12.543008309417731,NaN,4096,"TI"
5.8,10.0,12.764894760120509,NaN,4096,"TI"
5.9,10.0,12.998604248775772,NaN,4096,"TI"
6.0,10.0,13.227292746749825,NaN,4096,"TI"
6.1,10.0,13.457038249945539,NaN,4096,"TI"
6.2,10.0,13.691805157517448,NaN,4096,"TI"
6.3,10.0,13.920346171372913,NaN,4096,"TI"
6.4,10.0,14.141512937568608,NaN,4096,"TI"
6.5,10.0,14.351887748601929,NaN,4096,"TI"
6.6,10.0,14.587875983892129,NaN,4096,"TI"
6.7,10.0,14.811070083929808,NaN,4096,"TI"
6.8,10.0,15.036152801681036,NaN,4096,"TI"
6.9,10.0,15.252556212196065,NaN,4096,"TI"
7.0,10.0,15.467344946820358,NaN,4096,"TI"
7.1,10.0,15.674024577053792,NaN,4096,"TI"
7.2,10.0,15.896592294196507,NaN,4096,"TI"
7.3,10.0,16.1124819905808,NaN,4096,"TI"
7.4,10.0,16.326127146690677,NaN,4096,"TI"
7.5,10.0,16.524641352300605,NaN,4096,"TI"
7.6,10.0,16.73323875018224,NaN,4096,"TI"
7.7,10.0,16.930066087313406,NaN,4096,"TI"
7.8,10.0,17.13622089233377,NaN,4096,"TI"
7.9,10.0,17.338974655518673,NaN,4096,"TI"
8.0,10.0,17.543909762335463,NaN,4096,"TI"
8.1,10.0,17.756726166608484,NaN,4096,"TI"
8.2,10.0,17.967058646527143,NaN,4096,"TI"
8.3,10.0,18.164853623536775,NaN,4096,"TI"
8.4,10.0,18.367814201379385,NaN,4096,"TI"
8.5,10.0,18.57087191155768,NaN,4096,"TI"
8.6,10.0,18.77279108154039,NaN,4096,"TI"
8.7,10.0,18.964470805580227,NaN,4096,"TI"
8.8,10.0,19.16989617522755,NaN,4096,"TI"
8.9,10.0,19.370982790311633,NaN,4096,"TI"
9.0,10.0,19.565741255285346,NaN,4096,"TI"
9.1,10.0,19.75792427268772,NaN,4096,"TI"
9.2,10.0,19.950750496884826,NaN,4096,"TI"
9.3,10.0,20.14798848376937,NaN,4096,"TI"
9.4,10.0,20.337042751004105,NaN,4096,"TI"
9.5,10.0,20.530753741322766,NaN,4096,"TI"
9.6,10.0,20.727839802747543,NaN,4096,"TI"
9.7,10.0,20.926502822925688,NaN,4096,"TI"
9.8,10.0,21.127966549799442,NaN,4096,"TI"
9.9,10.0,21.342509615420667,NaN,4096,"TI"
10.0,10.0,21.594533683197724,NaN,4096,"TI"
0.0,1.0,0.3391452229598065,NaN,1024,"TI"
0.1,1.0,0.5748604645015072,NaN,1024,"TI"
0.2,1.0,0.7856458761395709,NaN,1024,"TI"
0.3,1.0,0.9759128493748501,NaN,1024,"TI"
0.4,1.0,1.1665901896779092,NaN,1024,"TI"
0.5,1.0,1.3581997783748303,NaN,1024,"TI"
0.6,1.0,1.5577522178300558,NaN,1024,"TI"
0.7,1.0,1.753127770722475,NaN,1024,"TI"
0.8,1.0,1.9505049711001667,NaN,1024,"TI"
0.9,1.0,2.1578311685153673,NaN,1024,"TI"
1.0,1.0,2.405365673613699,NaN,1024,"TI"
0.0,1.0,0.35802866937832645,NaN,128,"TI"
0.1,1.0,0.6246357456007507,NaN,128,"TI"
0.2,1.0,0.8655974386140248,NaN,128,"TI"
0.3,1.0,1.089974943521475,NaN,128,"TI"
0.4,1.0,1.3138256844565508,NaN,128,"TI"
0.5,1.0,1.5381446625365411,NaN,128,"TI"
0.6,1.0,1.755466645638341,NaN,128,"TI"
0.7,1.0,1.9854222039874072,NaN,128,"TI"
0.8,1.0,2.209908397360536,NaN,128,"TI"
0.9,1.0,2.452234256675221,NaN,128,"TI"
1.0,1.0,2.7258419078831966,NaN,128,"TI"
0.0,1.0,0.3446892103363933,NaN,4096,"TI"
0.1,1.0,0.5723122694139141,NaN,4096,"TI"
0.2,1.0,0.7817693062280598,NaN,4096,"TI"
0.3,1.0,0.9702146175366411,NaN,4096,"TI"
0.4,1.0,1.150183760650352,NaN,4096,"TI"
0.5,1.0,1.3444789272499602,NaN,4096,"TI"
0.6,1.0,1.5260285859866836,NaN,4096,"TI"
0.7,1.0,1.7092896727804459,NaN,4096,"TI"
0.8,1.0,1.8929313494842754,NaN,4096,"TI"
0.9,1.0,2.0947113752667743,NaN,4096,"TI"
1.0,1.0,2.343123271747045,NaN,4096,"TI"
0.0,2.0,0.3449945707817849,NaN,1024,"TI"
0.1,2.0,0.5831467893410154,NaN,1024,"TI"
0.2,2.0,0.7904288311161106,NaN,1024,"TI"
0.3,2.0,0.9862442435173883,NaN,1024,"TI"
0.4,2.0,1.167639965372093,NaN,1024,"TI"
0.5,2.0,1.3557249631610448,NaN,1024,"TI"
0.6,2.0,1.5499245996818658,NaN,1024,"TI"
0.7,2.0,1.7354213729012287,NaN,1024,"TI"
0.8,2.0,1.92201188801129,NaN,1024,"TI"
0.9,2.0,2.109184895961421,NaN,1024,"TI"
1.0,2.0,2.294442895351585,NaN,1024,"TI"
1.1,2.0,2.4820562432267996,NaN,1024,"TI"
1.2,2.0,2.667026844605667,NaN,1024,"TI"
1.3,2.0,2.8607583140492787,NaN,1024,"TI"
1.4,2.0,3.0498365955558215,NaN,1024,"TI"
1.5,2.0,3.235223129547744,NaN,1024,"TI"
1.6,2.0,3.4203267799839345,NaN,1024,"TI"
1.7,2.0,3.618012011903348,NaN,1024,"TI"
1.8,2.0,3.8124169786670685,NaN,1024,"TI"
1.9,2.0,4.030555442481658,NaN,1024,"TI"
2.0,2.0,4.268619965871944,NaN,1024,"TI"
0.0,2.0,0.3696268320736782,NaN,128,"TI"
0.1,2.0,0.6449132519138978,NaN,128,"TI"
0.2,2.0,0.8914084801140674,NaN,128,"TI"
0.3,2.0,1.122542081397177,NaN,128,"TI"
0.4,2.0,1.358178752155294,NaN,128,"TI"
0.5,2.0,1.5900254392279232,NaN,128,"TI"
0.6,2.0,1.8180732343299,NaN,128,"TI"
0.7,2.0,2.037402965177488,NaN,128,"TI"
0.8,2.0,2.2539517915505423,NaN,128,"TI"
0.9,2.0,2.4702343834101255,NaN,128,"TI"
1.0,2.0,2.6988040219855542,NaN,128,"TI"
1.1,2.0,2.915582908913231,NaN,128,"TI"
1.2,2.0,3.139057681204463,NaN,128,"TI"
1.3,2.0,3.365467683367411,NaN,128,"TI"
1.4,2.0,3.5881375411716276,NaN,128,"TI"
1.5,2.0,3.8099511184021355,NaN,128,"TI"
1.6,2.0,4.033380445933707,NaN,128,"TI"
1.7,2.0,4.267704092883689,NaN,128,"TI"
1.8,2.0,4.504207844190237,NaN,128,"TI"
1.9,2.0,4.7494800686527645,NaN,128,"TI"
2.0,2.0,5.024823016895788,NaN,128,"TI"
0.0,2.0,0.35127051988651775,NaN,4096,"TI"
0.1,2.0,0.5892631789677543,NaN,4096,"TI"
0.2,2.0,0.7941606320333239,NaN,4096,"TI"
0.3,2.0,0.9749959309769051,NaN,4096,"TI"
0.4,2.0,1.1641297045603718,NaN,4096,"TI"
0.5,2.0,1.3432094456072605,NaN,4096,"TI"
0.6,2.0,1.5216034486395205,NaN,4096,"TI"
0.7,2.0,1.7055016276496153,NaN,4096,"TI"
0.8,2.0,1.8753397667609368,NaN,4096,"TI"
0.9,2.0,2.0527231316074506,NaN,4096,"TI"
1.0,2.0,2.231408889714335,NaN,4096,"TI"
1.1,2.0,2.408857658397105,NaN,4096,"TI"
1.2,2.0,2.590946176272239,NaN,4096,"TI"
1.3,2.0,2.7798653488062586,NaN,4096,"TI"
1.4,2.0,2.9576884614646377,NaN,4096,"TI"
1.5,2.0,3.1480085390756973,NaN,4096,"TI"
1.6,2.0,3.3355933794481167,NaN,4096,"TI"
1.7,2.0,3.530253016381147,NaN,4096,"TI"
1.8,2.0,3.726255208654493,NaN,4096,"TI"
1.9,2.0,3.946961605491323,NaN,4096,"TI"
2.0,2.0,4.182887035036343,NaN,4096,"TI"
0.0,3.0,0.3495797984970333,NaN,1024,"TI"
0.1,3.0,0.5970679258106374,NaN,1024,"TI"
0.2,3.0,0.8090280382083352,NaN,1024,"TI"
0.3,3.0,1.0126537136500762,NaN,1024,"TI"
0.4,3.0,1.1945378847511203,NaN,1024,"TI"
0.5,3.0,1.3744010745816435,NaN,1024,"TI"
0.6,3.0,1.556908679219998,NaN,1024,"TI"
0.7,3.0,1.7374021083654438,NaN,1024,"TI"
0.8,3.0,1.9202310744374944,NaN,1024,"TI"
0.9,3.0,2.1189908752359026,NaN,1024,"TI"
1.0,3.0,2.3080859453692475,NaN,1024,"TI"
1.1,3.0,2.4998078773091765,NaN,1024,"TI"
1.2,3.0,2.6920717263100515,NaN,1024,"TI"
1.3,3.0,2.8934980164106814,NaN,1024,"TI"
1.4,3.0,3.0863041953055097,NaN,1024,"TI"
1.5,3.0,3.27455750596152,NaN,1024,"TI"
1.6,3.0,3.4690813095010014,NaN,1024,"TI"
1.7,3.0,3.6619435611864466,NaN,1024,"TI"
1.8,3.0,3.857451113549821,NaN,1024,"TI"
1.9,3.0,4.048565538512437,NaN,1024,"TI"
2.0,3.0,4.226189371261773,NaN,1024,"TI"
2.1,3.0,4.404808295688428,NaN,1024,"TI"
2.2,3.0,4.597459282714235,NaN,1024,"TI"
2.3,3.0,4.793704650065915,NaN,1024,"TI"
2.4,3.0,4.985264888625163,NaN,1024,"TI"
2.5,3.0,5.17090279907324,NaN,1024,"TI"
2.6,3.0,5.358523395741467,NaN,1024,"TI"
2.7,3.0,5.550066164658787,NaN,1024,"TI"
2.8,3.0,5.756199334928687,NaN,1024,"TI"
2.9,3.0,5.97625033087712,NaN,1024,"TI"
3.0,3.0,6.219103324952725,NaN,1024,"TI"
0.0,3.0,0.359809403522911,NaN,128,"TI"
0.1,3.0,0.6421110124858425,NaN,128,"TI"
0.2,3.0,0.9066419562745134,NaN,128,"TI"
0.3,3.0,1.153778865926175,NaN,128,"TI"
0.4,3.0,1.395207982194184,NaN,128,"TI"
0.5,3.0,1.6367430603385782,NaN,128,"TI"
0.6,3.0,1.8924723489244308,NaN,128,"TI"
0.7,3.0,2.1459675818349626,NaN,128,"TI"
0.8,3.0,2.3902751034682455,NaN,128,"TI"
0.9,3.0,2.633662738008879,NaN,128,"TI"
1.0,3.0,2.878820676312483,NaN,128,"TI"
1.1,3.0,3.139028616785778,NaN,128,"TI"
1.2,3.0,3.401806522850767,NaN,128,"TI"
1.3,3.0,3.652780017284958,NaN,128,"TI"
1.4,3.0,3.901565226351961,NaN,128,"TI"
1.5,3.0,4.151643632265308,NaN,128,"TI"
1.6,3.0,4.398116891809406,NaN,128,"TI"
1.7,3.0,4.653354942620047,NaN,128,"TI"
1.8,3.0,4.907283772815829,NaN,128,"TI"
1.9,3.0,5.154707237220557,NaN,128,"TI"
2.0,3.0,5.4149414868779795,NaN,128,"TI"
2.1,3.0,5.677257689973468,NaN,128,"TI"
2.2,3.0,5.929147817563755,NaN,128,"TI"
2.3,3.0,6.183093514167168,NaN,128,"TI"
2.4,3.0,6.42181023249146,NaN,128,"TI"
2.5,3.0,6.654522335797575,NaN,128,"TI"
2.6,3.0,6.905936167250332,NaN,128,"TI"
2.7,3.0,7.154524989171464,NaN,128,"TI"
2.8,3.0,7.4076367208809994,NaN,128,"TI"
2.9,3.0,7.672030451742793,NaN,128,"TI"
3.0,3.0,7.973548858995033,NaN,128,"TI"
0.0,3.0,0.3306160325867793,NaN,4096,"TI"
0.1,3.0,0.5526504395514725,NaN,4096,"TI"
0.2,3.0,0.7522253630097689,NaN,4096,"TI"
0.3,3.0,0.9385601736622915,NaN,4096,"TI"
0.4,3.0,1.123016303875087,NaN,4096,"TI"
0.5,3.0,1.314017469480281,NaN,4096,"TI"
0.6,3.0,1.4892652556620884,NaN,4096,"TI"
0.7,3.0,1.6753208517157814,NaN,4096,"TI"
0.8,3.0,1.8605293060790309,NaN,4096,"TI"
0.9,3.0,2.0571703800764953,NaN,4096,"TI"
1.0,3.0,2.234624278132279,NaN,4096,"TI"
1.1,3.0,2.4163015754661354,NaN,4096,"TI"
1.2,3.0,2.5990267650977765,NaN,4096,"TI"
1.3,3.0,2.7855835369523594,NaN,4096,"TI"
1.4,3.0,2.973194161758328,NaN,4096,"TI"
1.5,3.0,3.1565691336343584,NaN,4096,"TI"
1.6,3.0,3.3443284914330427,NaN,4096,"TI"
1.7,3.0,3.5260659679063027,NaN,4096,"TI"
1.8,3.0,3.717643774311422,NaN,4096,"TI"
1.9,3.0,3.915198734219166,NaN,4096,"TI"
2.0,3.0,4.108257008350102,NaN,4096,"TI"
2.1,3.0,4.294283519762096,NaN,4096,"TI"
2.2,3.0,4.484947587906352,NaN,4096,"TI"
2.3,3.0,4.667604373932442,NaN,4096,"TI"
2.4,3.0,4.855716389174849,NaN,4096,"TI"
2.5,3.0,5.055042443995711,NaN,4096,"TI"
2.6,3.0,5.248850206952431,NaN,4096,"TI"
2.7,3.0,5.445229459100273,NaN,4096,"TI"
2.8,3.0,5.644268635720868,NaN,4096,"TI"
2.9,3.0,5.8656154600150545,NaN,4096,"TI"
3.0,3.0,6.103589779898301,NaN,4096,"TI"
0.0,4.0,0.3441806813577628,NaN,1024,"TI"
0.1,4.0,0.5918161801649008,NaN,1024,"TI"
0.2,4.0,0.8070576013645566,NaN,1024,"TI"
0.3,4.0,1.0131083389798878,NaN,1024,"TI"
0.4,4.0,1.2079390604081153,NaN,1024,"TI"
0.5,4.0,1.4066833802113674,NaN,1024,"TI"
0.6,4.0,1.6115546522591015,NaN,1024,"TI"
0.7,4.0,1.8075615129676168,NaN,1024,"TI"
0.8,4.0,1.9946240020470176,NaN,1024,"TI"
0.9,4.0,2.199307886758393,NaN,1024,"TI"
1.0,4.0,2.3970484475912373,NaN,1024,"TI"
1.1,4.0,2.5939758551687855,NaN,1024,"TI"
1.2,4.0,2.792446931180821,NaN,1024,"TI"
1.3,4.0,2.9984630333097244,NaN,1024,"TI"
1.4,4.0,3.2036509516384313,NaN,1024,"TI"
1.5,4.0,3.403980611133343,NaN,1024,"TI"
1.6,4.0,3.603913154945865,NaN,1024,"TI"
1.7,4.0,3.806572666054673,NaN,1024,"TI"
1.8,4.0,4.018810513028892,NaN,1024,"TI"
1.9,4.0,4.2226988899928,NaN,1024,"TI"
2.0,4.0,4.425451896073312,NaN,1024,"TI"
2.1,4.0,4.640178092129493,NaN,1024,"TI"
2.2,4.0,4.851655644068841,NaN,1024,"TI"
2.3,4.0,5.056046218376248,NaN,1024,"TI"
2.4,4.0,5.264808526056758,NaN,1024,"TI"
2.5,4.0,5.464667704574888,NaN,1024,"TI"
2.6,4.0,5.666532989342531,NaN,1024,"TI"
2.7,4.0,5.867891167217641,NaN,1024,"TI"
2.8,4.0,6.067915477750809,NaN,1024,"TI"
2.9,4.0,6.268135754645609,NaN,1024,"TI"
3.0,4.0,6.481816599144537,NaN,1024,"TI"
3.1,4.0,6.677901824594615,NaN,1024,"TI"
3.2,4.0,6.885008647254214,NaN,1024,"TI"
3.3,4.0,7.0836120384069154,NaN,1024,"TI"
3.4,4.0,7.285126940585042,NaN,1024,"TI"
3.5,4.0,7.493491987858821,NaN,1024,"TI"
3.6,4.0,7.692008349790587,NaN,1024,"TI"
3.7,4.0,7.897659548745193,NaN,1024,"TI"
3.8,4.0,8.119230158606639,NaN,1024,"TI"
3.9,4.0,8.349179417427493,NaN,1024,"TI"
4.0,4.0,8.590214857810444,NaN,1024,"TI"
0.0,4.0,0.3652906488606147,NaN,128,"TI"
0.1,4.0,0.6629780633074595,NaN,128,"TI"
0.2,4.0,0.933931637431032,NaN,128,"TI"
0.3,4.0,1.19763981369289,NaN,128,"TI"
0.4,4.0,1.4417690113284578,NaN,128,"TI"
0.5,4.0,1.6945456010454167,NaN,128,"TI"
0.6,4.0,1.9440691119725426,NaN,128,"TI"
0.7,4.0,2.214455274380135,NaN,128,"TI"
0.8,4.0,2.4720150895286768,NaN,128,"TI"
0.9,4.0,2.727804850014377,NaN,128,"TI"
1.0,4.0,2.997467302622007,NaN,128,"TI"
1.1,4.0,3.2613908904399054,NaN,128,"TI"
1.2,4.0,3.5421946167170275,NaN,128,"TI"
1.3,4.0,3.8188258389151013,NaN,128,"TI"
1.4,4.0,4.094306193410234,NaN,128,"TI"
1.5,4.0,4.363033534178921,NaN,128,"TI"
1.6,4.0,4.628619187114702,NaN,128,"TI"
1.7,4.0,4.913507052393925,NaN,128,"TI"
1.8,4.0,5.193705053663562,NaN,128,"TI"
1.9,4.0,5.466162835764174,NaN,128,"TI"
2.0,4.0,5.731633898592869,NaN,128,"TI"
2.1,4.0,6.009809413888728,NaN,128,"TI"
2.2,4.0,6.280208343833441,NaN,128,"TI"
2.3,4.0,6.544559828264563,NaN,128,"TI"
2.4,4.0,6.812478129296791,NaN,128,"TI"
2.5,4.0,7.085713323008205,NaN,128,"TI"
2.6,4.0,7.360674588333559,NaN,128,"TI"
2.7,4.0,7.63157149800171,NaN,128,"TI"
2.8,4.0,7.903294773705471,NaN,128,"TI"
2.9,4.0,8.16729987847215,NaN,128,"TI"
3.0,4.0,8.422245370253158,NaN,128,"TI"
3.1,4.0,8.68503721236382,NaN,128,"TI"
3.2,4.0,8.933265923907861,NaN,128,"TI"
3.3,4.0,9.195360032581453,NaN,128,"TI"
3.4,4.0,9.458295804168495,NaN,128,"TI"
3.5,4.0,9.718355573477316,NaN,128,"TI"
3.6,4.0,9.974898043938497,NaN,128,"TI"
3.7,4.0,10.234836594837482,NaN,128,"TI"
3.8,4.0,10.501958111573327,NaN,128,"TI"
3.9,4.0,10.77954469776957,NaN,128,"TI"
4.0,4.0,11.093510612986872,NaN,128,"TI"
0.0,4.0,0.3431124985097215,NaN,4096,"TI"
0.1,4.0,0.5796582437816097,NaN,4096,"TI"
0.2,4.0,0.780774393136406,NaN,4096,"TI"
0.3,4.0,0.9729545517875169,NaN,4096,"TI"
0.4,4.0,1.170336945907678,NaN,4096,"TI"
0.5,4.0,1.3528644556004341,NaN,4096,"TI"
0.6,4.0,1.5250030483179995,NaN,4096,"TI"
0.7,4.0,1.715551527719112,NaN,4096,"TI"
0.8,4.0,1.9092389702665717,NaN,4096,"TI"
0.9,4.0,2.0952418337977945,NaN,4096,"TI"
1.0,4.0,2.2834367622292358,NaN,4096,"TI"
1.1,4.0,2.475758268730267,NaN,4096,"TI"
1.2,4.0,2.665445536535738,NaN,4096,"TI"
1.3,4.0,2.8458378076850175,NaN,4096,"TI"
1.4,4.0,3.0417299952944017,NaN,4096,"TI"
1.5,4.0,3.2230911689744066,NaN,4096,"TI"
1.6,4.0,3.3999675852550406,NaN,4096,"TI"
1.7,4.0,3.5860494098105162,NaN,4096,"TI"
1.8,4.0,3.7658776380242713,NaN,4096,"TI"
1.9,4.0,3.945826650125251,NaN,4096,"TI"
2.0,4.0,4.132789491435448,NaN,4096,"TI"
2.1,4.0,4.313714861304042,NaN,4096,"TI"
2.2,4.0,4.497400943999008,NaN,4096,"TI"
2.3,4.0,4.671989688153554,NaN,4096,"TI"
2.4,4.0,4.860970669750227,NaN,4096,"TI"
2.5,4.0,5.050768734658115,NaN,4096,"TI"
2.6,4.0,5.231089377942707,NaN,4096,"TI"
2.7,4.0,5.411619303432458,NaN,4096,"TI"
2.8,4.0,5.594897340044717,NaN,4096,"TI"
2.9,4.0,5.777752193238478,NaN,4096,"TI"
3.0,4.0,5.961410170197985,NaN,4096,"TI"
3.1,4.0,6.145340051358182,NaN,4096,"TI"
3.2,4.0,6.326179980414554,NaN,4096,"TI"
3.3,4.0,6.508262263020099,NaN,4096,"TI"
3.4,4.0,6.689729921723403,NaN,4096,"TI"
3.5,4.0,6.860718401134031,NaN,4096,"TI"
3.6,4.0,7.046210849457146,NaN,4096,"TI"
3.7,4.0,7.243661923546043,NaN,4096,"TI"
3.8,4.0,7.439024254196783,NaN,4096,"TI"
3.9,4.0,7.64519423766806,NaN,4096,"TI"
4.0,4.0,7.88004265650072,NaN,4096,"TI"
0.0,5.0,0.3469213954915857,NaN,1024,"TI"
0.1,5.0,0.6009268752763662,NaN,1024,"TI"
0.2,5.0,0.82299754695557,NaN,1024,"TI"
0.3,5.0,1.0336709239619701,NaN,1024,"TI"
0.4,5.0,1.2446179948753482,NaN,1024,"TI"
0.5,5.0,1.4452290948056803,NaN,1024,"TI"
0.6,5.0,1.6420481707262202,NaN,1024,"TI"
0.7,5.0,1.8327390538755637,NaN,1024,"TI"
0.8,5.0,2.032796617008533,NaN,1024,"TI"
0.9,5.0,2.234590380364275,NaN,1024,"TI"
1.0,5.0,2.4367412528020913,NaN,1024,"TI"
1.1,5.0,2.6419097573911348,NaN,1024,"TI"
1.2,5.0,2.841605947212437,NaN,1024,"TI"
1.3,5.0,3.0433897305416497,NaN,1024,"TI"
1.4,5.0,3.2535477199188643,NaN,1024,"TI"
1.5,5.0,3.4707221751156,NaN,1024,"TI"
1.6,5.0,3.6767191311924505,NaN,1024,"TI"
1.7,5.0,3.886138990752417,NaN,1024,"TI"
1.8,5.0,4.098301537583332,NaN,1024,"TI"
1.9,5.0,4.321782692584506,NaN,1024,"TI"
2.0,5.0,4.540471775205679,NaN,1024,"TI"
2.1,5.0,4.758456199894466,NaN,1024,"TI"
2.2,5.0,4.9730047928064,NaN,1024,"TI"
2.3,5.0,5.179629164721121,NaN,1024,"TI"
2.4,5.0,5.394185267732106,NaN,1024,"TI"
2.5,5.0,5.6070005644747685,NaN,1024,"TI"
2.6,5.0,5.82835487458667,NaN,1024,"TI"
2.7,5.0,6.043997781429689,NaN,1024,"TI"
2.8,5.0,6.262501025538846,NaN,1024,"TI"
2.9,5.0,6.46815107588953,NaN,1024,"TI"
3.0,5.0,6.678748556764379,NaN,1024,"TI"
3.1,5.0,6.893291592824697,NaN,1024,"TI"
3.2,5.0,7.105939655162643,NaN,1024,"TI"
3.3,5.0,7.313959082682258,NaN,1024,"TI"
3.4,5.0,7.5214025946825265,NaN,1024,"TI"
3.5,5.0,7.7287671768432205,NaN,1024,"TI"
3.6,5.0,7.943107231504767,NaN,1024,"TI"
3.7,5.0,8.160668346059508,NaN,1024,"TI"
3.8,5.0,8.364490296966428,NaN,1024,"TI"
3.9,5.0,8.572121579036056,NaN,1024,"TI"
4.0,5.0,8.776568125015558,NaN,1024,"TI"
4.1,5.0,8.979376680746554,NaN,1024,"TI"
4.2,5.0,9.189772756551411,NaN,1024,"TI"
4.3,5.0,9.392989628108818,NaN,1024,"TI"
4.4,5.0,9.597119145508856,NaN,1024,"TI"
4.5,5.0,9.806564721788206,NaN,1024,"TI"
4.6,5.0,10.001691326134086,NaN,1024,"TI"
4.7,5.0,10.205677543237254,NaN,1024,"TI"
4.8,5.0,10.412361759953138,NaN,1024,"TI"
4.9,5.0,10.64498242416498,NaN,1024,"TI"
5.0,5.0,10.897590811474675,NaN,1024,"TI"
0.0,5.0,0.3635896341747064,NaN,128,"TI"
0.1,5.0,0.6974079497229395,NaN,128,"TI"
0.2,5.0,0.980949891287032,NaN,128,"TI"
0.3,5.0,1.2530008367323313,NaN,128,"TI"
0.4,5.0,1.53117450177575,NaN,128,"TI"
0.5,5.0,1.8024108010648592,NaN,128,"TI"
0.6,5.0,2.0667585929813717,NaN,128,"TI"
0.7,5.0,2.337188715511358,NaN,128,"TI"
0.8,5.0,2.595104283845706,NaN,128,"TI"
0.9,5.0,2.865473598019976,NaN,128,"TI"
1.0,5.0,3.1394469325121888,NaN,128,"TI"
1.1,5.0,3.4152243691715087,NaN,128,"TI"
1.2,5.0,3.6804250855984693,NaN,128,"TI"
1.3,5.0,3.9635690130149306,NaN,128,"TI"
1.4,5.0,4.245879999659821,NaN,128,"TI"
1.5,5.0,4.5271490444067375,NaN,128,"TI"
1.6,5.0,4.811277760070061,NaN,128,"TI"
1.7,5.0,5.085696454465854,NaN,128,"TI"
1.8,5.0,5.371762475959876,NaN,128,"TI"
1.9,5.0,5.662442683588289,NaN,128,"TI"
2.0,5.0,5.9688956524567915,NaN,128,"TI"
2.1,5.0,6.2627183835415785,NaN,128,"TI"
2.2,5.0,6.557369627954176,NaN,128,"TI"
2.3,5.0,6.85121283303805,NaN,128,"TI"
2.4,5.0,7.141741938701523,NaN,128,"TI"
2.5,5.0,7.436925103177839,NaN,128,"TI"
2.6,5.0,7.723992307394862,NaN,128,"TI"
2.7,5.0,8.02061873141653,NaN,128,"TI"
2.8,5.0,8.307207887195661,NaN,128,"TI"
2.9,5.0,8.599938150545633,NaN,128,"TI"
3.0,5.0,8.887131277686516,NaN,128,"TI"
3.1,5.0,9.163606511603604,NaN,128,"TI"
3.2,5.0,9.452836903615067,NaN,128,"TI"
3.3,5.0,9.738968620830631,NaN,128,"TI"
3.4,5.0,10.026984453438896,NaN,128,"TI"
3.5,5.0,10.325380878767794,NaN,128,"TI"
3.6,5.0,10.59724884305299,NaN,128,"TI"
3.7,5.0,10.879837186624401,NaN,128,"TI"
3.8,5.0,11.155872717619761,NaN,128,"TI"
3.9,5.0,11.43812006607675,NaN,128,"TI"
4.0,5.0,11.721534493777662,NaN,128,"TI"
4.1,5.0,12.00415810737795,NaN,128,"TI"
4.2,5.0,12.273582493283964,NaN,128,"TI"
4.3,5.0,12.546113026701462,NaN,128,"TI"
4.4,5.0,12.809247352906995,NaN,128,"TI"
4.5,5.0,13.073378121109865,NaN,128,"TI"
4.6,5.0,13.337847249406067,NaN,128,"TI"
4.7,5.0,13.606094972682266,NaN,128,"TI"
4.8,5.0,13.890991764803625,NaN,128,"TI"
4.9,5.0,14.176671440243574,NaN,128,"TI"
5.0,5.0,14.509818921449487,NaN,128,"TI"
0.0,5.0,0.33591156809066014,NaN,4096,"TI"
0.1,5.0,0.5686100738767184,NaN,4096,"TI"
0.2,5.0,0.774170669882584,NaN,4096,"TI"
0.3,5.0,0.9640107616764155,NaN,4096,"TI"
0.4,5.0,1.1688452883422211,NaN,4096,"TI"
0.5,5.0,1.3620109349980285,NaN,4096,"TI"
0.6,5.0,1.5605430522142296,NaN,4096,"TI"
0.7,5.0,1.753886794642163,NaN,4096,"TI"
0.8,5.0,1.9396266183142874,NaN,4096,"TI"
0.9,5.0,2.118455640233722,NaN,4096,"TI"
1.0,5.0,2.2947929221208763,NaN,4096,"TI"
1.1,5.0,2.480026007162936,NaN,4096,"TI"
1.2,5.0,2.6691381337397813,NaN,4096,"TI"
1.3,5.0,2.8485063857982387,NaN,4096,"TI"
1.4,5.0,3.0363611140765996,NaN,4096,"TI"
1.5,5.0,3.223364902505511,NaN,4096,"TI"
1.6,5.0,3.411821886582719,NaN,4096,"TI"
1.7,5.0,3.5990997698771743,NaN,4096,"TI"
1.8,5.0,3.7984754687485185,NaN,4096,"TI"
1.9,5.0,3.9912905558941567,NaN,4096,"TI"
2.0,5.0,4.184235312624536,NaN,4096,"TI"
2.1,5.0,4.377935131752256,NaN,4096,"TI"
2.2,5.0,4.568295531107835,NaN,4096,"TI"
2.3,5.0,4.753305570884137,NaN,4096,"TI"
2.4,5.0,4.937719226119908,NaN,4096,"TI"
2.5,5.0,5.122343884574841,NaN,4096,"TI"
2.6,5.0,5.308697917524998,NaN,4096,"TI"
2.7,5.0,5.498376192062215,NaN,4096,"TI"
2.8,5.0,5.686035098740361,NaN,4096,"TI"
2.9,5.0,5.870485481912422,NaN,4096,"TI"
3.0,5.0,6.056695843386245,NaN,4096,"TI"
3.1,5.0,6.249259102927121,NaN,4096,"TI"
3.2,5.0,6.445008636514769,NaN,4096,"TI"
3.3,5.0,6.6322924230541975,NaN,4096,"TI"
3.4,5.0,6.830296741045885,NaN,4096,"TI"
3.5,5.0,7.021774003397926,NaN,4096,"TI"
3.6,5.0,7.2092443630817,NaN,4096,"TI"
3.7,5.0,7.395084933057923,NaN,4096,"TI"
3.8,5.0,7.592237887285794,NaN,4096,"TI"
3.9,5.0,7.787040762789088,NaN,4096,"TI"
4.0,5.0,7.9713772484908105,NaN,4096,"TI"
4.1,5.0,8.153937063476274,NaN,4096,"TI"
4.2,5.0,8.334857374465221,NaN,4096,"TI"
4.3,5.0,8.521545302854166,NaN,4096,"TI"
4.4,5.0,8.706869454155846,NaN,4096,"TI"
4.5,5.0,8.89805232911189,NaN,4096,"TI"
4.6,5.0,9.086962699629284,NaN,4096,"TI"
4.7,5.0,9.26725690338878,NaN,4096,"TI"
4.8,5.0,9.467830695197103,NaN,4096,"TI"
4.9,5.0,9.673344675319653,NaN,4096,"TI"
5.0,5.0,9.912946226916562,NaN,4096,"TI"
0.0,6.0,0.3607896204804144,NaN,1024,"TI"
0.1,6.0,0.603294013221209,NaN,1024,"TI"
0.2,6.0,0.83474160490842,NaN,1024,"TI"
0.3,6.0,1.0436533075620136,NaN,1024,"TI"
0.4,6.0,1.2456716889339725,NaN,1024,"TI"
0.5,6.0,1.4528791339236788,NaN,1024,"TI"
0.6,6.0,1.657810334761709,NaN,1024,"TI"
0.7,6.0,1.8595245678908368,NaN,1024,"TI"
0.8,6.0,2.058020448243756,NaN,1024,"TI"
0.9,6.0,2.2674187619855815,NaN,1024,"TI"
1.0,6.0,2.477124061285466,NaN,1024,"TI"
1.1,6.0,2.6889074481663884,NaN,1024,"TI"
1.2,6.0,2.9007815304909603,NaN,1024,"TI"
1.3,6.0,3.1009457454819507,NaN,1024,"TI"
1.4,6.0,3.312799253305317,NaN,1024,"TI"
1.5,6.0,3.5230164455446173,NaN,1024,"TI"
1.6,6.0,3.733041079399471,NaN,1024,"TI"
1.7,6.0,3.959183830513713,NaN,1024,"TI"
1.8,6.0,4.179800302557059,NaN,1024,"TI"
1.9,6.0,4.3946657628330215,NaN,1024,"TI"
2.0,6.0,4.622541370992018,NaN,1024,"TI"
2.1,6.0,4.852807511235033,NaN,1024,"TI"
2.2,6.0,5.082305437682277,NaN,1024,"TI"
2.3,6.0,5.310717670512858,NaN,1024,"TI"
2.4,6.0,5.547541132741493,NaN,1024,"TI"
2.5,6.0,5.775507542969079,NaN,1024,"TI"
2.6,6.0,6.009597935837825,NaN,1024,"TI"
2.7,6.0,6.236701021034563,NaN,1024,"TI"
2.8,6.0,6.468887554122659,NaN,1024,"TI"
2.9,6.0,6.692654044577876,NaN,1024,"TI"
3.0,6.0,6.924224424580357,NaN,1024,"TI"
3.1,6.0,7.150255393855339,NaN,1024,"TI"
3.2,6.0,7.366648515538263,NaN,1024,"TI"
3.3,6.0,7.59085978851,NaN,1024,"TI"
3.4,6.0,7.812146724853782,NaN,1024,"TI"
3.5,6.0,8.033526324316265,NaN,1024,"TI"
3.6,6.0,8.263508550207451,NaN,1024,"TI"
3.7,6.0,8.502840654131719,NaN,1024,"TI"
3.8,6.0,8.733686579771817,NaN,1024,"TI"
3.9,6.0,8.950168931424782,NaN,1024,"TI"
4.0,6.0,9.18007885768823,NaN,1024,"TI"
4.1,6.0,9.402494589884595,NaN,1024,"TI"
4.2,6.0,9.630324635243653,NaN,1024,"TI"
4.3,6.0,9.852570322543663,NaN,1024,"TI"
4.4,6.0,10.07195657255056,NaN,1024,"TI"
4.5,6.0,10.293135144841782,NaN,1024,"TI"
4.6,6.0,10.519909010056752,NaN,1024,"TI"
4.7,6.0,10.739414254324737,NaN,1024,"TI"
4.8,6.0,10.95911434320227,NaN,1024,"TI"
4.9,6.0,11.166623342864318,NaN,1024,"TI"
5.0,6.0,11.378533533342987,NaN,1024,"TI"
5.1,6.0,11.581726762346985,NaN,1024,"TI"
5.2,6.0,11.798082970385597,NaN,1024,"TI"
5.3,6.0,12.005963346220204,NaN,1024,"TI"
5.4,6.0,12.212665551947582,NaN,1024,"TI"
5.5,6.0,12.42235025728635,NaN,1024,"TI"
5.6,6.0,12.631704005110656,NaN,1024,"TI"
5.7,6.0,12.849425144296069,NaN,1024,"TI"
5.8,6.0,13.071854126768265,NaN,1024,"TI"
5.9,6.0,13.294729033306936,NaN,1024,"TI"
6.0,6.0,13.545674232718982,NaN,1024,"TI"
0.0,6.0,0.37869219187422326,NaN,128,"TI"
0.1,6.0,0.7043768096816699,NaN,128,"TI"
0.2,6.0,1.002611388278248,NaN,128,"TI"
0.3,6.0,1.2770309377135356,NaN,128,"TI"
0.4,6.0,1.552537759955132,NaN,128,"TI"
0.5,6.0,1.8277306280592174,NaN,128,"TI"
0.6,6.0,2.1081069737105653,NaN,128,"TI"
0.7,6.0,2.3878785832312497,NaN,128,"TI"
0.8,6.0,2.66699721232235,NaN,128,"TI"
0.9,6.0,2.9417004768284,NaN,128,"TI"
1.0,6.0,3.2194388792725253,NaN,128,"TI"
1.1,6.0,3.511897534261688,NaN,128,"TI"
1.2,6.0,3.798572851286212,NaN,128,"TI"
1.3,6.0,4.085809710334407,NaN,128,"TI"
1.4,6.0,4.377096278502636,NaN,128,"TI"
1.5,6.0,4.66455110797436,NaN,128,"TI"
1.6,6.0,4.959678001669968,NaN,128,"TI"
1.7,6.0,5.263400431329802,NaN,128,"TI"
1.8,6.0,5.562974749423275,NaN,128,"TI"
1.9,6.0,5.86714832339993,NaN,128,"TI"
2.0,6.0,6.166386950593113,NaN,128,"TI"
2.1,6.0,6.465095697721879,NaN,128,"TI"
2.2,6.0,6.772749132465885,NaN,128,"TI"
2.3,6.0,7.085097845871982,NaN,128,"TI"
2.4,6.0,7.390666018153153,NaN,128,"TI"
2.5,6.0,7.707093699539314,NaN,128,"TI"
2.6,6.0,8.022356390442063,NaN,128,"TI"
2.7,6.0,8.327967990497008,NaN,128,"TI"
2.8,6.0,8.653167415462722,NaN,128,"TI"
2.9,6.0,8.956927018250893,NaN,128,"TI"
3.0,6.0,9.266610019278504,NaN,128,"TI"
3.1,6.0,9.586817252260635,NaN,128,"TI"
3.2,6.0,9.90002171750123,NaN,128,"TI"
3.3,6.0,10.206191594005825,NaN,128,"TI"
3.4,6.0,10.526783743500317,NaN,128,"TI"
3.5,6.0,10.842042792793906,NaN,128,"TI"
3.6,6.0,11.153048268542747,NaN,128,"TI"
3.7,6.0,11.452725036915416,NaN,128,"TI"
3.8,6.0,11.764133540173688,NaN,128,"TI"
3.9,6.0,12.06256902000469,NaN,128,"TI"
4.0,6.0,12.360145992195237,NaN,128,"TI"
4.1,6.0,12.66668196745365,NaN,128,"TI"
4.2,6.0,12.955964163878377,NaN,128,"TI"
4.3,6.0,13.263426017465967,NaN,128,"TI"
4.4,6.0,13.550395204225852,NaN,128,"TI"
4.5,6.0,13.84593400540399,NaN,128,"TI"
4.6,6.0,14.133565566139485,NaN,128,"TI"
4.7,6.0,14.427198677728919,NaN,128,"TI"
4.8,6.0,14.720263840261525,NaN,128,"TI"
4.9,6.0,14.999438062334548,NaN,128,"TI"
5.0,6.0,15.288371563685512,NaN,128,"TI"
5.1,6.0,15.563054128106469,NaN,128,"TI"
5.2,6.0,15.841226968464055,NaN,128,"TI"
5.3,6.0,16.12756765977542,NaN,128,"TI"
5.4,6.0,16.40458656119661,NaN,128,"TI"
5.5,6.0,16.672678980036306,NaN,128,"TI"
5.6,6.0,16.94309540204128,NaN,128,"TI"
5.7,6.0,17.22542295105171,NaN,128,"TI"
5.8,6.0,17.504327119165847,NaN,128,"TI"
5.9,6.0,17.809243015013312,NaN,128,"TI"
6.0,6.0,18.14328640455205,NaN,128,"TI"
0.0,6.0,0.34334256295628074,NaN,4096,"TI"
0.1,6.0,0.5727001032433416,NaN,4096,"TI"
0.2,6.0,0.7933156757625992,NaN,4096,"TI"
0.3,6.0,0.9913375678892054,NaN,4096,"TI"
0.4,6.0,1.180073175022277,NaN,4096,"TI"
0.5,6.0,1.3673453011040322,NaN,4096,"TI"
0.6,6.0,1.5593288545300306,NaN,4096,"TI"
0.7,6.0,1.748914034308536,NaN,4096,"TI"
0.8,6.0,1.9365950406380388,NaN,4096,"TI"
0.9,6.0,2.1286654941801753,NaN,4096,"TI"
1.0,6.0,2.32196798583225,NaN,4096,"TI"
1.1,6.0,2.5080728180436913,NaN,4096,"TI"
1.2,6.0,2.7060312816861667,NaN,4096,"TI"
1.3,6.0,2.8867274446597317,NaN,4096,"TI"
1.4,6.0,3.0846627328341416,NaN,4096,"TI"
1.5,6.0,3.2754279728987648,NaN,4096,"TI"
1.6,6.0,3.471949682954213,NaN,4096,"TI"
1.7,6.0,3.6649330621869707,NaN,4096,"TI"
1.8,6.0,3.8629278908578337,NaN,4096,"TI"
1.9,6.0,4.05673732973849,NaN,4096,"TI"
2.0,6.0,4.256041033935162,NaN,4096,"TI"
2.1,6.0,4.448891182452765,NaN,4096,"TI"
2.2,6.0,4.647032123823015,NaN,4096,"TI"
2.3,6.0,4.838178379825289,NaN,4096,"TI"
2.4,6.0,5.034702886627148,NaN,4096,"TI"
2.5,6.0,5.226172529893064,NaN,4096,"TI"
2.6,6.0,5.416563677432425,NaN,4096,"TI"
2.7,6.0,5.612143331194244,NaN,4096,"TI"
2.8,6.0,5.810091259035537,NaN,4096,"TI"
2.9,6.0,6.005551261942399,NaN,4096,"TI"
3.0,6.0,6.198914946776108,NaN,4096,"TI"
3.1,6.0,6.396122802867569,NaN,4096,"TI"
3.2,6.0,6.600982960476773,NaN,4096,"TI"
3.3,6.0,6.803850072600517,NaN,4096,"TI"
3.4,6.0,7.004938857091165,NaN,4096,"TI"
3.5,6.0,7.206994250847641,NaN,4096,"TI"
3.6,6.0,7.408432030339362,NaN,4096,"TI"
3.7,6.0,7.613068111345109,NaN,4096,"TI"
3.8,6.0,7.810770624291826,NaN,4096,"TI"
3.9,6.0,8.009820140663765,NaN,4096,"TI"
4.0,6.0,8.19615920380165,NaN,4096,"TI"
4.1,6.0,8.394904160465453,NaN,4096,"TI"
4.2,6.0,8.587890007978382,NaN,4096,"TI"
4.3,6.0,8.777025485736536,NaN,4096,"TI"
4.4,6.0,8.973725452486816,NaN,4096,"TI"
4.5,6.0,9.172457615955523,NaN,4096,"TI"
4.6,6.0,9.364291617103147,NaN,4096,"TI"
4.7,6.0,9.546220461780386,NaN,4096,"TI"
4.8,6.0,9.744510787660317,NaN,4096,"TI"
4.9,6.0,9.938847515148296,NaN,4096,"TI"
5.0,6.0,10.124616769857518,NaN,4096,"TI"
5.1,6.0,10.31225733954734,NaN,4096,"TI"
5.2,6.0,10.498064665943785,NaN,4096,"TI"
5.3,6.0,10.690786558805595,NaN,4096,"TI"
5.4,6.0,10.88260112912082,NaN,4096,"TI"
5.5,6.0,11.072149414362615,NaN,4096,"TI"
5.6,6.0,11.256310700748406,NaN,4096,"TI"
5.7,6.0,11.45060259765097,NaN,4096,"TI"
5.8,6.0,11.657200266911635,NaN,4096,"TI"
5.9,6.0,11.873997699704427,NaN,4096,"TI"
6.0,6.0,12.111898095726037,NaN,4096,"TI"
0.0,7.0,0.3371608178775405,NaN,1024,"TI"
0.1,7.0,0.6052790932167897,NaN,1024,"TI"
0.2,7.0,0.8386935521107427,NaN,1024,"TI"
0.3,7.0,1.0499192464775202,NaN,1024,"TI"
0.4,7.0,1.2532644803810349,NaN,1024,"TI"
0.5,7.0,1.4568507977836782,NaN,1024,"TI"
0.6,7.0,1.6626254331135,NaN,1024,"TI"
0.7,7.0,1.8716691006528052,NaN,1024,"TI"
0.8,7.0,2.0732893933300565,NaN,1024,"TI"
0.9,7.0,2.2812911504190607,NaN,1024,"TI"
1.0,7.0,2.481903545396974,NaN,1024,"TI"
1.1,7.0,2.6862292604238047,NaN,1024,"TI"
1.2,7.0,2.887382781426644,NaN,1024,"TI"
1.3,7.0,3.1009105758845954,NaN,1024,"TI"
1.4,7.0,3.31265308207034,NaN,1024,"TI"
1.5,7.0,3.536174867613474,NaN,1024,"TI"
1.6,7.0,3.7423141835039373,NaN,1024,"TI"
1.7,7.0,3.960004614374317,NaN,1024,"TI"
1.8,7.0,4.185765323025719,NaN,1024,"TI"
1.9,7.0,4.401529683058849,NaN,1024,"TI"
2.0,7.0,4.6309220315111705,NaN,1024,"TI"
2.1,7.0,4.863867361624908,NaN,1024,"TI"
2.2,7.0,5.092468431166735,NaN,1024,"TI"
2.3,7.0,5.322241613082373,NaN,1024,"TI"
2.4,7.0,5.54340521652125,NaN,1024,"TI"
2.5,7.0,5.7829633628353925,NaN,1024,"TI"
2.6,7.0,6.021486624093623,NaN,1024,"TI"
2.7,7.0,6.26057703287433,NaN,1024,"TI"
2.8,7.0,6.497445904653751,NaN,1024,"TI"
2.9,7.0,6.735898759731976,NaN,1024,"TI"
3.0,7.0,6.975112792261833,NaN,1024,"TI"
3.1,7.0,7.214096392160087,NaN,1024,"TI"
3.2,7.0,7.4547561766037065,NaN,1024,"TI"
3.3,7.0,7.683865356294422,NaN,1024,"TI"
3.4,7.0,7.921626429049559,NaN,1024,"TI"
3.5,7.0,8.160598316434188,NaN,1024,"TI"
3.6,7.0,8.391388581016939,NaN,1024,"TI"
3.7,7.0,8.62511767566462,NaN,1024,"TI"
3.8,7.0,8.865401721180051,NaN,1024,"TI"
3.9,7.0,9.092068805865367,NaN,1024,"TI"
4.0,7.0,9.330305273109825,NaN,1024,"TI"
4.1,7.0,9.550579484597701,NaN,1024,"TI"
4.2,7.0,9.785669521647188,NaN,1024,"TI"
4.3,7.0,10.004902305582194,NaN,1024,"TI"
4.4,7.0,10.246690521446022,NaN,1024,"TI"
4.5,7.0,10.47452280370078,NaN,1024,"TI"
4.6,7.0,10.699551539185531,NaN,1024,"TI"
4.7,7.0,10.92996137801802,NaN,1024,"TI"
4.8,7.0,11.14891422484073,NaN,1024,"TI"
4.9,7.0,11.366584067091564,NaN,1024,"TI"
5.0,7.0,11.584556006865695,NaN,1024,"TI"
5.1,7.0,11.807151644429975,NaN,1024,"TI"
5.2,7.0,12.032371919319713,NaN,1024,"TI"
5.3,7.0,12.248157060422631,NaN,1024,"TI"
5.4,7.0,12.458368361399067,NaN,1024,"TI"
5.5,7.0,12.673713370275754,NaN,1024,"TI"
5.6,7.0,12.891280153820064,NaN,1024,"TI"
5.7,7.0,13.100959028321343,NaN,1024,"TI"
5.8,7.0,13.300259050601626,NaN,1024,"TI"
5.9,7.0,13.505770727476065,NaN,1024,"TI"
6.0,7.0,13.718945205065369,NaN,1024,"TI"
6.1,7.0,13.925314551455395,NaN,1024,"TI"
6.2,7.0,14.127579122730722,NaN,1024,"TI"
6.3,7.0,14.320177774297184,NaN,1024,"TI"
6.4,7.0,14.524556782124309,NaN,1024,"TI"
6.5,7.0,14.727359149087675,NaN,1024,"TI"
6.6,7.0,14.934615421720828,NaN,1024,"TI"
6.7,7.0,15.150067298963407,NaN,1024,"TI"
6.8,7.0,15.375863083571174,NaN,1024,"TI"
6.9,7.0,15.610157730061287,NaN,1024,"TI"
7.0,7.0,15.874756441946726,NaN,1024,"TI"
0.0,7.0,0.3819697745780103,NaN,128,"TI"
0.1,7.0,0.7238332707032525,NaN,128,"TI"
0.2,7.0,1.0415856632073377,NaN,128,"TI"
0.3,7.0,1.3393488318709812,NaN,128,"TI"
0.4,7.0,1.627423295146973,NaN,128,"TI"
0.5,7.0,1.921002201294351,NaN,128,"TI"
0.6,7.0,2.2068500783492797,NaN,128,"TI"
0.7,7.0,2.483605659553533,NaN,128,"TI"
0.8,7.0,2.783191258704719,NaN,128,"TI"
0.9,7.0,3.0796330377999377,NaN,128,"TI"
1.0,7.0,3.3753187472132513,NaN,128,"TI"
1.1,7.0,3.678969146116607,NaN,128,"TI"
1.2,7.0,3.9850711017721356,NaN,128,"TI"
1.3,7.0,4.28382533242674,NaN,128,"TI"
1.4,7.0,4.594419681607097,NaN,128,"TI"
1.5,7.0,4.908178531389736,NaN,128,"TI"
1.6,7.0,5.21370116347326,NaN,128,"TI"
1.7,7.0,5.5304167727916695,NaN,128,"TI"
1.8,7.0,5.8456346365304475,NaN,128,"TI"
1.9,7.0,6.177260688836849,NaN,128,"TI"
2.0,7.0,6.5096757490243125,NaN,128,"TI"
2.1,7.0,6.825185531295352,NaN,128,"TI"
2.2,7.0,7.140767225631881,NaN,128,"TI"
2.3,7.0,7.466911189252641,NaN,128,"TI"
2.4,7.0,7.792064168343747,NaN,128,"TI"
2.5,7.0,8.126918896647162,NaN,128,"TI"
2.6,7.0,8.464271063051877,NaN,128,"TI"
2.7,7.0,8.793141640636701,NaN,128,"TI"
2.8,7.0,9.123190440598737,NaN,128,"TI"
2.9,7.0,9.451050349415086,NaN,128,"TI"
3.0,7.0,9.79133563025153,NaN,128,"TI"
3.1,7.0,10.132314873386468,NaN,128,"TI"
3.2,7.0,10.462029719873938,NaN,128,"TI"
3.3,7.0,10.792201172931748,NaN,128,"TI"
3.4,7.0,11.126137362929999,NaN,128,"TI"
3.5,7.0,11.473151798805285,NaN,128,"TI"
3.6,7.0,11.812234891561685,NaN,128,"TI"
3.7,7.0,12.168394754496907,NaN,128,"TI"
3.8,7.0,12.503818649609666,NaN,128,"TI"
3.9,7.0,12.835810768352372,NaN,128,"TI"
4.0,7.0,13.163312556758617,NaN,128,"TI"
4.1,7.0,13.50333938723724,NaN,128,"TI"
4.2,7.0,13.842405492455807,NaN,128,"TI"
4.3,7.0,14.17763406673677,NaN,128,"TI"
4.4,7.0,14.522193526468087,NaN,128,"TI"
4.5,7.0,14.851303965904366,NaN,128,"TI"
4.6,7.0,15.17302501808774,NaN,128,"TI"
4.7,7.0,15.492520085975265,NaN,128,"TI"
4.8,7.0,15.814859391638127,NaN,128,"TI"
4.9,7.0,16.13869471945713,NaN,128,"TI"
5.0,7.0,16.465914567869152,NaN,128,"TI"
5.1,7.0,16.791768326696435,NaN,128,"TI"
5.2,7.0,17.117212885499363,NaN,128,"TI"
5.3,7.0,17.429044086924662,NaN,128,"TI"
5.4,7.0,17.748461261338196,NaN,128,"TI"
5.5,7.0,18.058973864066473,NaN,128,"TI"
5.6,7.0,18.362670578126902,NaN,128,"TI"
5.7,7.0,18.663072913096165,NaN,128,"TI"
5.8,7.0,18.966220224975686,NaN,128,"TI"
5.9,7.0,19.27538723131596,NaN,128,"TI"
6.0,7.0,19.574409929319707,NaN,128,"TI"
6.1,7.0,19.871640096301146,NaN,128,"TI"
6.2,7.0,20.181070409037755,NaN,128,"TI"
6.3,7.0,20.47944224670073,NaN,128,"TI"
6.4,7.0,20.770956160553922,NaN,128,"TI"
6.5,7.0,21.055482078496254,NaN,128,"TI"
6.6,7.0,21.341574369819213,NaN,128,"TI"
6.7,7.0,21.626311486153302,NaN,128,"TI"
6.8,7.0,21.92531978498973,NaN,128,"TI"
6.9,7.0,22.234045017757175,NaN,128,"TI"
7.0,7.0,22.601005832596393,NaN,128,"TI"
0.0,7.0,0.36433359310732044,NaN,4096,"TI"
0.1,7.0,0.6090409320681576,NaN,4096,"TI"
0.2,7.0,0.8160033259364935,NaN,4096,"TI"
0.3,7.0,1.00743614199267,NaN,4096,"TI"
0.4,7.0,1.2007387513361705,NaN,4096,"TI"
0.5,7.0,1.398227737243456,NaN,4096,"TI"
0.6,7.0,1.583401967604053,NaN,4096,"TI"
0.7,7.0,1.7715506525950038,NaN,4096,"TI"
0.8,7.0,1.9585320713266432,NaN,4096,"TI"
0.9,7.0,2.1490396425094076,NaN,4096,"TI"
1.0,7.0,2.3427970223714274,NaN,4096,"TI"
1.1,7.0,2.5269554898751885,NaN,4096,"TI"
1.2,7.0,2.7178453450251454,NaN,4096,"TI"
1.3,7.0,2.9125562549761597,NaN,4096,"TI"
1.4,7.0,3.096930216735991,NaN,4096,"TI"
1.5,7.0,3.2876850251870744,NaN,4096,"TI"
1.6,7.0,3.480294539224715,NaN,4096,"TI"
1.7,7.0,3.6800364108418666,NaN,4096,"TI"
1.8,7.0,3.882671675821138,NaN,4096,"TI"
1.9,7.0,4.080425590030412,NaN,4096,"TI"
2.0,7.0,4.2721756322207485,NaN,4096,"TI"
2.1,7.0,4.459350088993422,NaN,4096,"TI"
2.2,7.0,4.668138710534175,NaN,4096,"TI"
2.3,7.0,4.8677056091858395,NaN,4096,"TI"
2.4,7.0,5.0664803042438455,NaN,4096,"TI"
2.5,7.0,5.270722219030034,NaN,4096,"TI"
2.6,7.0,5.470444723765964,NaN,4096,"TI"
2.7,7.0,5.670427994128074,NaN,4096,"TI"
2.8,7.0,5.871516915559807,NaN,4096,"TI"
2.9,7.0,6.077243584144212,NaN,4096,"TI"
3.0,7.0,6.279512474121646,NaN,4096,"TI"
3.1,7.0,6.4893829294996515,NaN,4096,"TI"
3.2,7.0,6.692387314132781,NaN,4096,"TI"
3.3,7.0,6.909830963871886,NaN,4096,"TI"
3.4,7.0,7.111558074658479,NaN,4096,"TI"
3.5,7.0,7.319657357131659,NaN,4096,"TI"
3.6,7.0,7.528881056509712,NaN,4096,"TI"
3.7,7.0,7.742322033664941,NaN,4096,"TI"
3.8,7.0,7.9509107983590175,NaN,4096,"TI"
3.9,7.0,8.151431937780306,NaN,4096,"TI"
4.0,7.0,8.361209450000686,NaN,4096,"TI"
4.1,7.0,8.563955903691259,NaN,4096,"TI"
4.2,7.0,8.764481411928918,NaN,4096,"TI"
4.3,7.0,8.966878303707858,NaN,4096,"TI"
4.4,7.0,9.176281592960965,NaN,4096,"TI"
4.5,7.0,9.376905641720395,NaN,4096,"TI"
4.6,7.0,9.575160798351199,NaN,4096,"TI"
4.7,7.0,9.770974973467903,NaN,4096,"TI"
4.8,7.0,9.975100338414457,NaN,4096,"TI"
4.9,7.0,10.160949574834412,NaN,4096,"TI"
5.0,7.0,10.352680472043055,NaN,4096,"TI"
5.1,7.0,10.54851674023857,NaN,4096,"TI"
5.2,7.0,10.73848998613788,NaN,4096,"TI"
5.3,7.0,10.937251202710582,NaN,4096,"TI"
5.4,7.0,11.132337869406475,NaN,4096,"TI"
5.5,7.0,11.331864868759517,NaN,4096,"TI"
5.6,7.0,11.527715994356006,NaN,4096,"TI"
5.7,7.0,11.717425493350662,NaN,4096,"TI"
5.8,7.0,11.90298927802227,NaN,4096,"TI"
5.9,7.0,12.098064369128737,NaN,4096,"TI"
6.0,7.0,12.29111303368681,NaN,4096,"TI"
6.1,7.0,12.49026710688816,NaN,4096,"TI"
6.2,7.0,12.674348685811038,NaN,4096,"TI"
6.3,7.0,12.86670881532124,NaN,4096,"TI"
6.4,7.0,13.057002617909891,NaN,4096,"TI"
6.5,7.0,13.246674709969625,NaN,4096,"TI"
6.6,7.0,13.44107211255835,NaN,4096,"TI"
6.7,7.0,13.63985810260914,NaN,4096,"TI"
6.8,7.0,13.852993307103894,NaN,4096,"TI"
6.9,7.0,14.071835051360486,NaN,4096,"TI"
7.0,7.0,14.304869285713513,NaN,4096,"TI"
0.0,8.0,0.34748952702766417,NaN,1024,"TI"
0.1,8.0,0.6160635101310187,NaN,1024,"TI"
0.2,8.0,0.839513145993302,NaN,1024,"TI"
0.3,8.0,1.0736708579964809,NaN,1024,"TI"
0.4,8.0,1.2869641295945915,NaN,1024,"TI"
0.5,8.0,1.5058764393858226,NaN,1024,"TI"
0.6,8.0,1.7154588970244045,NaN,1024,"TI"
0.7,8.0,1.9253715556227984,NaN,1024,"TI"
0.8,8.0,2.142719446667489,NaN,1024,"TI"
0.9,8.0,2.3544404800509096,NaN,1024,"TI"
1.0,8.0,2.568327675257129,NaN,1024,"TI"
1.1,8.0,2.7756048975452328,NaN,1024,"TI"
1.2,8.0,2.9927180997245433,NaN,1024,"TI"
1.3,8.0,3.215926017801843,NaN,1024,"TI"
1.4,8.0,3.438137595669467,NaN,1024,"TI"
1.5,8.0,3.674315269597953,NaN,1024,"TI"
1.6,8.0,3.8979515478753455,NaN,1024,"TI"
1.7,8.0,4.120418468176394,NaN,1024,"TI"
1.8,8.0,4.356140547745431,NaN,1024,"TI"
1.9,8.0,4.583634194044162,NaN,1024,"TI"
2.0,8.0,4.812639254418438,NaN,1024,"TI"
2.1,8.0,5.045455848018359,NaN,1024,"TI"
2.2,8.0,5.2768143939123915,NaN,1024,"TI"
2.3,8.0,5.513462040999094,NaN,1024,"TI"
2.4,8.0,5.751778543227663,NaN,1024,"TI"
2.5,8.0,5.9879367813884725,NaN,1024,"TI"
2.6,8.0,6.22558815958671,NaN,1024,"TI"
2.7,8.0,6.471197869999853,NaN,1024,"TI"
2.8,8.0,6.70022406189408,NaN,1024,"TI"
2.9,8.0,6.939391528075844,NaN,1024,"TI"
3.0,8.0,7.183170706025031,NaN,1024,"TI"
3.1,8.0,7.4191390958243515,NaN,1024,"TI"
3.2,8.0,7.665956877250037,NaN,1024,"TI"
3.3,8.0,7.914441354901988,NaN,1024,"TI"
3.4,8.0,8.152238172113735,NaN,1024,"TI"
3.5,8.0,8.39656243530467,NaN,1024,"TI"
3.6,8.0,8.638422528477305,NaN,1024,"TI"
3.7,8.0,8.878051188253071,NaN,1024,"TI"
3.8,8.0,9.120959741997899,NaN,1024,"TI"
3.9,8.0,9.371318484231466,NaN,1024,"TI"
4.0,8.0,9.617110843791208,NaN,1024,"TI"
4.1,8.0,9.855478953518887,NaN,1024,"TI"
4.2,8.0,10.095520326868163,NaN,1024,"TI"
4.3,8.0,10.34256678745204,NaN,1024,"TI"
4.4,8.0,10.590609943040691,NaN,1024,"TI"
4.5,8.0,10.833583721022578,NaN,1024,"TI"
4.6,8.0,11.075586385540243,NaN,1024,"TI"
4.7,8.0,11.319253029380997,NaN,1024,"TI"
4.8,8.0,11.554557602419205,NaN,1024,"TI"
4.9,8.0,11.790724549609122,NaN,1024,"TI"
5.0,8.0,12.020797796129637,NaN,1024,"TI"
5.1,8.0,12.247536429832653,NaN,1024,"TI"
5.2,8.0,12.494132712877253,NaN,1024,"TI"
5.3,8.0,12.740649051131463,NaN,1024,"TI"
5.4,8.0,12.979998186413331,NaN,1024,"TI"
5.5,8.0,13.210085989419715,NaN,1024,"TI"
5.6,8.0,13.442380810564776,NaN,1024,"TI"
5.7,8.0,13.682244528998826,NaN,1024,"TI"
5.8,8.0,13.918035597791691,NaN,1024,"TI"
5.9,8.0,14.153482676895845,NaN,1024,"TI"
6.0,8.0,14.380917979340314,NaN,1024,"TI"
6.1,8.0,14.610567672210935,NaN,1024,"TI"
6.2,8.0,14.845292156045032,NaN,1024,"TI"
6.3,8.0,15.069996240536343,NaN,1024,"TI"
6.4,8.0,15.29842068301247,NaN,1024,"TI"
6.5,8.0,15.51880588836819,NaN,1024,"TI"
6.6,8.0,15.745280274902292,NaN,1024,"TI"
6.7,8.0,15.963291018541083,NaN,1024,"TI"
6.8,8.0,16.17616309687563,NaN,1024,"TI"
6.9,8.0,16.388125901549163,NaN,1024,"TI"
7.0,8.0,16.59307509514678,NaN,1024,"TI"
7.1,8.0,16.809666139145722,NaN,1024,"TI"
7.2,8.0,17.012669812362695,NaN,1024,"TI"
7.3,8.0,17.221815392891678,NaN,1024,"TI"
7.4,8.0,17.426456607410387,NaN,1024,"TI"
7.5,8.0,17.63318653843822,NaN,1024,"TI"
7.6,8.0,17.85036248352303,NaN,1024,"TI"
7.7,8.0,18.066605778074628,NaN,1024,"TI"
7.8,8.0,18.293638438611104,NaN,1024,"TI"
7.9,8.0,18.53959424217079,NaN,1024,"TI"
8.0,8.0,18.802474816485216,NaN,1024,"TI"
0.0,8.0,0.39334528794096485,NaN,128,"TI"
0.1,8.0,0.7559678941864276,NaN,128,"TI"
0.2,8.0,1.0690867691491104,NaN,128,"TI"
0.3,8.0,1.3755294597141097,NaN,128,"TI"
0.4,8.0,1.6677012326277214,NaN,128,"TI"
0.5,8.0,1.9613055614159662,NaN,128,"TI"
0.6,8.0,2.2621226677709507,NaN,128,"TI"
0.7,8.0,2.5613277491578548,NaN,128,"TI"
0.8,8.0,2.8660241177855945,NaN,128,"TI"
0.9,8.0,3.1796938161294115,NaN,128,"TI"
1.0,8.0,3.4858278341846356,NaN,128,"TI"
1.1,8.0,3.7829519666046862,NaN,128,"TI"
1.2,8.0,4.1023978864649635,NaN,128,"TI"
1.3,8.0,4.404822382217015,NaN,128,"TI"
1.4,8.0,4.716417548473116,NaN,128,"TI"
1.5,8.0,5.0252512372341265,NaN,128,"TI"
1.6,8.0,5.33607775053909,NaN,128,"TI"
1.7,8.0,5.66351499792848,NaN,128,"TI"
1.8,8.0,5.979540523762147,NaN,128,"TI"
1.9,8.0,6.307585639630138,NaN,128,"TI"
2.0,8.0,6.643064268268199,NaN,128,"TI"
2.1,8.0,6.973833620144941,NaN,128,"TI"
2.2,8.0,7.316003961695316,NaN,128,"TI"
2.3,8.0,7.656199942053291,NaN,128,"TI"
2.4,8.0,7.98671204957261,NaN,128,"TI"
2.5,8.0,8.326470437985096,NaN,128,"TI"
2.6,8.0,8.660028921404836,NaN,128,"TI"
2.7,8.0,8.989969483422389,NaN,128,"TI"
2.8,8.0,9.32922796559244,NaN,128,"TI"
2.9,8.0,9.66793649283516,NaN,128,"TI"
3.0,8.0,10.013614738971622,NaN,128,"TI"
3.1,8.0,10.371735220064084,NaN,128,"TI"
3.2,8.0,10.706490904580237,NaN,128,"TI"
3.3,8.0,11.059018059557358,NaN,128,"TI"
3.4,8.0,11.41107540281228,NaN,128,"TI"
3.5,8.0,11.762502962551256,NaN,128,"TI"
3.6,8.0,12.127190313241679,NaN,128,"TI"
3.7,8.0,12.466137510440587,NaN,128,"TI"
3.8,8.0,12.808950905270237,NaN,128,"TI"
3.9,8.0,13.164668906740248,NaN,128,"TI"
4.0,8.0,13.514348403534916,NaN,128,"TI"
4.1,8.0,13.864074379233859,NaN,128,"TI"
4.2,8.0,14.21464283571731,NaN,128,"TI"
4.3,8.0,14.571129346898074,NaN,128,"TI"
4.4,8.0,14.905097916092487,NaN,128,"TI"
4.5,8.0,15.25446487598199,NaN,128,"TI"
4.6,8.0,15.59869613503927,NaN,128,"TI"
4.7,8.0,15.952370640625693,NaN,128,"TI"
4.8,8.0,16.299030049608973,NaN,128,"TI"
4.9,8.0,16.63916618640104,NaN,128,"TI"
5.0,8.0,16.98142663077517,NaN,128,"TI"
5.1,8.0,17.33848026827201,NaN,128,"TI"
5.2,8.0,17.68177316403742,NaN,128,"TI"
5.3,8.0,18.009417854268424,NaN,128,"TI"
5.4,8.0,18.34941586706053,NaN,128,"TI"
5.5,8.0,18.67702339468165,NaN,128,"TI"
5.6,8.0,19.000806951925092,NaN,128,"TI"
5.7,8.0,19.328145104770115,NaN,128,"TI"
5.8,8.0,19.659572462972992,NaN,128,"TI"
5.9,8.0,19.98593270599025,NaN,128,"TI"
6.0,8.0,20.326662113127302,NaN,128,"TI"
6.1,8.0,20.653197929103094,NaN,128,"TI"
6.2,8.0,20.976094761802493,NaN,128,"TI"
6.3,8.0,21.295995321307526,NaN,128,"TI"
6.4,8.0,21.611738392668904,NaN,128,"TI"
6.5,8.0,21.93740650480191,NaN,128,"TI"
6.6,8.0,22.254039080066192,NaN,128,"TI"
6.7,8.0,22.559654454223512,NaN,128,"TI"
6.8,8.0,22.873637898556872,NaN,128,"TI"
6.9,8.0,23.17678834805463,NaN,128,"TI"
7.0,8.0,23.47781735446556,NaN,128,"TI"
7.1,8.0,23.795748198413232,NaN,128,"TI"
7.2,8.0,24.10089169063894,NaN,128,"TI"
7.3,8.0,24.414731877309677,NaN,128,"TI"
7.4,8.0,24.712906909794736,NaN,128,"TI"
7.5,8.0,25.011689219680942,NaN,128,"TI"
7.6,8.0,25.31685808331575,NaN,128,"TI"
7.7,8.0,25.609787273400965,NaN,128,"TI"
7.8,8.0,25.914833708974367,NaN,128,"TI"
7.9,8.0,26.240773008049402,NaN,128,"TI"
8.0,8.0,26.601189770102238,NaN,128,"TI"
0.0,8.0,0.34329519870099195,NaN,4096,"TI"
0.1,8.0,0.5969456690915632,NaN,4096,"TI"
0.2,8.0,0.8159322731982162,NaN,4096,"TI"
0.3,8.0,1.022206719315935,NaN,4096,"TI"
0.4,8.0,1.2171766827783983,NaN,4096,"TI"
0.5,8.0,1.4051195222899915,NaN,4096,"TI"
0.6,8.0,1.597954206429078,NaN,4096,"TI"
0.7,8.0,1.8008560937907017,NaN,4096,"TI"
0.8,8.0,1.9923167781950917,NaN,4096,"TI"
0.9,8.0,2.177354127512397,NaN,4096,"TI"
1.0,8.0,2.3803857733651452,NaN,4096,"TI"
1.1,8.0,2.5770219650271047,NaN,4096,"TI"
1.2,8.0,2.7804826742686566,NaN,4096,"TI"
1.3,8.0,2.979909167285174,NaN,4096,"TI"
1.4,8.0,3.1782806779052013,NaN,4096,"TI"
1.5,8.0,3.3806294317276024,NaN,4096,"TI"
1.6,8.0,3.5885313177853395,NaN,4096,"TI"
1.7,8.0,3.7856068761125887,NaN,4096,"TI"
1.8,8.0,3.989172404651228,NaN,4096,"TI"
1.9,8.0,4.193326783305904,NaN,4096,"TI"
2.0,8.0,4.39938818160795,NaN,4096,"TI"
2.1,8.0,4.606733596497127,NaN,4096,"TI"
2.2,8.0,4.808526603153456,NaN,4096,"TI"
2.3,8.0,5.007788886016193,NaN,4096,"TI"
2.4,8.0,5.218755521080382,NaN,4096,"TI"
2.5,8.0,5.426252040966155,NaN,4096,"TI"
2.6,8.0,5.627347275603824,NaN,4096,"TI"
2.7,8.0,5.833917449194574,NaN,4096,"TI"
2.8,8.0,6.0376404522475955,NaN,4096,"TI"
2.9,8.0,6.251385927963758,NaN,4096,"TI"
3.0,8.0,6.458622300463925,NaN,4096,"TI"
3.1,8.0,6.659622881411508,NaN,4096,"TI"
3.2,8.0,6.863370639724173,NaN,4096,"TI"
3.3,8.0,7.074784402401078,NaN,4096,"TI"
3.4,8.0,7.286849928560625,NaN,4096,"TI"
3.5,8.0,7.492030840206364,NaN,4096,"TI"
3.6,8.0,7.704031772798905,NaN,4096,"TI"
3.7,8.0,7.908485186849567,NaN,4096,"TI"
3.8,8.0,8.121802616172252,NaN,4096,"TI"
3.9,8.0,8.333344933746158,NaN,4096,"TI"
4.0,8.0,8.55482273938045,NaN,4096,"TI"
4.1,8.0,8.765404884019414,NaN,4096,"TI"
4.2,8.0,8.98321253225444,NaN,4096,"TI"
4.3,8.0,9.205164545680681,NaN,4096,"TI"
4.4,8.0,9.417506901079909,NaN,4096,"TI"
4.5,8.0,9.637990774252641,NaN,4096,"TI"
4.6,8.0,9.840552919530985,NaN,4096,"TI"
4.7,8.0,10.053783547192316,NaN,4096,"TI"
4.8,8.0,10.263054587811576,NaN,4096,"TI"
4.9,8.0,10.471816614351507,NaN,4096,"TI"
5.0,8.0,10.664683517187013,NaN,4096,"TI"
5.1,8.0,10.86756320648942,NaN,4096,"TI"
5.2,8.0,11.084305860997945,NaN,4096,"TI"
5.3,8.0,11.284834772832934,NaN,4096,"TI"
5.4,8.0,11.494402407659667,NaN,4096,"TI"
5.5,8.0,11.709669342950669,NaN,4096,"TI"
5.6,8.0,11.906388109395614,NaN,4096,"TI"
5.7,8.0,12.112236402166449,NaN,4096,"TI"
5.8,8.0,12.316539639255572,NaN,4096,"TI"
5.9,8.0,12.522557649063861,NaN,4096,"TI"
6.0,8.0,12.734046099775266,NaN,4096,"TI"
6.1,8.0,12.929704159445302,NaN,4096,"TI"
6.2,8.0,13.12465482696229,NaN,4096,"TI"
6.3,8.0,13.32205111569896,NaN,4096,"TI"
6.4,8.0,13.518866133846593,NaN,4096,"TI"
6.5,8.0,13.712147454146768,NaN,4096,"TI"
6.6,8.0,13.903810236897714,NaN,4096,"TI"
6.7,8.0,14.096602682581786,NaN,4096,"TI"
6.8,8.0,14.282504201970783,NaN,4096,"TI"
6.9,8.0,14.47414006748548,NaN,4096,"TI"
7.0,8.0,14.667540219540411,NaN,4096,"TI"
7.1,8.0,14.856035776215794,NaN,4096,"TI"
7.2,8.0,15.05089221576039,NaN,4096,"TI"
7.3,8.0,15.244880605482468,NaN,4096,"TI"
7.4,8.0,15.441483818031223,NaN,4096,"TI"
7.5,8.0,15.636869954498328,NaN,4096,"TI"
7.6,8.0,15.825701156460987,NaN,4096,"TI"
7.7,8.0,16.025030093370276,NaN,4096,"TI"
7.8,8.0,16.226938177664316,NaN,4096,"TI"
7.9,8.0,16.437402045603218,NaN,4096,"TI"
8.0,8.0,16.696864151156987,NaN,4096,"TI"
0.0,9.0,0.34080671585668404,NaN,1024,"TI"
0.1,9.0,0.6068665984028221,NaN,1024,"TI"
0.2,9.0,0.8375773404152255,NaN,1024,"TI"
0.3,9.0,1.0501742817376387,NaN,1024,"TI"
0.4,9.0,1.2689102895179365,NaN,1024,"TI"
0.5,9.0,1.4952434853073369,NaN,1024,"TI"
0.6,9.0,1.7135203131589372,NaN,1024,"TI"
0.7,9.0,1.926154730957125,NaN,1024,"TI"
0.8,9.0,2.136168632357162,NaN,1024,"TI"
0.9,9.0,2.3477015112584043,NaN,1024,"TI"
1.0,9.0,2.5496956950720557,NaN,1024,"TI"
1.1,9.0,2.768775605807111,NaN,1024,"TI"
1.2,9.0,2.9973198415280797,NaN,1024,"TI"
1.3,9.0,3.2142164555797588,NaN,1024,"TI"
1.4,9.0,3.441096956945358,NaN,1024,"TI"
1.5,9.0,3.669014997143575,NaN,1024,"TI"
1.6,9.0,3.8920042531779826,NaN,1024,"TI"
1.7,9.0,4.113388676778269,NaN,1024,"TI"
1.8,9.0,4.3444320140169586,NaN,1024,"TI"
1.9,9.0,4.581322653625274,NaN,1024,"TI"
2.0,9.0,4.805240523213862,NaN,1024,"TI"
2.1,9.0,5.04882501797145,NaN,1024,"TI"
2.2,9.0,5.280088852688919,NaN,1024,"TI"
2.3,9.0,5.514127611814975,NaN,1024,"TI"
2.4,9.0,5.738715541310672,NaN,1024,"TI"
2.5,9.0,5.976301314973756,NaN,1024,"TI"
2.6,9.0,6.223453243645345,NaN,1024,"TI"
2.7,9.0,6.473800362460039,NaN,1024,"TI"
2.8,9.0,6.72060554531814,NaN,1024,"TI"
2.9,9.0,6.972487376040994,NaN,1024,"TI"
3.0,9.0,7.221890653422571,NaN,1024,"TI"
3.1,9.0,7.477923134094581,NaN,1024,"TI"
3.2,9.0,7.74272958688809,NaN,1024,"TI"
3.3,9.0,8.00431926982869,NaN,1024,"TI"
3.4,9.0,8.272211346090272,NaN,1024,"TI"
3.5,9.0,8.53548777289279,NaN,1024,"TI"
3.6,9.0,8.791098221259107,NaN,1024,"TI"
3.7,9.0,9.054707818316492,NaN,1024,"TI"
3.8,9.0,9.30919358870093,NaN,1024,"TI"
3.9,9.0,9.571071249791405,NaN,1024,"TI"
4.0,9.0,9.821250722925768,NaN,1024,"TI"
4.1,9.0,10.084314019160464,NaN,1024,"TI"
4.2,9.0,10.342143882943585,NaN,1024,"TI"
4.3,9.0,10.608806733181643,NaN,1024,"TI"
4.4,9.0,10.866325208273352,NaN,1024,"TI"
4.5,9.0,11.128543305761681,NaN,1024,"TI"
4.6,9.0,11.394123380259618,NaN,1024,"TI"
4.7,9.0,11.649165264904212,NaN,1024,"TI"
4.8,9.0,11.90481591449929,NaN,1024,"TI"
4.9,9.0,12.163796538517241,NaN,1024,"TI"
5.0,9.0,12.42438861491,NaN,1024,"TI"
5.1,9.0,12.67907235437221,NaN,1024,"TI"
5.2,9.0,12.929830500608785,NaN,1024,"TI"
5.3,9.0,13.200063539502734,NaN,1024,"TI"
5.4,9.0,13.464966915964787,NaN,1024,"TI"
5.5,9.0,13.723102776645556,NaN,1024,"TI"
5.6,9.0,13.982487141917451,NaN,1024,"TI"
5.7,9.0,14.23469100224435,NaN,1024,"TI"
5.8,9.0,14.489092759509527,NaN,1024,"TI"
5.9,9.0,14.737364964693628,NaN,1024,"TI"
6.0,9.0,14.98904157166338,NaN,1024,"TI"
6.1,9.0,15.23593726392516,NaN,1024,"TI"
6.2,9.0,15.481517097942127,NaN,1024,"TI"
6.3,9.0,15.730325923619748,NaN,1024,"TI"
6.4,9.0,15.976121446527845,NaN,1024,"TI"
6.5,9.0,16.215911339827375,NaN,1024,"TI"
6.6,9.0,16.460460535348247,NaN,1024,"TI"
6.7,9.0,16.701767513201375,NaN,1024,"TI"
6.8,9.0,16.938499551765982,NaN,1024,"TI"
6.9,9.0,17.186315865093654,NaN,1024,"TI"
7.0,9.0,17.418589204489923,NaN,1024,"TI"
7.1,9.0,17.659484150613793,NaN,1024,"TI"
7.2,9.0,17.889322883133143,NaN,1024,"TI"
7.3,9.0,18.12138261577534,NaN,1024,"TI"
7.4,9.0,18.35310145557786,NaN,1024,"TI"
7.5,9.0,18.58575232385356,NaN,1024,"TI"
7.6,9.0,18.817437452817746,NaN,1024,"TI"
7.7,9.0,19.038651782557377,NaN,1024,"TI"
7.8,9.0,19.2649922004653,NaN,1024,"TI"
7.9,9.0,19.490603841430676,NaN,1024,"TI"
8.0,9.0,19.71665626467135,NaN,1024,"TI"
8.1,9.0,19.944002353859197,NaN,1024,"TI"
8.2,9.0,20.16355619286769,NaN,1024,"TI"
8.3,9.0,20.377742213911464,NaN,1024,"TI"
8.4,9.0,20.593988298591512,NaN,1024,"TI"
8.5,9.0,20.817922404623044,NaN,1024,"TI"
8.6,9.0,21.03764345244981,NaN,1024,"TI"
8.7,9.0,21.259298092386786,NaN,1024,"TI"
8.8,9.0,21.480016546606215,NaN,1024,"TI"
8.9,9.0,21.734471137846803,NaN,1024,"TI"
9.0,9.0,22.006120951840995,NaN,1024,"TI"
0.0,9.0,0.3835570161013163,NaN,128,"TI"
0.1,9.0,0.7564608296455203,NaN,128,"TI"
0.2,9.0,1.0738595817471497,NaN,128,"TI"
0.3,9.0,1.3873640970687207,NaN,128,"TI"
0.4,9.0,1.697396252999754,NaN,128,"TI"
0.5,9.0,1.9926941046075473,NaN,128,"TI"
0.6,9.0,2.3056695871253163,NaN,128,"TI"
0.7,9.0,2.6099642915635615,NaN,128,"TI"
0.8,9.0,2.9136790724521275,NaN,128,"TI"
0.9,9.0,3.228681293646937,NaN,128,"TI"
1.0,9.0,3.5396348378817137,NaN,128,"TI"
1.1,9.0,3.859855388654536,NaN,128,"TI"
1.2,9.0,4.168010640362473,NaN,128,"TI"
1.3,9.0,4.48349360916349,NaN,128,"TI"
1.4,9.0,4.8045716518477315,NaN,128,"TI"
1.5,9.0,5.124223367311029,NaN,128,"TI"
1.6,9.0,5.456441880900081,NaN,128,"TI"
1.7,9.0,5.7723373661978075,NaN,128,"TI"
1.8,9.0,6.088544104737389,NaN,128,"TI"
1.9,9.0,6.4152867590365945,NaN,128,"TI"
2.0,9.0,6.744479198780964,NaN,128,"TI"
2.1,9.0,7.0845284785821745,NaN,128,"TI"
2.2,9.0,7.423438375304902,NaN,128,"TI"
2.3,9.0,7.765685185251278,NaN,128,"TI"
2.4,9.0,8.109666758272674,NaN,128,"TI"
2.5,9.0,8.45063995514814,NaN,128,"TI"
2.6,9.0,8.795696243042991,NaN,128,"TI"
2.7,9.0,9.139492918811936,NaN,128,"TI"
2.8,9.0,9.485133498289917,NaN,128,"TI"
2.9,9.0,9.825513118076412,NaN,128,"TI"
3.0,9.0,10.174392037392382,NaN,128,"TI"
3.1,9.0,10.514127900049958,NaN,128,"TI"
3.2,9.0,10.851434871522525,NaN,128,"TI"
3.3,9.0,11.198886169347892,NaN,128,"TI"
3.4,9.0,11.541206805369411,NaN,128,"TI"
3.5,9.0,11.891089565033765,NaN,128,"TI"
3.6,9.0,12.23076186753826,NaN,128,"TI"
3.7,9.0,12.5914230621313,NaN,128,"TI"
3.8,9.0,12.938679287300054,NaN,128,"TI"
3.9,9.0,13.300010044758984,NaN,128,"TI"
4.0,9.0,13.652960366139492,NaN,128,"TI"
4.1,9.0,14.0073865809117,NaN,128,"TI"
4.2,9.0,14.367106204960917,NaN,128,"TI"
4.3,9.0,14.729050472141061,NaN,128,"TI"
4.4,9.0,15.089092857426849,NaN,128,"TI"
4.5,9.0,15.4505383493988,NaN,128,"TI"
4.6,9.0,15.816738836348438,NaN,128,"TI"
4.7,9.0,16.168992827189108,NaN,128,"TI"
4.8,9.0,16.522833799583886,NaN,128,"TI"
4.9,9.0,16.86461066179023,NaN,128,"TI"
5.0,9.0,17.23198741958634,NaN,128,"TI"
5.1,9.0,17.584948653363924,NaN,128,"TI"
5.2,9.0,17.944763138581973,NaN,128,"TI"
5.3,9.0,18.303005027153674,NaN,128,"TI"
5.4,9.0,18.666032520907027,NaN,128,"TI"
5.5,9.0,19.027316295276563,NaN,128,"TI"
5.6,9.0,19.393598327205535,NaN,128,"TI"
5.7,9.0,19.743535361889574,NaN,128,"TI"
5.8,9.0,20.080999098194436,NaN,128,"TI"
5.9,9.0,20.425539517942465,NaN,128,"TI"
6.0,9.0,20.777605242806928,NaN,128,"TI"
6.1,9.0,21.131157593316452,NaN,128,"TI"
6.2,9.0,21.484153858768412,NaN,128,"TI"
6.3,9.0,21.82816157565224,NaN,128,"TI"
6.4,9.0,22.16969853114246,NaN,128,"TI"
6.5,9.0,22.518220298813393,NaN,128,"TI"
6.6,9.0,22.871092946232423,NaN,128,"TI"
6.7,9.0,23.198974420769478,NaN,128,"TI"
6.8,9.0,23.52922093878248,NaN,128,"TI"
6.9,9.0,23.867123920215732,NaN,128,"TI"
7.0,9.0,24.20821237773355,NaN,128,"TI"
7.1,9.0,24.543886974936637,NaN,128,"TI"
7.2,9.0,24.877035870340297,NaN,128,"TI"
7.3,9.0,25.192867618485618,NaN,128,"TI"
7.4,9.0,25.527183781533715,NaN,128,"TI"
7.5,9.0,25.840053348737158,NaN,128,"TI"
7.6,9.0,26.153857863492128,NaN,128,"TI"
7.7,9.0,26.47701515129339,NaN,128,"TI"
7.8,9.0,26.778086460981072,NaN,128,"TI"
7.9,9.0,27.08317461121918,NaN,128,"TI"
8.0,9.0,27.385815662343326,NaN,128,"TI"
8.1,9.0,27.69837578536748,NaN,128,"TI"
8.2,9.0,28.00480188256751,NaN,128,"TI"
8.3,9.0,28.306473104898,NaN,128,"TI"
8.4,9.0,28.612689998938087,NaN,128,"TI"
8.5,9.0,28.904764118880806,NaN,128,"TI"
8.6,9.0,29.199330027233913,NaN,128,"TI"
8.7,9.0,29.499718758876117,NaN,128,"TI"
8.8,9.0,29.81300860768303,NaN,128,"TI"
8.9,9.0,30.132728334816015,NaN,128,"TI"
9.0,9.0,30.486088004066424,NaN,128,"TI"
0.0,9.0,0.34057762365645783,NaN,4096,"TI"
0.1,9.0,0.5766673300556963,NaN,4096,"TI"
0.2,9.0,0.7869325098320522,NaN,4096,"TI"
0.3,9.0,0.9927819290875552,NaN,4096,"TI"
0.4,9.0,1.1905676380454084,NaN,4096,"TI"
0.5,9.0,1.3884588990772444,NaN,4096,"TI"
0.6,9.0,1.5814350348150177,NaN,4096,"TI"
0.7,9.0,1.761606394838661,NaN,4096,"TI"
0.8,9.0,1.954689710706777,NaN,4096,"TI"
0.9,9.0,2.148677581875738,NaN,4096,"TI"
1.0,9.0,2.342302830458258,NaN,4096,"TI"
1.1,9.0,2.541052193149908,NaN,4096,"TI"
1.2,9.0,2.734300368437417,NaN,4096,"TI"
1.3,9.0,2.9262929563269027,NaN,4096,"TI"
1.4,9.0,3.119912686575678,NaN,4096,"TI"
1.5,9.0,3.3236847311232047,NaN,4096,"TI"
1.6,9.0,3.517896838883952,NaN,4096,"TI"
1.7,9.0,3.714979495959049,NaN,4096,"TI"
1.8,9.0,3.9189700121627897,NaN,4096,"TI"
1.9,9.0,4.122072584739496,NaN,4096,"TI"
2.0,9.0,4.329214889782549,NaN,4096,"TI"
2.1,9.0,4.531545883251571,NaN,4096,"TI"
2.2,9.0,4.73943560463231,NaN,4096,"TI"
2.3,9.0,4.949480144150531,NaN,4096,"TI"
2.4,9.0,5.161602940756599,NaN,4096,"TI"
2.5,9.0,5.371215328020132,NaN,4096,"TI"
2.6,9.0,5.585840677673944,NaN,4096,"TI"
2.7,9.0,5.787886462759834,NaN,4096,"TI"
2.8,9.0,6.008703106294076,NaN,4096,"TI"
2.9,9.0,6.221861795078635,NaN,4096,"TI"
3.0,9.0,6.437285308571747,NaN,4096,"TI"
3.1,9.0,6.6441401075275754,NaN,4096,"TI"
3.2,9.0,6.854575971240353,NaN,4096,"TI"
3.3,9.0,7.069401990749968,NaN,4096,"TI"
3.4,9.0,7.280288612563765,NaN,4096,"TI"
3.5,9.0,7.492308173412756,NaN,4096,"TI"
3.6,9.0,7.704797136466649,NaN,4096,"TI"
3.7,9.0,7.931389557598906,NaN,4096,"TI"
3.8,9.0,8.154847477789742,NaN,4096,"TI"
3.9,9.0,8.373520065716697,NaN,4096,"TI"
4.0,9.0,8.589031653969284,NaN,4096,"TI"
4.1,9.0,8.818955557719578,NaN,4096,"TI"
4.2,9.0,9.034252872649764,NaN,4096,"TI"
4.3,9.0,9.258128686167154,NaN,4096,"TI"
4.4,9.0,9.471825249412914,NaN,4096,"TI"
4.5,9.0,9.690723311707488,NaN,4096,"TI"
4.6,9.0,9.909217992306049,NaN,4096,"TI"
4.7,9.0,10.137181978504437,NaN,4096,"TI"
4.8,9.0,10.360020389097683,NaN,4096,"TI"
4.9,9.0,10.582482049665252,NaN,4096,"TI"
5.0,9.0,10.800302142484256,NaN,4096,"TI"
5.1,9.0,11.0238435532538,NaN,4096,"TI"
5.2,9.0,11.240857637345858,NaN,4096,"TI"
5.3,9.0,11.455119775360437,NaN,4096,"TI"
5.4,9.0,11.665299155387176,NaN,4096,"TI"
5.5,9.0,11.89592304687867,NaN,4096,"TI"
5.6,9.0,12.107790130377422,NaN,4096,"TI"
5.7,9.0,12.324907376607605,NaN,4096,"TI"
5.8,9.0,12.539978054493332,NaN,4096,"TI"
5.9,9.0,12.765227190956884,NaN,4096,"TI"
6.0,9.0,12.985153073587808,NaN,4096,"TI"
6.1,9.0,13.201140129479107,NaN,4096,"TI"
6.2,9.0,13.409792069303956,NaN,4096,"TI"
6.3,9.0,13.622154604119876,NaN,4096,"TI"
6.4,9.0,13.828087836740238,NaN,4096,"TI"
6.5,9.0,14.040403127141529,NaN,4096,"TI"
6.6,9.0,14.252562820997976,NaN,4096,"TI"
6.7,9.0,14.453710284139587,NaN,4096,"TI"
6.8,9.0,14.662901772372397,NaN,4096,"TI"
6.9,9.0,14.870859157426047,NaN,4096,"TI"
7.0,9.0,15.078898394698337,NaN,4096,"TI"
7.1,9.0,15.27662419281394,NaN,4096,"TI"
7.2,9.0,15.470659596619495,NaN,4096,"TI"
7.3,9.0,15.66817075998089,NaN,4096,"TI"
7.4,9.0,15.868012271965778,NaN,4096,"TI"
7.5,9.0,16.064490035774615,NaN,4096,"TI"
7.6,9.0,16.26335958232018,NaN,4096,"TI"
7.7,9.0,16.456147290590827,NaN,4096,"TI"
7.8,9.0,16.653693716736885,NaN,4096,"TI"
7.9,9.0,16.8505792445682,NaN,4096,"TI"
8.0,9.0,17.04776569839086,NaN,4096,"TI"
8.1,9.0,17.244892520567358,NaN,4096,"TI"
8.2,9.0,17.44361647077808,NaN,4096,"TI"
8.3,9.0,17.628529049852006,NaN,4096,"TI"
8.4,9.0,17.828943775360738,NaN,4096,"TI"
8.5,9.0,18.022504143272034,NaN,4096,"TI"
8.6,9.0,18.21339259416757,NaN,4096,"TI"
8.7,9.0,18.409247203580843,NaN,4096,"TI"
8.8,9.0,18.609845671274375,NaN,4096,"TI"
8.9,9.0,18.819671777351452,NaN,4096,"TI"
9.0,9.0,19.058657533792474,NaN,4096,"TI"
